{"graph": "k5e", "genus": 2, "class": 21, "representative": {"1": [3, 4, 5], "2": [3, 5, 4], "3": [1, 2, 4, 5], "4": [1, 2, 3, 5], "5": [1, 2, 3, 4]}, "vertices": {"1": [-0.45524, 0.06476, -0.16795], "2": [0.46782, 0.0, -0.14623], "3": [-0.59897, 0.79995, 0.0], "4": [0.0, -0.12041, 0.09602], "5": [-1.47648, -0.30938, 0.22848]}, "edges": {"1-3": [[-0.45524, 0.06476, -0.16795], [-0.46923, 0.07899, -0.1548], [-0.48294, 0.0933, -0.14096], [-0.49882, 0.10988, -0.12365], [-0.51308, 0.12493, -0.10687], [-0.52673, 0.13761, -0.08772], [-0.5382, 0.14864, -0.06948], [-0.54346, 0.15973, -0.06987], [-0.54942, 0.17102, -0.06991], [-0.55688, 0.18326, -0.0688], [-0.55891, 0.19071, -0.07605], [-0.56094, 0.19828, -0.08323], [-0.56297, 0.20596, -0.09034], [-0.56187, 0.21375, -0.10312], [-0.55653, 0.2155, -0.11417], [-0.55072, 0.21752, -0.12493], [-0.53178, 0.2264, -0.15509], [-0.52826, 0.25703, -0.17825], [-0.53022, 0.29861, -0.19976], [-0.53271, 0.37458, -0.22966], [-0.4996, 0.43982, -0.24758], [-0.49455, 0.51087, -0.24629], [-0.499, 0.6382, -0.20542], [-0.53482, 0.73973, -0.12471], [-0.59897, 0.79995, 0.0]], "2-5": [[0.46782, 0.0, -0.14623], [1.27533, 0.32948, -0.24111], [0.94675, -0.70573, -0.21856], [0.0, 0.01381, -0.15339], [-0.03441, 0.14143, -0.05327], [-0.10292, 0.33488, 0.08312], [-0.15716, 0.42856, 0.09505], [-0.22206, 0.51016, 0.109], [-0.29172, 0.57561, 0.12387], [-0.37736, 0.64926, 0.12343], [-0.43351, 0.68448, 0.12762], [-0.49448, 0.71492, 0.13323], [-0.55925, 0.74111, 0.13791], [-0.62553, 0.76081, 0.14316], [-0.69362, 0.77659, 0.14571], [-0.76139, 0.786, 0.14838], [-0.90068, 0.78827, 0.15187], [-1.02306, 0.76303, 0.16275], [-1.13567, 0.71988, 0.17285], [-1.26251, 0.64518, 0.18285], [-1.41216, 0.49713, 0.19735], [-1.50685, 0.35865, 0.19977], [-1.57719, 0.11918, 0.20845], [-1.55729, -0.11179, 0.22063], [-1.47648, -0.30938, 0.22848]], "1-4": [[-0.45524, 0.06476, -0.16795], [-0.49359, 0.06444, -0.11347], [-0.52382, 0.08932, -0.03987], [-0.52547, 0.09255, 0.03493], [-0.50283, 0.08668, 0.10426], [-0.47687, 0.10495, 0.153], [-0.43737, 0.12507, 0.19644], [-0.39941, 0.12455, 0.21993], [-0.3462, 0.11929, 0.23988], [-0.30464, 0.16299, 0.24835], [-0.28329, 0.16287, 0.24871], [-0.26117, 0.164, 0.24726], [-0.2387, 0.16264, 0.24394], [-0.21756, 0.16582, 0.2387], [-0.19705, 0.1709, 0.23146], [-0.17733, 0.17685, 0.22225], [-0.14192, 0.15374, 0.20501], [-0.10937, 0.12494, 0.18392], [-0.08828, 0.11681, 0.164], [-0.05756, 0.13591, 0.11533], [-0.04183, 0.11099, 0.08924], [0.0, -0.13562, 0.07298], [0.0, -0.13101, 0.08096], [0.0, -0.12593, 0.08865], [0.0, -0.12041, 0.09602], [0.0, -0.12041, 0.09602]], "2-3": [[0.46782, 0.0, -0.14623], [0.46433, -0.00203, -0.15092], [0.46075, -0.00662, -0.15557], [0.45711, -0.0113, -0.16012], [0.44238, -0.01771, -0.17637], [0.42977, -0.02851, -0.18857], [0.41385, -0.03708, -0.20161], [0.38973, -0.03523, -0.21689], [0.36713, -0.04325, -0.22837], [0.34096, -0.04039, -0.23788], [0.32038, -0.06055, -0.24362], [0.30244, -0.06794, -0.24675], [0.28662, -0.06889, -0.24827], [0.26925, -0.06634, -0.24878], [0.24881, -0.07297, -0.2478], [0.22847, -0.0803, -0.24501], [0.1873, -0.08596, -0.23391], [0.14801, -0.09823, -0.21493], [0.11314, -0.08284, -0.19217], [0.06581, -0.0737, -0.14217], [0.03924, -0.07517, -0.09298], [0.0, 0.10133, 0.11598], [-0.09426, 0.34776, 0.0236], [-0.28976, 0.61874, 0.01476], [-0.59897, 0.79995, 0.0]], "3-4": [[-0.59897, 0.79995, 0.0], [-0.28738, 0.61577, 0.0223], [-0.09678, 0.35022, 0.03438], [0.0, 0.13562, 0.07298], [0.05807, -0.14983, -0.11153], [0.11983, -0.16281, -0.18668], [0.23197, -0.23461, -0.23655], [0.3259, -0.25463, -0.24878], [0.43428, -0.26611, -0.23145], [0.4914, -0.23136, -0.1921], [0.52633, -0.23037, -0.16319], [0.56087, -0.23857, -0.13244], [0.59129, -0.24621, -0.09791], [0.60684, -0.23923, -0.04416], [0.63325, -0.25948, 0.01242], [0.65522, -0.28574, 0.05998], [0.65052, -0.32652, 0.14097], [0.68263, -0.42879, 0.21288], [0.74122, -0.55006, 0.24699], [0.89111, -0.70435, 0.22176], [1.15839, -0.74547, 0.13171], [1.4097, -0.63567, 0.0], [0.75371, -0.83272, -0.02966], [0.23824, -0.56446, -0.03288], [0.0, -0.12041, 0.09602]], "4-5": [[0.0, -0.12041, 0.09602], [-0.05361, 0.08973, 0.12], [-0.13095, 0.06339, 0.20676], [-0.26655, 0.0, 0.24878], [-0.26656, -0.02469, 0.24878], [-0.2682, -0.05496, 0.24878], [-0.27058, -0.08424, 0.24877], [-0.27713, -0.13046, 0.24875], [-0.28924, -0.17839, 0.24874], [-0.30504, -0.225, 0.24872], [-0.31915, -0.25892, 0.2487], [-0.33584, -0.29253, 0.24868], [-0.35522, -0.32604, 0.24866], [-0.38032, -0.36452, 0.24861], [-0.40944, -0.40392, 0.24849], [-0.44219, -0.44027, 0.24839], [-0.51007, -0.49315, 0.2485], [-0.56998, -0.52697, 0.24863], [-0.63763, -0.56447, 0.24839], [-0.77089, -0.60728, 0.24787], [-0.89691, -0.63223, 0.24537], [-1.01589, -0.61518, 0.24511], [-1.18257, -0.56847, 0.24097], [-1.34547, -0.46208, 0.23601], [-1.47648, -0.30938, 0.22848]], "1-5": [[-0.45524, 0.06476, -0.16795], [-0.4028, 0.04817, -0.20979], [-0.33362, 0.04287, -0.24005], [-0.26655, 0.0, -0.24878], [-0.24353, -0.06142, -0.24741], [-0.21749, -0.10653, -0.24196], [-0.19248, -0.16607, -0.23015], [-0.1971, -0.26241, -0.21816], [-0.18993, -0.30577, -0.20344], [-0.18573, -0.34167, -0.18832], [-0.20474, -0.38692, -0.18379], [-0.22675, -0.43316, -0.17784], [-0.24794, -0.487, -0.16181], [-0.27979, -0.54655, -0.14246], [-0.30006, -0.58028, -0.12809], [-0.31619, -0.60387, -0.11698], [-0.38324, -0.67758, -0.08014], [-0.48228, -0.74866, -0.03895], [-0.59897, -0.79995, 0.0], [-0.75929, -0.8307, 0.04692], [-0.90503, -0.81967, 0.09808], [-1.0532, -0.77992, 0.13111], [-1.22381, -0.66323, 0.18649], [-1.39243, -0.50058, 0.20614], [-1.47648, -0.30938, 0.22848]], "2-4": [[0.46782, 0.0, -0.14623], [0.50989, 0.0, -0.05172], [0.50989, 0.0, 0.05172], [0.46782, 0.0, 0.14623], [0.56817, 0.23828, 0.12266], [0.77155, 0.34843, 0.08686], [0.98664, 0.33041, 0.07217], [1.0707, 0.29425, 0.09538], [1.12817, 0.23798, 0.0873], [1.18739, 0.16605, 0.10772], [1.20474, 0.1596, 0.13111], [1.22424, 0.15034, 0.1516], [1.24921, 0.13203, 0.17143], [1.28137, 0.14246, 0.20109], [1.3226, 0.16424, 0.22762], [1.35077, 0.18732, 0.23987], [1.44876, 0.31538, 0.23671], [1.48535, 0.4836, 0.14921], [1.4097, 0.63567, 0.0], [1.65704, 0.26312, -0.0188], [1.6763, -0.19072, -0.02941], [1.45927, -0.58556, -0.03489], [0.81175, -0.83515, -0.04779], [0.27497, -0.6001, -0.04339], [0.0, -0.12041, 0.09602]], "3-5": [[-0.59897, 0.79995, 0.0], [-0.69132, 0.78437, -0.13381], [-0.77638, 0.69552, -0.22409], [-0.83697, 0.58378, -0.24865], [-0.87497, 0.48656, -0.2253], [-0.89035, 0.4061, -0.16632], [-0.9218, 0.3623, -0.10697], [-0.93806, 0.34044, -0.05417], [-0.98111, 0.32108, -0.00133], [-0.96647, 0.3317, 0.05042], [-0.98808, 0.33067, 0.07464], [-1.01231, 0.32979, 0.09815], [-1.01387, 0.34074, 0.11987], [-1.02579, 0.34577, 0.1359], [-1.04744, 0.34805, 0.15259], [-1.08181, 0.34679, 0.17166], [-1.1307, 0.33906, 0.19236], [-1.16308, 0.33185, 0.20416], [-1.21065, 0.32569, 0.22166], [-1.28383, 0.29638, 0.23745], [-1.33141, 0.24485, 0.2414], [-1.37627, 0.21257, 0.24658], [-1.46325, 0.03744, 0.24843], [-1.48014, -0.10702, 0.24585], [-1.47648, -0.30938, 0.22848]]}}