{"graph": "k5e", "genus": 2, "class": 37, "representative": {"1": [3, 4, 5], "2": [3, 5, 4], "3": [1, 4, 2, 5], "4": [1, 3, 2, 5], "5": [1, 3, 2, 4]}, "vertices": {"1": [1.49989, 0.39059, -0.19192], "2": [-0.48071, 0.60054, 0.21936], "3": [1.7, -0.0, 0.0], "4": [-1.32666, 0.53368, 0.21937], "5": [-0.48143, 0.06057, -0.1333]}, "edges": {"1-3": [[1.49989, 0.39059, -0.19192], [1.5421, 0.33728, -0.18202], [1.58835, 0.265, -0.16768], [1.62596, 0.18592, -0.152], [1.65917, 0.05078, -0.13407], [1.65924, -0.10778, -0.12474], [1.62742, -0.26018, -0.11794], [1.59135, -0.35606, -0.11211], [1.55132, -0.43854, -0.10116], [1.50408, -0.51117, -0.09283], [1.47762, -0.54594, -0.08768], [1.44919, -0.57925, -0.08249], [1.4189, -0.61099, -0.07726], [1.37515, -0.64831, -0.07743], [1.33321, -0.67995, -0.07655], [1.30552, -0.70048, -0.07103], [1.25968, -0.73071, -0.06144], [1.18682, -0.76584, -0.06264], [1.10878, -0.79439, -0.0639], [1.13734, -0.78629, -0.0585], [1.16761, -0.77677, -0.05078], [1.19113, -0.76867, -0.04284], [1.45277, -0.59364, -0.02645], [1.63791, -0.31594, -0.01518], [1.7, -0.0, 0.0]], "3-4": [[1.7, -0.0, 0.0], [1.63652, -0.23402, 0.11662], [1.50069, -0.35736, 0.2041], [1.34622, -0.40401, 0.24543], [1.16319, -0.40425, 0.23331], [1.02135, -0.37398, 0.16678], [0.93119, -0.34754, 0.07454], [0.88645, -0.34355, -0.0234], [0.7959, -0.37137, -0.12402], [0.71883, -0.41334, -0.19386], [0.65159, -0.44709, -0.22801], [0.56274, -0.46068, -0.24474], [0.47494, -0.46399, -0.24858], [0.38937, -0.45402, -0.24124], [0.30903, -0.44628, -0.22016], [0.23306, -0.39786, -0.19904], [0.14352, -0.32264, -0.15769], [0.07737, -0.24275, -0.10397], [0.0, 0.11401, -0.10354], [-0.11161, 0.36171, 0.07285], [-0.25268, 0.54875, 0.1054], [-0.43995, 0.69269, 0.12134], [-0.73457, 0.77759, 0.15433], [-1.04342, 0.73861, 0.18259], [-1.32666, 0.53368, 0.21937]], "2-3": [[-0.48071, 0.60054, 0.21936], [-0.26658, 0.49845, 0.16983], [-0.10909, 0.32441, 0.10692], [0.0, -0.02944, -0.15117], [1.02427, -0.60914, -0.24573], [1.10708, 0.24694, -0.05674], [0.26655, 0.0, 0.24878], [0.2615, -0.02843, 0.24871], [0.25705, -0.05027, 0.24851], [0.25198, -0.06221, 0.24815], [0.24465, -0.08462, 0.24723], [0.24113, -0.12196, 0.24596], [0.24049, -0.16716, 0.24406], [0.24239, -0.20387, 0.24216], [0.24664, -0.24094, 0.23997], [0.2559, -0.27785, 0.23826], [0.2794, -0.31864, 0.23903], [0.30592, -0.35767, 0.23981], [0.33153, -0.39381, 0.23991], [0.36289, -0.46074, 0.23394], [0.42188, -0.5306, 0.2299], [0.48543, -0.59559, 0.22282], [0.63359, -0.70545, 0.19981], [0.82983, -0.73946, 0.20019], [1.01518, -0.75301, 0.1751], [1.30098, -0.67501, 0.12591], [1.58613, -0.40638, 0.06272], [1.7, -0.0, 0.0]], "3-5": [[1.7, -0.0, 0.0], [1.24123, -0.74839, -0.01885], [0.40244, -0.7055, -0.02032], [0.0, -0.07557, 0.13419], [-0.04459, 0.08837, 0.10238], [-0.09158, 0.0732, 0.17333], [-0.16538, 0.1284, 0.22166], [-0.22355, 0.12968, 0.24237], [-0.28329, 0.13948, 0.24878], [-0.34302, 0.10966, 0.24015], [-0.37566, 0.10902, 0.22911], [-0.40955, 0.12455, 0.21448], [-0.43125, 0.12629, 0.20112], [-0.45411, 0.12914, 0.18398], [-0.46733, 0.12033, 0.16885], [-0.48135, 0.11658, 0.15166], [-0.50169, 0.11214, 0.11996], [-0.51282, 0.10625, 0.09404], [-0.52667, 0.11458, 0.06206], [-0.53077, 0.10479, 0.02101], [-0.53388, 0.1118, -0.00839], [-0.52695, 0.1046, -0.04696], [-0.51079, 0.08277, -0.08297], [-0.49539, 0.06732, -0.11096], [-0.48143, 0.06057, -0.1333]], "2-4": [[-0.48071, 0.60054, 0.21936], [-0.54557, 0.62189, 0.22599], [-0.63243, 0.6431, 0.23213], [-0.71267, 0.63022, 0.24271], [-0.77447, 0.62998, 0.24499], [-0.84112, 0.6248, 0.24662], [-0.91512, 0.59608, 0.2487], [-0.9531, 0.58236, 0.24877], [-0.99177, 0.56792, 0.24862], [-1.03032, 0.55194, 0.24836], [-1.04656, 0.54625, 0.24834], [-1.06247, 0.53985, 0.24831], [-1.07817, 0.53299, 0.24827], [-1.09188, 0.5284, 0.24834], [-1.10549, 0.52345, 0.2484], [-1.11901, 0.51815, 0.24846], [-1.1382, 0.51592, 0.24872], [-1.15726, 0.51326, 0.24878], [-1.17555, 0.51094, 0.24863], [-1.19731, 0.51706, 0.24746], [-1.22147, 0.51979, 0.24531], [-1.24383, 0.51975, 0.24275], [-1.27089, 0.5207, 0.23824], [-1.29261, 0.5299, 0.23097], [-1.32666, 0.53368, 0.21937]], "4-5": [[-1.32666, 0.53368, 0.21937], [-1.47425, 0.31338, 0.22856], [-1.50989, 0.06402, 0.24098], [-1.43782, -0.17968, 0.2484], [-1.36823, -0.29582, 0.24876], [-1.23097, -0.40307, 0.2449], [-1.09091, -0.44572, 0.23199], [-1.00243, -0.45665, 0.2213], [-0.92855, -0.4488, 0.20689], [-0.83915, -0.42993, 0.18884], [-0.79728, -0.41303, 0.17708], [-0.75753, -0.39178, 0.16333], [-0.72139, -0.36765, 0.14821], [-0.69182, -0.34296, 0.13203], [-0.66429, -0.31679, 0.1151], [-0.64948, -0.29664, 0.09667], [-0.61757, -0.25833, 0.06967], [-0.58656, -0.21419, 0.03799], [-0.56076, -0.17074, -0.00108], [-0.53145, -0.11987, -0.05028], [-0.49947, -0.062, -0.10042], [-0.46782, 0.0, -0.14623], [-0.47119, 0.01881, -0.14213], [-0.476, 0.04021, -0.13749], [-0.48143, 0.06057, -0.1333]], "1-4": [[1.49989, 0.39059, -0.19192], [1.61456, -0.17373, -0.16847], [1.25746, -0.68735, -0.14492], [0.72333, -0.8066, -0.10492], [0.38686, -0.67818, -0.08462], [0.14492, -0.43373, -0.05309], [0.0, -0.15393, 0.00494], [-0.09773, 0.2173, 0.14899], [-0.24911, 0.33882, 0.22542], [-0.42049, 0.3634, 0.24772], [-0.64009, 0.35794, 0.17896], [-0.81734, 0.34197, -0.02147], [-0.94726, 0.4071, -0.17607], [-1.09371, 0.45472, -0.23538], [-1.28591, 0.4526, -0.24698], [-1.46823, 0.38326, -0.21362], [-1.5912, 0.27512, -0.16065], [-1.68257, 0.05675, -0.08637], [-1.67891, -0.18717, 0.0], [-1.69872, -0.02175, 0.02225], [-1.68453, 0.12721, 0.0531], [-1.63221, 0.29363, 0.08205], [-1.57989, 0.38302, 0.10805], [-1.53101, 0.445, 0.12728], [-1.44489, 0.53362, 0.14765], [-1.39335, 0.55162, 0.17609], [-1.36058, 0.54299, 0.20075], [-1.32666, 0.53368, 0.21937]], "2-5": [[-0.48071, 0.60054, 0.21936], [-0.6613, 0.59732, 0.24604], [-0.9212, 0.52143, 0.23954], [-1.0532, 0.38777, 0.19167], [-1.15756, 0.18644, 0.0646], [-1.21862, 0.02332, -0.09023], [-1.27772, -0.21991, -0.21832], [-1.16106, -0.54768, -0.24656], [-0.8291, -0.77345, -0.16994], [-0.33446, -0.65761, 0.0], [-0.2953, -0.62325, 0.02044], [-0.27059, -0.59634, 0.04119], [-0.26062, -0.58059, 0.06039], [-0.25788, -0.56699, 0.08472], [-0.23722, -0.53338, 0.10227], [-0.22742, -0.50321, 0.12498], [-0.21459, -0.41044, 0.18013], [-0.21836, -0.32827, 0.21368], [-0.24391, -0.2387, 0.23949], [-0.32112, -0.1383, 0.246], [-0.40654, -0.05464, 0.20786], [-0.46782, 0.0, 0.14623], [-0.50984, 0.02278, 0.05535], [-0.51349, 0.04245, -0.04679], [-0.48143, 0.06057, -0.1333]], "1-5": [[1.49989, 0.39059, -0.19192], [0.96365, 0.71036, -0.21469], [0.42063, 0.50663, -0.23638], [0.26655, 0.0, -0.24878], [0.13491, -0.03535, -0.21056], [0.05313, -0.05809, -0.12428], [0.0, 0.07557, 0.13419], [-0.00567, 0.10037, 0.09412], [-0.02387, 0.1355, 0.02471], [-0.03585, 0.17295, 0.00721], [-0.04142, 0.19783, 0.00526], [-0.0517, 0.23638, 0.00371], [-0.06362, 0.27376, 0.00478], [-0.07921, 0.31518, 0.0085], [-0.09232, 0.34528, 0.0137], [-0.11487, 0.39166, 0.01231], [-0.17175, 0.48496, 0.00605], [-0.24639, 0.57641, 0.00479], [-0.33446, 0.65761, 0.0], [-0.26231, 0.56372, -0.09851], [-0.22526, 0.44433, -0.17008], [-0.24932, 0.3274, -0.22798], [-0.31795, 0.22701, -0.24872], [-0.41566, 0.10705, -0.20808], [-0.48143, 0.06057, -0.1333]]}}