{"graph": "k5e", "genus": 2, "class": 16, "representative": {"1": [3, 4, 5], "2": [3, 4, 5], "3": [1, 2, 5, 4], "4": [1, 2, 3, 5], "5": [1, 2, 4, 3]}, "vertices": {"1": [0.26143, -0.58688, -0.09946], "2": [0.53511, -0.00208, -0.00208], "3": [0.70955, 0.84379, 0.00208], "4": [-0.53511, 0.00208, -0.00208], "5": [-1.00862, 0.31373, 0.11428]}, "edges": {"1-3": [[0.26143, -0.58688, -0.09946], [0.30719, -0.64031, -0.0821], [0.34573, -0.66561, -0.08888], [0.3844, -0.691, -0.09566], [0.42331, -0.71656, -0.10243], [0.46936, -0.73966, -0.10734], [0.5152, -0.75441, -0.11722], [0.5607, -0.77074, -0.12347], [0.61027, -0.78737, -0.12962], [0.65808, -0.79592, -0.13237], [0.70606, -0.80408, -0.13584], [0.75415, -0.81176, -0.14016], [0.80696, -0.81442, -0.14257], [0.85626, -0.81344, -0.14427], [0.90573, -0.81213, -0.14655], [0.95819, -0.80686, -0.15048], [1.00604, -0.79611, -0.15146], [1.05404, -0.78507, -0.15289], [1.10219, -0.77382, -0.15463], [1.14782, -0.74801, -0.16325], [1.19061, -0.72442, -0.16788], [1.23323, -0.70044, -0.17299], [1.27704, -0.67179, -0.17619], [1.31598, -0.64183, -0.1777], [1.35428, -0.61122, -0.1802], [1.39347, -0.57694, -0.18284], [1.42608, -0.54098, -0.18265], [1.45771, -0.50429, -0.18381], [1.48829, -0.46687, -0.18639], [1.51597, -0.42294, -0.18596], [1.54013, -0.38051, -0.18628], [1.56325, -0.33749, -0.18795], [1.58372, -0.28942, -0.18789], [1.59966, -0.24302, -0.18697], [1.61457, -0.19624, -0.18728], [1.62729, -0.14552, -0.1872], [1.63438, -0.09717, -0.18498], [1.64023, -0.0486, -0.18415], [1.64461, 0.00326, -0.18459], [1.6422, 0.05154, -0.18162], [1.63843, 0.09985, -0.18017], [1.63331, 0.14812, -0.18022], [1.62226, 0.19891, -0.17819], [1.60898, 0.24598, -0.17606], [1.59449, 0.29285, -0.17527], [1.57552, 0.34165, -0.17376], [1.55375, 0.3856, -0.17027], [1.53104, 0.4293, -0.16784], [1.50536, 0.4751, -0.16608], [1.47674, 0.51453, -0.16037], [1.44857, 0.55478, -0.15124], [1.41793, 0.59319, -0.14613], [1.38037, 0.6306, -0.13862], [1.34356, 0.6635, -0.12994], [1.30641, 0.69657, -0.12138], [1.26766, 0.73247, -0.10344], [1.22681, 0.75671, -0.08634], [1.18485, 0.78135, -0.06949], [1.14128, 0.80638, -0.04868], [1.0903, 0.82201, -0.04264], [1.04009, 0.83324, -0.03743], [0.98717, 0.84486, -0.03392], [0.92651, 0.85328, -0.03196], [0.86741, 0.85337, -0.0311], [0.80631, 0.85329, -0.03181], [0.74003, 0.84697, -0.0329], [0.65669, 0.82809, -0.04384], [0.70955, 0.84379, 0.00208]], "2-4": [[0.53511, -0.00208, -0.00208], [0.53007, -0.03524, -0.06608], [0.52787, -0.05325, -0.07868], [0.52567, -0.07117, -0.09125], [0.52555, -0.0847, -0.10475], [0.53895, -0.10013, -0.08006], [0.55272, -0.11512, -0.04969], [0.56126, -0.1315, -0.0204], [0.56865, -0.14376, 0.01591], [0.5748, -0.16163, 0.0505], [0.57405, -0.18394, 0.09066], [0.56828, -0.2101, 0.1303], [0.55804, -0.23679, 0.1685], [0.54725, -0.27131, 0.20205], [0.53706, -0.30847, 0.22574], [0.52396, -0.35193, 0.24587], [0.51141, -0.39769, 0.25991], [0.50276, -0.44658, 0.26742], [0.50012, -0.49274, 0.26742], [0.49838, -0.54273, 0.26017], [0.50009, -0.59219, 0.24757], [0.50745, -0.64104, 0.22871], [0.52226, -0.67704, 0.20908], [0.53694, -0.71345, 0.18351], [0.55232, -0.74655, 0.15602], [0.57003, -0.77113, 0.12945], [0.58637, -0.79472, 0.09897], [0.6084, -0.81158, 0.07089], [0.62674, -0.82244, 0.0372], [0.60885, -0.82053, 0.01943], [0.57464, -0.81067, 0.00401], [0.54563, -0.79628, -0.0169], [0.50933, -0.78019, -0.01628], [0.47084, -0.76307, -0.01616], [0.42644, -0.74254, -0.01628], [0.38855, -0.71512, -0.01544], [0.34909, -0.68659, -0.01433], [0.3086, -0.65737, -0.01282], [0.26697, -0.62119, -0.01036], [0.23238, -0.58331, -0.00685], [0.19673, -0.54403, -0.00489], [0.15916, -0.50004, -0.00717], [0.13234, -0.45391, -0.01185], [0.10343, -0.40408, -0.00793], [0.07388, -0.35272, -0.00798], [0.05657, -0.30896, -0.00037], [0.05134, -0.26221, 0.01558], [0.03084, -0.21615, 0.02209], [0.00538, -0.17976, 0.03772], [0.02209, -0.15012, 0.06663], [0.01679, -0.10424, 0.07731], [0.01482, -0.07015, 0.09433], [-0.03526, -0.04542, 0.12612], [-0.05731, -0.02152, 0.16484], [-0.08244, 0.00345, 0.19487], [-0.11792, 0.02205, 0.22093], [-0.15675, 0.03896, 0.24203], [-0.20245, 0.04202, 0.25883], [-0.25051, 0.0439, 0.26742], [-0.29529, 0.04385, 0.26742], [-0.34527, 0.04096, 0.25758], [-0.39395, 0.03651, 0.23773], [-0.43882, 0.03132, 0.20782], [-0.47738, 0.02631, 0.16867], [-0.50754, 0.02258, 0.1217], [-0.52817, 0.02368, 0.06818], [-0.53511, 0.00208, -0.00208]], "1-4": [[0.26143, -0.58688, -0.09946], [0.21775, -0.56058, -0.04833], [0.1954, -0.53498, -0.05336], [0.17263, -0.50962, -0.0538], [0.15074, -0.47513, -0.06042], [0.12958, -0.44088, -0.06156], [0.10632, -0.40274, -0.06293], [0.08694, -0.36698, -0.05727], [0.06694, -0.32486, -0.05179], [0.04652, -0.28217, -0.04287], [0.02562, -0.23556, -0.01962], [0.00416, -0.19716, -0.01087], [0.01924, -0.14617, 0.00866], [0.01419, -0.10641, 0.02856], [-0.01069, -0.06293, 0.05787], [0.00414, -0.01073, 0.07871], [-0.02861, 0.00833, 0.12186], [-0.05528, 0.03257, 0.1613], [-0.0854, 0.05371, 0.19229], [-0.12384, 0.07202, 0.22141], [-0.17098, 0.08402, 0.24626], [-0.22126, 0.08816, 0.2618], [-0.27498, 0.08951, 0.26742], [-0.33048, 0.08847, 0.26178], [-0.38543, 0.08534, 0.24381], [-0.437, 0.08094, 0.21294], [-0.48196, 0.07595, 0.16936], [-0.51686, 0.07053, 0.11429], [-0.53726, 0.06211, 0.04584], [-0.53915, 0.06165, -0.02736], [-0.53511, 0.00208, -0.00208]],