{"graph": "k5e", "genus": 2, "class": 19, "representative": {"1": [3, 4, 5], "2": [3, 4, 5], "3": [1, 2, 5, 4], "4": [1, 5, 2, 3], "5": [1, 4, 2, 3]}, "vertices": {"1": [-0.5456, -0.31313, 0.19893], "2": [1.19929, -0.19318, 0.14669], "3": [0.0, -0.0, -0.15401], "4": [-1.37931, -0.61184, -0.13196], "5": [0.46782, 0.0, 0.14623]}, "edges": {"1-3": [[-0.5456, -0.31313, 0.19893], [-0.61947, -0.36941, 0.19685], [-0.71211, -0.41706, 0.19832], [-0.83159, -0.43375, 0.19239], [-0.94359, -0.42297, 0.18969], [-1.05834, -0.38034, 0.18805], [-1.14614, -0.30398, 0.17771], [-1.20952, -0.24224, 0.18515], [-1.25428, -0.15945, 0.18529], [-1.29457, -0.04631, 0.19523], [-1.30255, 0.0123, 0.1996], [-1.30657, 0.06705, 0.20588], [-1.30537, 0.11799, 0.21179], [-1.29795, 0.16474, 0.21603], [-1.2859, 0.22515, 0.22334], [-1.26257, 0.30056, 0.2323], [-1.17012, 0.39742, 0.23287], [-1.10585, 0.47166, 0.24145], [-1.02201, 0.53677, 0.2468], [-0.8593, 0.62359, 0.24681], [-0.71837, 0.6479, 0.23854], [-0.5558, 0.63269, 0.22353], [-0.31569, 0.54224, 0.17664], [-0.11446, 0.34038, 0.10352], [0.0, -0.0, -0.15401]], "2-4": [[1.19929, -0.19318, 0.14669], [1.12627, -0.25214, 0.10652], [1.0828, -0.27166, 0.06443], [1.01751, -0.30509, 0.01239], [0.95222, -0.33421, -0.04126], [0.90136, -0.35686, -0.08732], [0.80113, -0.38745, -0.14713], [0.7587, -0.41412, -0.18506], [0.6811, -0.43852, -0.2184], [0.57723, -0.44467, -0.23987], [0.51117, -0.4392, -0.24669], [0.45232, -0.42849, -0.24877], [0.41045, -0.43136, -0.24698], [0.32969, -0.40188, -0.23808], [0.2794, -0.38782, -0.22556], [0.23548, -0.35744, -0.21436], [0.14412, -0.28625, -0.1742], [0.06736, -0.19597, -0.11011], [0.0, 0.15401, -0.0], [-0.51931, 0.75959, 0.06659], [-1.52271, 0.50463, 0.05966], [-1.4097, -0.63567, 0.0], [-1.39049, -0.64595, -0.04734], [-1.40768, -0.61202, -0.09554], [-1.37931, -0.61184, -0.13196]], "1-4": [[-0.5456, -0.31313, 0.19893], [-0.59955, -0.30792, 0.16088], [-0.67162, -0.31673, 0.10744], [-0.72689, -0.32167, 0.04522], [-0.77403, -0.33294, -0.00399], [-0.81725, -0.3452, -0.04525], [-0.86602, -0.36231, -0.09494], [-0.92696, -0.37578, -0.13269], [-0.96888, -0.39182, -0.16592], [-0.99877, -0.41546, -0.19542], [-1.02783, -0.41527, -0.20286], [-1.05818, -0.41279, -0.20964], [-1.08894, -0.40818, -0.2158], [-1.10091, -0.42288, -0.22549], [-1.11214, -0.43998, -0.23393], [-1.14056, -0.44543, -0.24005], [-1.20358, -0.43965, -0.24649], [-1.25066, -0.44261, -0.24878], [-1.30956, -0.42869, -0.24701], [-1.36412, -0.42759, -0.23886], [-1.42072, -0.42793, -0.22117], [-1.46669, -0.40948, -0.20528], [-1.43863, -0.48114, -0.18961], [-1.4141, -0.54921, -0.16221], [-1.37931, -0.61184, -0.13196]], "4-5": [[-1.37931, -0.61184, -0.13196], [-1.63634, -0.2719, -0.09162], [-1.66485, 0.22685, -0.04351], [-1.4097, 0.63567, 0.0], [-0.76798, 0.83513, 0.0229], [-0.24055, 0.56774, 0.02877], [0.0, 0.09899, 0.11798], [0.03333, -0.06008, -0.08047], [0.0514, -0.1112, -0.11074], [0.07596, -0.08767, -0.15387], [0.10638, -0.09896, -0.18471], [0.15072, -0.14361, -0.21196], [0.19926, -0.14604, -0.23443], [0.24243, -0.14356, -0.24544], [0.28561, -0.14845, -0.24878], [0.32796, -0.13197, -0.24463], [0.38141, -0.10493, -0.22624], [0.43103, -0.11079, -0.19819], [0.46495, -0.09486, -0.16393], [0.46196, -0.06152, -0.15981], [0.46344, -0.02882, -0.15342], [0.46782, 0.0, -0.14623], [0.50954, 0.0, -0.05337], [0.51039, 0.0, 0.04934], [0.46782, 0.0, 0.14623]], "2-3": [[1.19929, -0.19318, 0.14669], [1.14124, -0.22226, 0.08721], [1.1101, -0.23636, 0.02611], [1.06889, -0.27614, -0.0408], [1.03389, -0.31456, -0.08887], [0.99389, -0.35561, -0.13025], [0.96476, -0.39243, -0.16536], [0.95145, -0.42404, -0.19192], [0.89355, -0.46517, -0.21459], [0.88545, -0.49936, -0.23104], [0.85677, -0.5192, -0.23779], [0.79621, -0.54179, -0.24431], [0.74619, -0.55889, -0.24779], [0.70359, -0.56687, -0.24874], [0.65218, -0.56761, -0.2485], [0.6081, -0.57629, -0.24614], [0.5472, -0.59352, -0.23622], [0.47545, -0.5807, -0.22621], [0.38253, -0.55676, -0.20538], [0.22984, -0.46268, -0.16231], [0.0981, -0.30616, -0.10013], [0.0, 0.02674, -0.15167], [0.0, 0.01788, -0.15297], [0.0, 0.00895, -0.15375], [0.0, -0.0, -0.15401], [0.0, -0.0, -0.15401]], "3-5": [[0.0, -0.0, -0.15401], [0.0944, -0.30895, -0.08926], [0.22488, -0.48298, -0.14141], [0.34653, -0.57592, -0.17329], [0.52095, -0.65553, -0.20203], [0.63952, -0.6877, -0.21241], [0.8108, -0.67888, -0.2326], [0.93163, -0.66433, -0.2369], [1.05108, -0.5869, -0.2475], [1.15186, -0.49625, -0.24826], [1.20124, -0.44963, -0.24729], [1.22687, -0.4034, -0.24443], [1.2526, -0.35251, -0.24044], [1.29668, -0.28194, -0.23825], [1.30963, -0.19823, -0.22783], [1.31574, -0.13453, -0.22004], [1.3026, -0.02046, -0.19986], [1.26765, 0.09805, -0.17976], [1.1982, 0.20919, -0.15609], [1.08163, 0.29954, -0.11794], [0.95826, 0.34658, -0.09036], [0.8344, 0.34664, -0.04416], [0.68322, 0.29574, 0.01454], [0.55396, 0.18626, 0.08159], [0.46782, 0.0, 0.14623]], "1-5": [[-0.5456, -0.31313, 0.19893], [-0.44741, -0.24939, 0.22255], [-0.34194, -0.13572, 0.24196], [-0.26655, 0.0, 0.24878], [-0.21821, 0.01428, 0.24401], [-0.17359, 0.02861, 0.23052], [-0.13216, 0.04662, 0.20839], [-0.10341, 0.04237, 0.18678], [-0.08124, 0.04215, 0.1647], [-0.0602, 0.0554, 0.13607], [-0.05218, 0.07476, 0.12018], [-0.04397, 0.08146, 0.1026], [-0.03679, 0.05583, 0.09071], [-0.02975, 0.03659, 0.07372], [-0.02291, 0.0288, 0.05513], [0.0, -0.09899, 0.11798], [0.10941, -0.37928, -0.02371], [0.33358, -0.65643, -0.01367], [0.71283, -0.82834, 0.0], [0.45779, -0.71116, 0.10796], [0.32264, -0.52528, 0.1919], [0.26806, -0.31403, 0.23664], [0.33173, -0.20734, 0.24743], [0.40301, -0.05388, 0.21006], [0.46782, 0.0, 0.14623]], "2-5": [[1.19929, -0.19318, 0.14669], [1.31868, -0.07914, 0.21465], [1.41412, 0.11693, 0.24753], [1.41826, 0.36741, 0.23659], [1.25318, 0.64228, 0.18939], [1.03592, 0.80087, 0.09984], [0.71283, 0.82834, 0.0], [0.76055, 0.83383, -0.02732], [0.83162, 0.83417, -0.0565], [0.86934, 0.82566, -0.08615], [0.86366, 0.81815, -0.10436], [0.87994, 0.81083, -0.11845], [0.89589, 0.80232, -0.13205], [0.90355, 0.79256, -0.14593], [0.89438, 0.78079, -0.16147], [0.89786, 0.77196, -0.17109], [0.87356, 0.75088, -0.1916], [0.85852, 0.72187, -0.21239], [0.87154, 0.68758, -0.22978], [0.79988, 0.61672, -0.24729], [0.71452, 0.54488, -0.24713], [0.67954, 0.47391, -0.23358], [0.56988, 0.2635, -0.14627], [0.54052, 0.12969, -0.01022], [0.46782, 0.0, 0.14623]], "3-4": [[0.0, -0.0, -0.15401], [-0.0938, 0.29344, 0.10158], [-0.18673, 0.3919, 0.16552], [-0.28818, 0.44411, 0.21162], [-0.3409, 0.41558, 0.23821], [-0.40992, 0.37433, 0.24866], [-0.5062, 0.35712, 0.23177], [-0.51816, 0.27834, 0.19666], [-0.54479, 0.24351, 0.15462], [-0.56886, 0.22391, 0.10415], [-0.56481, 0.1945, 0.06639], [-0.56856, 0.18707, 0.03005], [-0.56998, 0.18599, -0.00471], [-0.55432, 0.16715, -0.04369], [-0.53806, 0.15693, -0.08111], [-0.51464, 0.14191, -0.11617], [-0.47228, 0.12338, -0.16463], [-0.43886, 0.10458, -0.19093], [-0.37949, 0.08164, -0.22505], [-0.34004, 0.07422, -0.23925], [-0.30226, 0.05016, -0.24652], [-0.26655, 0.0, -0.24878], [-0.35341, -0.46498, -0.23014], [-0.78943, -0.74322, -0.19529], [-1.37931, -0.61184, -0.13196]]}}