{"graph": "k5e", "genus": 2, "class": 9, "representative": {"1": [3, 4, 5], "2": [3, 4, 5], "3": [1, 2, 4, 5], "4": [1, 3, 2, 5], "5": [1, 3, 4, 2]}, "vertices": {"1": [0.98097, 0.44261, 0.21012], "2": [-0.96908, -0.65654, 0.23771], "3": [0.26655, 0.0, 0.24878], "4": [0.67085, -0.68269, -0.2202], "5": [0.26655, 0.0, -0.24878]}, "edges": {"1-3": [[0.98097, 0.44261, 0.21012], [0.94397, 0.43525, 0.19934], [0.90891, 0.42577, 0.18739], [0.8778, 0.41474, 0.17466], [0.8503, 0.4071, 0.16617], [0.82389, 0.39809, 0.15733], [0.79034, 0.3903, 0.15314], [0.76062, 0.38329, 0.15238], [0.73197, 0.37403, 0.15146], [0.70594, 0.36279, 0.1498], [0.6904, 0.35729, 0.15153], [0.67505, 0.35114, 0.15323], [0.66055, 0.34153, 0.15142], [0.64187, 0.33468, 0.15642], [0.62821, 0.32761, 0.15861], [0.61476, 0.32001, 0.16079], [0.58604, 0.30539, 0.16874], [0.55782, 0.2888, 0.17667], [0.5303, 0.26987, 0.18428], [0.49523, 0.24684, 0.19631], [0.45857, 0.21769, 0.20789], [0.42172, 0.18273, 0.21874], [0.35892, 0.12262, 0.23638], [0.31343, 0.07042, 0.24515], [0.26655, 0.0, 0.24878]], "2-4": [[-0.96908, -0.65654, 0.23771], [-1.22658, -0.65879, 0.1887], [-1.57274, -0.41537, 0.08565], [-1.7, 0.0, 0.0], [-1.6115, 0.2595, -0.14273], [-1.45725, 0.32565, -0.23235], [-1.24933, 0.36625, -0.24216], [-1.05693, 0.33748, -0.14655], [-0.97373, 0.32394, -0.0083], [-0.85888, 0.38315, 0.13467], [-0.7985, 0.45929, 0.21267], [-0.65772, 0.5255, 0.24701], [-0.50797, 0.55317, 0.24074], [-0.32377, 0.5219, 0.19448], [-0.11927, 0.34526, 0.10845], [0.0, 0.0193, -0.15279], [0.00527, -0.01075, -0.14827], [0.02875, -0.09776, -0.12694], [0.07539, -0.25512, -0.09372], [0.10868, -0.33128, -0.10008], [0.17998, -0.43011, -0.13124], [0.25921, -0.51097, -0.15384], [0.36674, -0.58393, -0.18038], [0.54916, -0.66431, -0.20522], [0.67085, -0.68269, -0.2202]], "4-5": [[0.67085, -0.68269, -0.2202], [0.64505, -0.65724, -0.22831], [0.6241, -0.62755, -0.23634], [0.57272, -0.57665, -0.24341], [0.53816, -0.54281, -0.24584], [0.51811, -0.51999, -0.24704], [0.50779, -0.50021, -0.24807], [0.49454, -0.48605, -0.24832], [0.48176, -0.47153, -0.24852], [0.45206, -0.44768, -0.24846], [0.43844, -0.43397, -0.2485], [0.42651, -0.42198, -0.2485], [0.41763, -0.41464, -0.24843], [0.40794, -0.40818, -0.24827], [0.39834, -0.4015, -0.24808], [0.38884, -0.39461, -0.24786], [0.36561, -0.37875, -0.24702], [0.33775, -0.35385, -0.24593], [0.30862, -0.32235, -0.2446], [0.26787, -0.26704, -0.24235], [0.2349, -0.22142, -0.2388], [0.20652, -0.1836, -0.23367], [0.21877, -0.12453, -0.24149], [0.23812, -0.06277, -0.24677], [0.26655, 0.0, -0.24878]], "2-3": [[-0.96908, -0.65654, 0.23771], [-0.6483, -0.48742, 0.24109], [-0.51709, -0.21532, 0.16251], [-0.51533, 0.0, 0.0], [-0.50172, 0.02716, 0.08408], [-0.4635, 0.04031, 0.15462], [-0.41175, 0.06957, 0.20577], [-0.32787, 0.08806, 0.24283], [-0.2535, 0.12113, 0.24752], [-0.18117, 0.14642, 0.22735], [-0.13782, 0.14039, 0.20409], [-0.10156, 0.11712, 0.17782], [-0.07526, 0.11852, 0.14769], [-0.05484, 0.14269, 0.10767], [-0.04213, 0.11897, 0.08709], [0.0, -0.14647, 0.04759], [0.0666, -0.27676, -0.03056], [0.09495, -0.34507, -0.03763], [0.15299, -0.45472, -0.02671], [0.30036, -0.6266, -0.02927], [0.47363, -0.74727, -0.01376], [0.71283, -0.82834, 0.0], [0.31817, -0.60482, 0.11813], [0.18042, -0.2697, 0.20715], [0.26655, 0.0, 0.24878]], "3-4": [[0.26655, 0.0, 0.24878], [0.23625, -0.3976, 0.20113], [0.62721, -0.7786, 0.11616], [1.27944, -0.72843, 0.0], [1.19442, -0.76997, -0.02449], [1.10496, -0.79919, -0.04914], [1.0198, -0.82057, -0.04922], [0.97111, -0.82811, -0.05172], [0.92679, -0.83118, -0.05926], [0.88835, -0.83024, -0.07104], [0.87161, -0.82855, -0.07776], [0.85495, -0.82635, -0.08441], [0.83839, -0.82362, -0.091], [0.82489, -0.8204, -0.09776], [0.81553, -0.81703, -0.10433], [0.81049, -0.81369, -0.11069], [0.79864, -0.80747, -0.12099], [0.78648, -0.8006, -0.13094], [0.7747, -0.79312, -0.1406], [0.76505, -0.78214, -0.15397], [0.75233, -0.76935, -0.16704], [0.7422, -0.75632, -0.17885], [0.72249, -0.73663, -0.19314], [0.6921, -0.71089, -0.20709], [0.67085, -0.68269, -0.2202]], "2-5": [[-0.96908, -0.65654, 0.23771], [-1.03634, -0.60885, 0.24524], [-1.09294, -0.56993, 0.24764], [-1.14062, -0.52972, 0.24866], [-1.2999, -0.4283, 0.24777], [-1.42401, -0.30619, 0.24362], [-1.49673, -0.12278, 0.24211], [-1.54904, 0.02142, 0.2286], [-1.54864, 0.19418, 0.21554], [-1.4877, 0.3856, 0.20195], [-1.42748, 0.48331, 0.19545], [-1.33374, 0.59071, 0.18568], [-1.24521, 0.67144, 0.16928], [-1.16518, 0.72177, 0.15852], [-1.0754, 0.76324, 0.14657], [-0.92837, 0.80685, 0.12076], [-0.73372, 0.80746, 0.10664], [-0.54672, 0.76234, 0.09124], [-0.35868, 0.66079, 0.07742], [-0.20313, 0.51954, 0.04707], [-0.09039, 0.33342, 0.04102], [0.0, 0.13003, 0.08252], [0.05396, -0.09852, -0.11877], [0.13006, -0.0713, -0.20567], [0.26655, 0.0, -0.24878]], "1-4": [[0.98097, 0.44261, 0.21012], [1.01201, 0.39639, 0.18404], [1.04965, 0.34888, 0.15486], [1.07662, 0.30771, 0.12451], [1.10108, 0.26765, 0.09143], [1.12448, 0.226, 0.05051], [1.14302, 0.19455, 0.01995], [1.1585, 0.16812, -0.00129], [1.18074, 0.12608, -0.03235], [1.20099, 0.08631, -0.06727], [1.20965, 0.06874, -0.08196], [1.21718, 0.05268, -0.09436], [1.22585, 0.03338, -0.10853], [1.23552, 0.00763, -0.12408], [1.24698, -0.02192, -0.14294], [1.257, -0.0584, -0.16064], [1.264, -0.12316, -0.18265], [1.2643, -0.17108, -0.19671], [1.26361, -0.23495, -0.21547], [1.21808, -0.33606, -0.2276], [1.15492, -0.42996, -0.23864], [1.12241, -0.48675, -0.24573], [0.99516, -0.59767, -0.24792], [0.84813, -0.66711, -0.23725], [0.67085, -0.68269, -0.2202]], "3-5": [[0.26655, 0.0, 0.24878], [0.35239, 0.04239, 0.23415], [0.43339, 0.08135, 0.19123], [0.49358, 0.10574, 0.13014], [0.5188, 0.11249, 0.08412], [0.53402, 0.11879, 0.03409], [0.53929, 0.12751, -0.01643], [0.53584, 0.13028, -0.0485], [0.53018, 0.13448, -0.07507], [0.52365, 0.13921, -0.0964], [0.51863, 0.13944, -0.10696], [0.51042, 0.14101, -0.1227], [0.5008, 0.14308, -0.13841], [0.49044, 0.14379, -0.15216], [0.47912, 0.14499, -0.1654], [0.46832, 0.14568, -0.17635], [0.45437, 0.14704, -0.18887], [0.43796, 0.14994, -0.20179], [0.41952, 0.15199, -0.21367], [0.39937, 0.14825, -0.22339], [0.36816, 0.14725, -0.23557], [0.33551, 0.14537, -0.24388], [0.30735, 0.09827, -0.2467], [0.2846, 0.04802, -0.24826], [0.26655, 0.0, -0.24878]], "1-5": [[0.98097, 0.44261, 0.21012], [0.96696, 0.48108, 0.22812], [0.96907, 0.53865, 0.24512], [0.92295, 0.6114, 0.24777], [0.90977, 0.65613, 0.23993], [0.86041, 0.70053, 0.22402], [0.85943, 0.74537, 0.19614], [0.85488, 0.76884, 0.17531], [0.81166, 0.79162, 0.14702], [0.78197, 0.80959, 0.11443], [0.76705, 0.81554, 0.09872], [0.74936, 0.81968, 0.08272], [0.73163, 0.82232, 0.06632], [0.71891, 0.82328, 0.05438], [0.71254, 0.82461, 0.04229], [0.70804, 0.82562, 0.03009], [0.70458, 0.82607, 0.01943], [0.70901, 0.8275, 0.00861], [0.71283, 0.82834, 0.0], [0.6011, 0.79958, -0.02233], [0.48204, 0.74348, -0.06096], [0.41499, 0.69345, -0.09232], [0.33405, 0.61828, -0.11865], [0.25839, 0.51877, -0.1463], [0.20975, 0.3846, -0.18865], [0.18594, 0.25528, -0.21368], [0.20362, 0.10082, -0.23854], [0.26655, 0.0, -0.24878]]}}