{"graph": "k5e", "genus": 2, "class": 3, "representative": {"1": [3, 4, 5], "2": [3, 4, 5], "3": [1, 2, 4, 5], "4": [1, 2, 3, 5], "5": [1, 3, 4, 2]}, "vertices": {"1": [0.16456, -0.11, -0.22282], "2": [1.09022, -0.41607, 0.21993], "3": [0.0, 0.144, -0.05461], "4": [-1.55978, -0.44776, 0.06776], "5": [0.0, -0.01239, -0.15351]}, "edges": {"1-3": [[0.16456, -0.11, -0.22282], [0.17662, -0.1203, -0.2276], [0.18903, -0.13018, -0.23191], [0.20176, -0.13962, -0.23575], [0.20299, -0.15015, -0.23539], [0.20439, -0.16068, -0.23502], [0.20597, -0.17119, -0.23465], [0.20098, -0.18204, -0.23182], [0.19627, -0.19302, -0.22874], [0.19186, -0.20402, -0.22545], [0.18813, -0.20568, -0.22351], [0.18444, -0.20732, -0.2215], [0.18078, -0.20897, -0.21943], [0.17497, -0.20972, -0.21624], [0.16596, -0.20675, -0.21163], [0.15609, -0.20241, -0.20631], [0.12962, -0.18749, -0.18996], [0.11394, -0.18966, -0.17545], [0.1001, -0.19181, -0.16022], [0.06912, -0.18289, -0.11926], [0.054, -0.17098, -0.09357], [0.0, 0.15089, -0.03081], [0.0, 0.14902, -0.03886], [0.0, 0.14672, -0.0468], [0.0, 0.144, -0.05461], [0.0, 0.144, -0.05461]], "2-4": [[1.09022, -0.41607, 0.21993], [1.21278, -0.43764, 0.24702], [1.35057, -0.43711, 0.23999], [1.47096, -0.39844, 0.20699], [1.56622, -0.35002, 0.15211], [1.66625, -0.18338, 0.0799], [1.7, -0.0, 0.0], [1.23125, -0.75292, -0.02389], [0.39374, -0.69921, -0.02559], [0.0, -0.09252, 0.12312], [-0.02202, 0.02345, 0.05372], [-0.02891, 0.02978, 0.07185], [-0.03548, 0.04829, 0.08856], [-0.04981, 0.07545, 0.11567], [-0.06638, 0.04438, 0.14604], [-0.09389, 0.03363, 0.17839], [-0.12748, 0.03915, 0.20557], [-0.17291, 0.01742, 0.2304], [-0.22335, 0.0, 0.245], [-0.19695, -0.09112, 0.23694], [-0.19542, -0.21124, 0.22602], [-0.22513, -0.33019, 0.21665], [-0.32631, -0.50689, 0.20364], [-0.47105, -0.65142, 0.18548], [-0.66912, -0.75705, 0.16278], [-0.99318, -0.79319, 0.12995], [-1.31174, -0.68247, 0.10244], [-1.55978, -0.44776, 0.06776]], "3-5": [[0.0, 0.144, -0.05461], [-1.1996, 0.58197, 0.23486], [-1.05955, -0.29424, 0.07818], [-0.22335, 0.0, -0.245], [-0.31615, 0.10006, -0.24547], [-0.41048, 0.09329, -0.2094], [-0.47345, 0.12331, -0.16333], [-0.5244, 0.14744, -0.10224], [-0.54883, 0.15603, -0.04186], [-0.56548, 0.17994, 0.01776], [-0.55785, 0.17461, 0.04686], [-0.5588, 0.19341, 0.08071], [-0.55528, 0.20843, 0.1081], [-0.54425, 0.21345, 0.12998], [-0.53171, 0.22478, 0.154], [-0.5177, 0.23333, 0.17278], [-0.49568, 0.27431, 0.20754], [-0.47972, 0.33659, 0.23369], [-0.40742, 0.33067, 0.24662], [-0.3642, 0.39029, 0.2459], [-0.28748, 0.39208, 0.22751], [-0.24295, 0.39421, 0.20636], [-0.15911, 0.35315, 0.1588], [-0.08693, 0.27718, 0.09983], [0.0, -0.01239, -0.15351]], "1-5": [[0.16456, -0.11, -0.22282], [0.2333, -0.09527, -0.24547], [0.30356, -0.08579, -0.24691], [0.38439, -0.05374, -0.22071], [0.45166, -0.03426, -0.16779], [0.4982, -0.01925, -0.09201], [0.51533, 0.0, 0.0], [0.54166, 0.14272, -0.04605], [0.62605, 0.26845, -0.0757], [0.74624, 0.3482, -0.10319], [0.83521, 0.37586, -0.12391], [0.93676, 0.38439, -0.14778], [1.02717, 0.37356, -0.16894], [1.09753, 0.33716, -0.1725], [1.17068, 0.28687, -0.18289], [1.2439, 0.21734, -0.19832], [1.33611, 0.05595, -0.22222], [1.3484, -0.13183, -0.23367], [1.31221, -0.32275, -0.24618], [1.18754, -0.50831, -0.24844], [0.96221, -0.67042, -0.23344], [0.68124, -0.70315, -0.2103], [0.38445, -0.60502, -0.1753], [0.13355, -0.37708, -0.1058], [0.0, -0.01239, -0.15351]], "1-4": [[0.16456, -0.11, -0.22282], [0.0909, -0.07103, -0.17284], [0.04556, -0.09717, -0.10229], [0.0, 0.09252, 0.12312], [-0.09801, 0.3528, 0.03464], [-0.29074, 0.61367, 0.04875], [-0.49801, 0.75388, 0.05115], [-0.70003, 0.81718, 0.065], [-0.92689, 0.82989, 0.06428], [-1.13041, 0.77515, 0.09722], [-1.22195, 0.73297, 0.10482], [-1.33244, 0.66708, 0.10457], [-1.43109, 0.5847, 0.1045], [-1.4773, 0.52891, 0.11343], [-1.53744, 0.44536, 0.11743], [-1.57869, 0.36585, 0.12498], [-1.62251, 0.26535, 0.1233], [-1.65215, 0.16644, 0.11949], [-1.66972, 0.05815, 0.11504], [-1.67559, -0.02645, 0.10657], [-1.65498, -0.16405, 0.11523], [-1.63384, -0.2526, 0.11079], [-1.61591, -0.31779, 0.09794], [-1.59024, -0.38533, 0.08358], [-1.55978, -0.44776, 0.06776]], "2-5": [[1.09022, -0.41607, 0.21993], [1.07103, -0.37242, 0.18731], [1.05549, -0.33417, 0.14151], [1.04651, -0.31599, 0.10648], [1.03388, -0.30467, 0.06179], [1.02424, -0.30162, 0.01449], [1.01154, -0.30993, -0.03091], [0.99553, -0.32557, -0.0682], [1.00396, -0.33544, -0.10209], [0.97476, -0.36381, -0.13257], [0.95586, -0.38147, -0.14966], [0.95897, -0.3928, -0.1641], [0.9646, -0.40531, -0.17833], [0.9541, -0.42542, -0.19348], [0.92665, -0.44895, -0.2068], [0.90593, -0.47054, -0.21823], [0.90685, -0.50819, -0.23492], [0.81636, -0.55636, -0.2464], [0.7511, -0.58561, -0.24876], [0.6542, -0.60951, -0.24357], [0.55929, -0.62226, -0.22854], [0.47668, -0.61192, -0.21264], [0.27004, -0.51198, -0.16298], [0.10797, -0.33092, -0.09893], [0.0, -0.01239, -0.15351]], "2-3": [[1.09022, -0.41607, 0.21993], [1.00756, -0.41943, 0.20046], [0.92919, -0.40734, 0.1728], [0.86869, -0.38947, 0.14418], [0.83856, -0.36982, 0.11236], [0.80149, -0.35121, 0.0773], [0.76863, -0.33262, 0.02333], [0.73542, -0.32219, -0.02713], [0.69999, -0.3161, -0.07062], [0.66599, -0.3096, -0.10055], [0.63261, -0.30494, -0.12918], [0.60404, -0.30872, -0.15818], [0.59052, -0.32003, -0.17715], [0.57334, -0.32917, -0.19333], [0.55408, -0.33636, -0.20672], [0.53579, -0.3481, -0.21934], [0.50352, -0.37772, -0.23761], [0.4069, -0.34146, -0.24743], [0.37641, -0.37849, -0.2479], [0.28146, -0.34856, -0.23483], [0.22738, -0.32922, -0.21802], [0.17534, -0.30516, -0.1936], [0.09596, -0.23283, -0.14047], [0.064, -0.20129, -0.10037], [0.0, 0.144, -0.05461]], "3-4": [[0.0, 0.144, -0.05461], [-0.30775, 0.5894, 0.12586], [-0.76421, 0.73442, 0.19985], [-1.14811, 0.52234, 0.24874], [-1.17598, 0.41681, 0.23913], [-1.23581, 0.28449, 0.21787], [-1.23329, 0.15367, 0.16338], [-1.2141, 0.11417, 0.11762], [-1.20529, 0.05196, 0.05746], [-1.20094, 0.03209, -0.00162], [-1.20516, 0.01492, -0.03876], [-1.21302, -0.0005, -0.07179], [-1.22477, -0.01541, -0.10372], [-1.2409, -0.05885, -0.13976], [-1.26459, -0.06128, -0.16958], [-1.29312, -0.05344, -0.19474], [-1.36368, -0.11586, -0.23739], [-1.41669, -0.16906, -0.2486], [-1.46338, -0.22494, -0.24314], [-1.52421, -0.319, -0.20179], [-1.56307, -0.40938, -0.11188], [-1.53936, -0.49439, 0.0], [-1.54861, -0.47962, 0.02248], [-1.55394, -0.46545, 0.04764], [-1.55978, -0.44776, 0.06776]], "4-5": [[-1.55978, -0.44776, 0.06776], [-1.68197, -0.15694, 0.03981], [-1.6808, 0.1753, 0.01882], [-1.53936, 0.49439, 0.0], [-1.37328, 0.62961, -0.11483], [-1.24337, 0.63674, -0.19735], [-1.05526, 0.59767, -0.24605], [-0.97846, 0.54165, -0.24592], [-0.89783, 0.47693, -0.22122], [-0.82971, 0.40888, -0.16916], [-0.83018, 0.3839, -0.13745], [-0.83173, 0.36259, -0.09785], [-0.81216, 0.34876, -0.06383], [-0.80068, 0.33944, -0.02049], [-0.77645, 0.3351, 0.02764], [-0.75386, 0.34129, 0.08094], [-0.71206, 0.35505, 0.13629], [-0.66402, 0.39414, 0.19644], [-0.6057, 0.4268, 0.22947], [-0.51145, 0.4533, 0.24788], [-0.41803, 0.46543, 0.24396], [-0.32804, 0.47398, 0.2183], [-0.20339, 0.41126, 0.17015], [-0.09713, 0.29835, 0.10451], [0.0, -0.01239, -0.15351]]}}