{"graph": "k5e", "genus": 2, "class": 32, "representative": {"1": [3, 4, 5], "2": [3, 5, 4], "3": [1, 2, 4, 5], "4": [1, 5, 2, 3], "5": [1, 3, 2, 4]}, "vertices": {"1": [-0.31156, 0.63785, 0.01766], "2": [-1.16153, -0.42972, -0.23966], "3": [-1.51329, -0.21297, 0.22957], "4": [-0.42947, 0.0, 0.18802], "5": [0.53704, -0.15214, 0.07768]}, "edges": {"1-3": [[-0.31156, 0.63785, 0.01766], [-0.34665, 0.66614, 0.01995], [-0.39553, 0.70074, 0.0227], [-0.44763, 0.73222, 0.02548], [-0.50579, 0.76153, 0.02911], [-0.54488, 0.77795, 0.0329], [-0.5841, 0.79209, 0.0367], [-0.63952, 0.80782, 0.04465], [-0.70314, 0.82029, 0.05508], [-0.76874, 0.82754, 0.06514], [-0.80808, 0.8312, 0.06397], [-0.84712, 0.83312, 0.06223], [-0.88623, 0.8332, 0.06047], [-0.92857, 0.83098, 0.05949], [-0.96494, 0.8254, 0.06605], [-1.00439, 0.81645, 0.0757], [-1.08605, 0.79005, 0.09548], [-1.17028, 0.75448, 0.10848], [-1.25232, 0.70948, 0.11817], [-1.37896, 0.6139, 0.12978], [-1.47188, 0.50948, 0.14132], [-1.54776, 0.36378, 0.16444], [-1.60531, 0.16125, 0.18041], [-1.58866, -0.05663, 0.2059], [-1.51329, -0.21297, 0.22957]], "2-5": [[-1.16153, -0.42972, -0.23966], [-1.223, -0.23624, -0.19192], [-1.22037, -0.0873, -0.11528], [-1.20089, 0.03332, -0.00575], [-1.1907, 0.13428, 0.0834], [-1.16318, 0.25131, 0.15105], [-1.11611, 0.38061, 0.21027], [-1.03434, 0.48234, 0.23588], [-0.92031, 0.57222, 0.24821], [-0.79525, 0.64154, 0.24321], [-0.73695, 0.66251, 0.23512], [-0.63865, 0.67101, 0.22118], [-0.5767, 0.66663, 0.21115], [-0.50227, 0.64345, 0.20334], [-0.39563, 0.60455, 0.18229], [-0.31677, 0.56405, 0.1606], [-0.20339, 0.47103, 0.12543], [-0.0984, 0.32445, 0.08315], [0.0, 0.06682, -0.13876], [0.90991, -0.65033, -0.24144], [1.17155, 0.23827, -0.14899], [0.46782, 0.0, 0.14623], [0.48405, -0.0499, 0.12655], [0.50448, -0.09906, 0.10752], [0.53704, -0.15214, 0.07768]], "2-3": [[-1.16153, -0.42972, -0.23966], [-1.16668, -0.36567, -0.22094], [-1.16813, -0.31223, -0.19626], [-1.14117, -0.2848, -0.159], [-1.14358, -0.22745, -0.09968], [-1.14902, -0.19431, -0.05268], [-1.15683, -0.17225, -0.01727], [-1.16523, -0.1566, 0.01565], [-1.18234, -0.13146, 0.05248], [-1.19521, -0.12255, 0.08341], [-1.20253, -0.11989, 0.09867], [-1.20851, -0.12257, 0.11259], [-1.21481, -0.12659, 0.12591], [-1.22083, -0.13002, 0.13687], [-1.22803, -0.13128, 0.14722], [-1.24417, -0.12207, 0.16274], [-1.26448, -0.11998, 0.18223], [-1.2809, -0.1267, 0.19717], [-1.30519, -0.12428, 0.21269], [-1.32962, -0.1525, 0.22887], [-1.35663, -0.16973, 0.23974], [-1.39218, -0.16397, 0.24639], [-1.43167, -0.18488, 0.2486], [-1.46844, -0.21547, 0.24281], [-1.51329, -0.21297, 0.22957]], "3-4": [[-1.51329, -0.21297, 0.22957], [-1.38974, -0.37533, 0.24197], [-1.2242, -0.46496, 0.24878], [-1.05846, -0.47525, 0.2366], [-0.95737, -0.46859, 0.22138], [-0.8568, -0.43323, 0.19126], [-0.76688, -0.38388, 0.15117], [-0.71295, -0.34028, 0.11213], [-0.66692, -0.29908, 0.07581], [-0.63632, -0.26499, 0.0352], [-0.61676, -0.24398, 0.00946], [-0.59672, -0.22306, -0.01816], [-0.57483, -0.19723, -0.03349], [-0.55858, -0.1791, -0.05476], [-0.54574, -0.17079, -0.07977], [-0.52392, -0.14517, -0.1012], [-0.48993, -0.09843, -0.13264], [-0.45901, -0.05017, -0.16139], [-0.42947, 0.0, -0.18802], [-0.46706, 0.00078, -0.14727], [-0.49472, 0.00441, -0.09922], [-0.5111, 0.0084, -0.04622], [-0.51211, 0.00528, 0.04013], [-0.48387, 0.00062, 0.1211], [-0.42947, 0.0, 0.18802]], "1-5": [[-0.31156, 0.63785, 0.01766], [-0.23303, 0.56043, 0.02238], [-0.16013, 0.46724, 0.01638], [-0.10996, 0.38, 0.02542], [-0.07406, 0.30097, 0.01672], [-0.04626, 0.2159, 0.01225], [0.0, 0.10133, 0.11598], [0.04121, -0.09345, -0.0932], [0.0659, -0.11312, -0.13544], [0.10695, -0.12924, -0.18105], [0.13873, -0.16283, -0.20143], [0.17794, -0.19909, -0.21949], [0.21017, -0.21277, -0.23178], [0.24519, -0.21347, -0.24206], [0.28353, -0.23056, -0.24726], [0.32032, -0.23423, -0.24873], [0.38405, -0.2394, -0.2413], [0.44416, -0.22852, -0.21857], [0.47934, -0.21865, -0.19514], [0.51264, -0.20892, -0.163], [0.54305, -0.20239, -0.12127], [0.56266, -0.19985, -0.08165], [0.56538, -0.18205, -0.03014], [0.56, -0.17106, 0.02021], [0.53704, -0.15214, 0.07768]], "1-4": [[-0.31156, 0.63785, 0.01766], [-0.34264, 0.66373, 0.01129], [-0.38891, 0.6975, 0.00543], [-0.43833, 0.72843, 0.0], [-0.37873, 0.66882, -0.09237], [-0.37144, 0.59288, -0.17662], [-0.34359, 0.47284, -0.22458], [-0.37718, 0.40634, -0.24588], [-0.40515, 0.35258, -0.24815], [-0.43593, 0.29806, -0.23724], [-0.45958, 0.2666, -0.22204], [-0.47725, 0.22701, -0.19976], [-0.48925, 0.18183, -0.17132], [-0.49968, 0.1536, -0.14567], [-0.52589, 0.16344, -0.11348], [-0.53782, 0.15643, -0.0811], [-0.54324, 0.14173, -0.03486], [-0.54486, 0.13972, 0.00862], [-0.53281, 0.11887, 0.04163], [-0.51489, 0.09906, 0.08346], [-0.49725, 0.08461, 0.11437], [-0.47852, 0.07846, 0.14245], [-0.4621, 0.05351, 0.15826], [-0.44547, 0.02649, 0.17373], [-0.42947, 0.0, 0.18802]], "4-5": [[-0.42947, 0.0, 0.18802], [-0.24083, 0.04879, 0.24724], [-0.08286, 0.05784, 0.16539], [0.0, -0.10133, 0.11598], [0.07041, -0.29094, -0.01835], [0.14017, -0.43471, -0.02401], [0.29096, -0.61734, -0.03356], [0.54521, -0.7789, -0.02663], [0.87872, -0.83905, -0.03014], [1.23589, -0.75011, -0.02809], [1.4055, -0.638, -0.02199], [1.55333, -0.47347, -0.01758], [1.64785, -0.29061, -0.01286], [1.67672, -0.19596, -0.00792], [1.69419, -0.09854, -0.00296], [1.7, -0.0, 0.0], [1.64551, -0.27819, 0.05754], [1.50421, -0.50036, 0.10773], [1.29556, -0.64562, 0.16398], [1.08608, -0.70464, 0.19995], [0.84497, -0.65642, 0.24035], [0.68453, -0.55378, 0.2485], [0.57534, -0.40791, 0.2297], [0.51341, -0.24259, 0.18146], [0.53704, -0.15214, 0.07768]], "2-4": [[-1.16153, -0.42972, -0.23966], [-1.04565, -0.65306, -0.23311], [-0.7554, -0.78389, -0.15016], [-0.43833, -0.72843, 0.0], [-0.36754, -0.6812, 0.02445], [-0.30299, -0.62435, 0.05036], [-0.29294, -0.60805, 0.07132], [-0.28794, -0.59522, 0.08865], [-0.27114, -0.5708, 0.10186], [-0.263, -0.55025, 0.11851], [-0.25487, -0.53309, 0.12807], [-0.24142, -0.50942, 0.13626], [-0.22913, -0.48526, 0.14424], [-0.22088, -0.45768, 0.15716], [-0.22086, -0.43098, 0.1742], [-0.22256, -0.40421, 0.18921], [-0.22189, -0.35621, 0.20733], [-0.21637, -0.31384, 0.2164], [-0.22632, -0.261, 0.23116], [-0.25703, -0.19368, 0.24556], [-0.2976, -0.13873, 0.24838], [-0.34083, -0.08651, 0.23956], [-0.37746, -0.05167, 0.22405], [-0.40231, -0.02146, 0.2088], [-0.42947, 0.0, 0.18802]], "3-5": [[-1.51329, -0.21297, 0.22957], [-1.57786, -0.19991, 0.19546], [-1.61687, -0.19076, 0.16144], [-1.64877, -0.17537, 0.12205], [-1.67659, -0.13219, 0.07874], [-1.6953, -0.06281, 0.03412], [-1.7, 0.0, 0.0], [-1.58132, 0.29771, -0.16173], [-1.38306, 0.38139, -0.24242], [-1.12785, 0.38563, -0.21672], [-1.01465, 0.35102, -0.13602], [-0.94969, 0.33221, -0.02043], [-0.87891, 0.36005, 0.09051], [-0.80999, 0.42632, 0.18776], [-0.67799, 0.48369, 0.23691], [-0.53922, 0.50642, 0.24869], [-0.36268, 0.51187, 0.21761], [-0.14166, 0.35653, 0.13554], [0.0, -0.04097, -0.14846], [0.99179, -0.71502, -0.20901], [1.26851, 0.36416, -0.24481], [0.46782, 0.0, -0.14623], [0.50887, -0.05536, -0.07255], [0.52973, -0.09891, 0.00841], [0.53704, -0.15214, 0.07768]]}}