{"graph": "k5e", "genus": 2, "class": 1, "representative": {"1": [3, 4, 5], "2": [3, 4, 5], "3": [1, 2, 4, 5], "4": [1, 2, 3, 5], "5": [1, 2, 4, 3]}, "vertices": {"1": [0.9116, -0.34654, -0.05847], "2": [-0.31259, 0.34612, 0.24276], "3": [-1.64927, 0.28768, 0.0], "4": [0.46429, 0.0, -0.15096], "5": [-0.26655, 0.0, 0.24878]}, "edges": {"1-3": [[0.9116, -0.34654, -0.05847], [0.85422, -0.35827, -0.08438], [0.79207, -0.36531, -0.11431], [0.72939, -0.36365, -0.13902], [0.67112, -0.36775, -0.17233], [0.61852, -0.36255, -0.19271], [0.57368, -0.34956, -0.20484], [0.53862, -0.34286, -0.21616], [0.50786, -0.34495, -0.22772], [0.4707, -0.34477, -0.23778], [0.42945, -0.32114, -0.24237], [0.38849, -0.2994, -0.24634], [0.36199, -0.29463, -0.24835], [0.34158, -0.3003, -0.24871], [0.31026, -0.28896, -0.24723], [0.2771, -0.26691, -0.24415], [0.22021, -0.24198, -0.23168], [0.17468, -0.20749, -0.21645], [0.11701, -0.14333, -0.18771], [0.07068, -0.10898, -0.14329], [0.04187, -0.09059, -0.09558], [0.0, 0.08676, 0.12725], [-0.33076, 0.65312, 0.02425], [-1.04896, 0.81804, 0.02521], [-1.64927, 0.28768, 0.0]], "2-4": [[-0.31259, 0.34612, 0.24276], [-0.20331, 0.34438, 0.19983], [-0.09653, 0.2736, 0.12054], [0.0, -0.038, -0.14924], [0.03567, -0.15603, -0.11394], [0.10091, -0.33421, -0.07857], [0.14434, -0.4141, -0.08576], [0.20854, -0.50009, -0.09941], [0.27537, -0.56632, -0.11461], [0.3533, -0.63353, -0.11948], [0.41374, -0.68074, -0.11418], [0.47967, -0.71503, -0.12162], [0.55226, -0.74477, -0.1284], [0.63767, -0.76915, -0.1365], [0.7232, -0.78661, -0.13965], [0.81713, -0.79508, -0.14262], [1.02446, -0.76791, -0.1567], [1.19249, -0.6981, -0.17027], [1.3561, -0.56994, -0.18707], [1.56623, -0.23193, -0.1969], [1.56704, 0.15835, -0.21005], [1.38198, 0.47224, -0.22195], [0.91776, 0.61664, -0.2473], [0.53247, 0.36242, -0.22573], [0.46429, 0.0, -0.15096]], "3-5": [[-1.64927, 0.28768, 0.0], [-1.06616, 0.81462, 0.01641], [-0.33261, 0.65549, 0.01583], [0.0, 0.05982, 0.14191], [0.02908, -0.01599, -0.07367], [0.05042, -0.07691, -0.11657], [0.07803, -0.05765, -0.15983], [0.09668, -0.06161, -0.1794], [0.11697, -0.08244, -0.19527], [0.14201, -0.09984, -0.21121], [0.15234, -0.09666, -0.21749], [0.16297, -0.09349, -0.22322], [0.17357, -0.09135, -0.22822], [0.18079, -0.08849, -0.23134], [0.18811, -0.08566, -0.23421], [0.19552, -0.08297, -0.23682], [0.20072, -0.07682, -0.23864], [0.20602, -0.07075, -0.24031], [0.21142, -0.06478, -0.24184], [0.20686, -0.05214, -0.24099], [0.20256, -0.03934, -0.24009], [0.19853, -0.02639, -0.23915], [0.19017, -0.01586, -0.23671], [0.18157, -0.00689, -0.2338], [0.17305, 0.0, -0.23054], [0.19228, 0.42104, -0.15308], [0.52906, 0.75689, -0.08639], [1.07271, 0.81348, 0.0], [0.78969, 0.83469, 0.04193], [0.57368, 0.7747, 0.08665], [0.35915, 0.63175, 0.12825], [0.21922, 0.42775, 0.17465], [0.15624, 0.22944, 0.20083], [0.17305, 0.0, 0.23054], [0.15468, -0.32094, 0.17008], [0.36302, -0.65885, 0.08913], [0.78691, -0.83803, 0.0], [0.35608, -0.6717, -0.03205], [0.10913, -0.37279, -0.04331], [0.0, -0.15396, -0.00384], [-0.05808, 0.14622, 0.11286], [-0.12717, 0.10048, 0.20125], [-0.26655, 0.0, 0.24878]], "1-4": [[0.9116, -0.34654, -0.05847], [0.97336, -0.32412, -0.00977], [1.01663, -0.30904, 0.0411], [1.07432, -0.29166, 0.09546], [1.13827, -0.26719, 0.13985], [1.19855, -0.24143, 0.17622], [1.26664, -0.19357, 0.20499], [1.31112, -0.17275, 0.22401], [1.35405, -0.12571, 0.23507], [1.39195, -0.08935, 0.24332], [1.41421, -0.08056, 0.24682], [1.44286, -0.06114, 0.24873], [1.46852, -0.03827, 0.24809], [1.4878, -0.02001, 0.24603], [1.50491, 0.00099, 0.24292], [1.51598, 0.02082, 0.24011], [1.54646, 0.02965, 0.22956], [1.57304, 0.04013, 0.21628], [1.60385, 0.01671, 0.19631], [1.63781, -0.03007, 0.16389], [1.6642, -0.06189, 0.12455], [1.67898, -0.10162, 0.08439], [1.68072, -0.14679, 0.05552], [1.67649, -0.19151, 0.02621], [1.66593, -0.23697, 0.0], [1.31778, 0.65669, -0.13524], [0.55485, 0.55322, -0.24572], [0.46429, 0.0, -0.15096]], "2-5": [[-0.31259, 0.34612, 0.24276], [-0.34883, 0.33444, 0.24816], [-0.36058, 0.2822, 0.248], [-0.40752, 0.27715, 0.24076], [-0.39829, 0.25851, 0.24037], [-0.38981, 0.23957, 0.23997], [-0.38211, 0.22037, 0.23956], [-0.38951, 0.19094, 0.23359], [-0.39918, 0.16214, 0.2256], [-0.40979, 0.14862, 0.21832], [-0.41667, 0.13446, 0.21204], [-0.42299, 0.11922, 0.20536], [-0.43664, 0.10864, 0.19352], [-0.45737, 0.07065, 0.16673], [-0.47688, 0.03015, 0.13473], [-0.49639, 0.0, 0.0952], [-0.482, 0.0, 0.12439], [-0.46392, 0.0, 0.15145], [-0.44246, 0.0, 0.17591], [-0.418, 0.0, 0.19737], [-0.39094, 0.0, 0.21545], [-0.36175, 0.0, 0.22984], [-0.33094, 0.0, 0.2403], [-0.29902, 0.0, 0.24665], [-0.26655, 0.0, 0.24878], [-0.26655, 0.0, 0.24878]], "1-5": [[0.9116, -0.34654, -0.05847], [0.90795, -0.35403, -0.08188], [0.89859, -0.36436, -0.1044], [0.86695, -0.38345, -0.13526], [0.85538, -0.4023, -0.16058], [0.86415, -0.42453, -0.18369], [0.83886, -0.44373, -0.19985], [0.79782, -0.45905, -0.21258], [0.75008, -0.47892, -0.22726], [0.69585, -0.49318, -0.23786], [0.66711, -0.49712, -0.24156], [0.63839, -0.49963, -0.24445], [0.6122, -0.50105, -0.24647], [0.57322, -0.49701, -0.24805], [0.52431, -0.49232, -0.24876], [0.47456, -0.48315, -0.24752], [0.39777, -0.46038, -0.24162], [0.30958, -0.433, -0.22454], [0.23846, -0.381, -0.20849], [0.14209, -0.28959, -0.17094], [0.06564, -0.19087, -0.10917], [0.0, 0.15167, 0.02674], [-1.16279, 0.73905, 0.13835], [-1.26398, -0.58444, 0.2186], [-0.26655, 0.0, 0.24878]], "2-3": [[-0.31259, 0.34612, 0.24276], [-0.41874, 0.30231, 0.24184], [-0.48828, 0.21249, 0.18607], [-0.54193, 0.17491, 0.09405], [-0.53473, 0.12846, -0.05023], [-0.44286, 0.08203, -0.18322], [-0.26655, 0.0, -0.24878], [-0.50234, -0.29467, -0.21224], [-0.79452, -0.36998, -0.12202], [-1.01322, -0.31075, -0.04106], [-1.09074, -0.25366, 0.00717], [-1.16573, -0.16406, 0.04659], [-1.21095, -0.07493, 0.08881], [-1.2169, -0.04771, 0.09196], [-1.22096, -0.02076, 0.09562], [-1.22396, 0.01038, 0.10155], [-1.22108, 0.03408, 0.09828], [-1.21673, 0.0574, 0.09503], [-1.21104, 0.06766, 0.08519], [-1.19856, 0.05766, 0.02201], [-1.2014, 0.05692, -0.0425], [-1.2213, 0.05212, -0.10358], [-1.3844, -0.01397, -0.23969], [-1.5801, -0.12009, -0.20645], [-1.64927, -0.28768, 0.0], [-1.69431, -0.09765, 0.0], [-1.69431, 0.09765, 0.0], [-1.64927, 0.28768, 0.0], [-1.64927, 0.28768, 0.0]], "3-4": [[-1.64927, 0.28768, 0.0], [-1.33645, 0.46576, -0.23728], [-1.0138, 0.3611, -0.14876], [-0.87072, 0.37119, 0.11433], [-0.6232, 0.54041, 0.24877], [-0.29683, 0.52787, 0.17305], [0.0, 0.0803, -0.13141], [0.17311, -0.41298, -0.13619], [0.47132, -0.62608, -0.20287], [0.84321, -0.6837, -0.23133], [1.05228, -0.61258, -0.24369], [1.21183, -0.48279, -0.24872], [1.31428, -0.33979, -0.24761], [1.36099, -0.15955, -0.24], [1.3672, 0.04036, -0.23473], [1.28819, 0.20468, -0.21969], [0.96492, 0.41772, -0.18934], [0.61095, 0.291, -0.13333], [0.50448, 0.0, -0.07266], [0.50174, -0.00045, -0.0811], [0.49859, -0.00477, -0.08979], [0.49506, -0.00713, -0.09851], [0.48652, -0.00307, -0.11624], [0.47613, -0.00037, -0.13404], [0.46429, 0.0, -0.15096]],