{"graph": "k5e", "genus": 2, "class": 20, "representative": {"1": [3, 4, 5], "2": [3, 4, 5], "3": [1, 4, 2, 5], "4": [1, 3, 2, 5], "5": [1, 3, 2, 4]}, "vertices": {"1": [0.78128, -0.8564, -0.00208], "2": [0.05926, -0.1016, -0.15738], "3": [0.32038, -0.34343, -0.26293], "4": [0.00257, -0.1529, 0.08186], "5": [1.09265, 0.82585, -0.00208]}, "edges": {"1-3": [[0.78128, -0.8564, -0.00208], [0.75204, -0.84457, 0.06343], [0.73571, -0.82842, 0.10183], [0.72145, -0.80375, 0.14198], [0.70909, -0.77268, 0.1788], [0.69883, -0.73572, 0.2109], [0.6908, -0.69381, 0.23701], [0.68423, -0.65206, 0.25467], [0.6811, -0.60228, 0.26549], [0.68036, -0.5502, 0.26742], [0.68244, -0.49806, 0.26007], [0.68561, -0.44746, 0.24357], [0.68881, -0.40035, 0.21796], [0.69096, -0.35856, 0.18396], [0.69102, -0.32364, 0.14288], [0.68814, -0.29672, 0.09646], [0.68628, -0.2782, 0.04749], [0.67575, -0.26476, -0.00266], [0.65946, -0.25878, -0.04795], [0.63739, -0.2601, -0.09677], [0.61257, -0.27068, -0.14328], [0.57891, -0.28356, -0.18612], [0.53852, -0.30236, -0.22197], [0.49246, -0.32636, -0.24869], [0.44225, -0.35436, -0.26434], [0.37908, -0.38313, -0.26742], [0.31281, -0.41489, -0.25051], [0.32038, -0.34343, -0.26293]], "3-4": [[0.32038, -0.34343, -0.26293], [0.25046, -0.33656, -0.24524], [0.21149, -0.31983, -0.23388], [0.17025, -0.30082, -0.21458], [0.13293, -0.28109, -0.18957], [0.10897, -0.25055, -0.17467], [0.08375, -0.21866, -0.15886], [0.05926, -0.18359, -0.14082], [0.03913, -0.14716, -0.11995], [0.04342, -0.07852, -0.13969], [0.04099, -0.0365, -0.13245], [0.0361, 0.00599, -0.12247], [0.02908, 0.04843, -0.11901], [0.00429, 0.08386, -0.09963], [-0.00448, 0.11542, -0.07596], [-0.02123, 0.14809, -0.04625], [-0.02434, 0.1893, -0.02187], [-0.04002, 0.24444, -0.02195], [-0.05374, 0.29211, -0.00587], [-0.06884, 0.34063, 0.01553], [-0.09016, 0.37916, 0.04544], [-0.11904, 0.42649, 0.04939], [-0.14767, 0.46642, 0.06825], [-0.18484, 0.48817, 0.1192], [-0.22588, 0.52503, 0.12984], [-0.26278, 0.55699, 0.14036], [-0.29939, 0.58862, 0.15088], [-0.34501, 0.61493, 0.16473], [-0.38856, 0.63785, 0.17261], [-0.43227, 0.66014, 0.18116], [-0.4796, 0.68202, 0.18953], [-0.52612, 0.69718, 0.1952], [-0.57431, 0.70736, 0.20431], [-0.62156, 0.71823, 0.2111], [-0.67264, 0.72513, 0.2145], [-0.7215, 0.72955, 0.21876], [-0.77047, 0.73267, 0.22397], [-0.82259, 0.73226, 0.226], [-0.87235, 0.73017, 0.22753], [-0.92221, 0.72774, 0.2293], [-0.96852, 0.70492, 0.23758], [-1.01289, 0.68486, 0.24223], [-1.05704, 0.66428, 0.24714], [-1.10231, 0.64144, 0.24981], [-1.14551, 0.6181, 0.25149], [-1.18857, 0.59445, 0.25331], [-1.21637, 0.55134, 0.25906], [-1.24421, 0.51175, 0.26241], [-1.2708, 0.4715, 0.26603], [-1.29271, 0.42652, 0.26742], [-1.31472, 0.38391, 0.26742], [-1.33392, 0.34023, 0.26742], [-1.34995, 0.29548, 0.26742], [-1.35895, 0.24768, 0.26652], [-1.36786, 0.20213, 0.2643], [-1.37331, 0.15525, 0.26231], [-1.37489, 0.10906, 0.25961], [-1.37252, 0.06216, 0.25806], [-1.36256, 0.01535, 0.25399], [-1.35283, -0.02852, 0.25027], [-1.33913, -0.07286, 0.24625], [-1.32199, -0.11399, 0.24197], [-1.30088, -0.15469, 0.23861], [-1.27878, -0.19177, 0.23474], [-1.24362, -0.22594, 0.22618], [-1.21245, -0.25771, 0.21816], [-1.17606, -0.28687, 0.21266], [-1.13987, -0.3117, 0.20512], [-1.09676, -0.33045, 0.19657], [-1.05749, -0.34818, 0.1873], [-1.01273, -0.36044, 0.17948], [-0.96999, -0.36819, 0.16986], [-0.92323, -0.37035, 0.16137], [-0.8795, -0.36673, 0.14776], [-0.83304, -0.36061, 0.13709], [-0.79076, -0.34829, 0.12704], [-0.74956, -0.33304, 0.11638], [-0.70893, -0.30856, 0.10376], [-0.67288, -0.28492, 0.09435], [-0.63711, -0.25541, 0.08554], [-0.6094, -0.22322, 0.07865], [-0.58435, -0.19032, 0.07292], [-0.56347, -0.15218, 0.06988], [-0.54826, -0.11711, 0.0689], [-0.53544, -0.07861, 0.06982], [-0.52874, -0.04332, 0.07278], [-0.51624, -0.02265, 0.10455], [-0.49562, -0.0039, 0.13895], [-0.47149, 0.00973, 0.17328], [-0.44165, 0.02514, 0.2053], [-0.40905, 0.03786, 0.22995], [-0.36646, 0.04825, 0.25052], [-0.31963, 0.05535, 0.26335], [-0.271, 0.0586, 0.26742], [-0.22306, 0.05773, 0.26286], [-0.1777, 0.05306, 0.2507], [-0.1395, 0.04544, 0.23405], [-0.10596, 0.02486, 0.21202], [-0.07505, 0.00261, 0.18675], [-0.05056, -0.02591, 0.15619], [-0.0377, -0.05187, 0.12918], [-0.04029, -0.07723, 0.10307], [0.00257, -0.1529, 0.08186]], "2-5": [[0.05926, -0.1016, -0.15738], [0.11674, -0.09868, -0.21421], [0.15396, -0.0863, -0.23858], [0.19444, -0.07308, -0.25643], [0.23224, -0.05913, -0.26478], [0.27478, -0.04316, -0.26742], [0.31634, -0.02538, -0.26338], [0.35549, -0.00578, -0.25341], [0.38228, 0.00979, -0.24167], [0.41189, 0.02806, -0.22714], [0.42678, 0.05342, -0.21826], [0.42467, 0.09065, -0.22264], [0.42425, 0.12617, -0.2307], [0.41901, 0.167, -0.23941], [0.41631, 0.20663, -0.24686], [0.41134, 0.2511, -0.25716], [0.40947, 0.29555, -0.26226], [0.40448, 0.34364, -0.26742], [0.41315, 0.38783, -0.26742], [0.42326, 0.43324, -0.26742], [0.43306, 0.48297, -0.2623], [0.44578, 0.53293, -0.25474], [0.46502, 0.57824, -0.24339], [0.48486, 0.62693, -0.22981], [0.51673, 0.66071, -0.21833], [0.54902, 0.69322, -0.20623], [0.58282, 0.72775, -0.18976], [0.62366, 0.75351, -0.1799], [0.66436, 0.77427, -0.16667], [0.70651, 0.79622, -0.14939], [0.75092, 0.81411, -0.13499], [0.80087, 0.82822, -0.11854], [0.84848, 0.83858, -0.09363], [0.89657, 0.84554, -0.07207], [0.94391, 0.85218, -0.04247], [0.99552, 0.84505, -0.01562], [1.05239, 0.82769, 0.0588], [1.09265, 0.82585, -0.00208]], "1-5": [[0.78128, -0.8564, -0.00208], [0.85097, -0.85573, -0.00851], [0.89656, -0.85538, -0.0118], [0.94236, -0.85502, -0.01528], [0.99267, -0.84538, -0.01816], [1.03912, -0.83516, -0.02137], [1.08608, -0.82479, -0.02504], [1.13695, -0.81057, -0.02894], [1.18114, -0.79048, -0.03255], [1.22558, -0.77022, -0.03669], [1.27017, -0.74982, -0.04146], [1.31561, -0.72102, -0.04628], [1.35534, -0.69146, -0.05169], [1.39384, -0.66044, -0.06216], [1.43446, -0.62588, -0.06902], [1.46601, -0.58845, -0.07396], [1.49828, -0.55084, -0.07761], [1.53034, -0.5131, -0.08205], [1.55988, -0.46806, -0.08581], [1.58359, -0.42441, -0.0898], [1.60684, -0.38069, -0.09512], [1.62991, -0.33249, -0.10149], [1.64163, -0.28484, -0.11115], [1.65475, -0.23773, -0.11478], [1.66687, -0.19039, -0.12018], [1.67409, -0.13779, -0.1239], [1.67737, -0.08846, -0.1272], [1.68003, -0.03917, -0.13156], [1.68015, 0.01384, -0.13596], [1.67383, 0.06243, -0.13807], [1.66696, 0.11078, -0.14117], [1.65969, 0.15885, -0.14502], [1.64525, 0.20948, -0.14572], [1.62749, 0.25644, -0.14986], [1.6098, 0.30309, -0.15406], [1.58725, 0.35165, -0.15619], [1.5548, 0.39002, -0.16679], [1.52448, 0.4293, -0.17418], [1.49154, 0.47028, -0.18114], [1.45668, 0.50497, -0.18415], [1.42178, 0.53907, -0.18764], [1.38698, 0.57252, -0.19153], [1.34677, 0.6042, -0.19148], [1.30918, 0.63238, -0.1907], [1.2729, 0.65987, -0.18968], [1.23454, 0.6867, -0.1864], [1.19975, 0.7087, -0.17977], [1.16713, 0.73035, -0.1725], [1.13628, 0.75175, -0.16468], [1.10342, 0.77512, -0.15197], [1.11257, 0.78909, -0.12486], [1.12515, 0.79999, -0.09193], [1.13232, 0.80747, -0.06175], [1.09265, 0.82585, -0.00208]],