{"graph": "k5e", "genus": 2, "class": 33, "representative": {"1": [3, 4, 5], "2": [3, 5, 4], "3": [1, 2, 4, 5], "4": [1, 5, 2, 3], "5": [1, 3, 4, 2]}, "vertices": {"1": [-1.06845, -0.61052, -0.26188], "2": [0.51553, -0.78156, -0.02842], "3": [-1.33569, 0.09245, 0.24563], "4": [0.64909, 0.83094, 0.00208], "5": [0.01522, -0.01613, -0.16657]}, "edges": {"1-3": [[-1.06845, -0.61052, -0.26188], [-1.10934, -0.5518, -0.26742], [-1.12189, -0.51202, -0.26742], [-1.13153, -0.46881, -0.2628], [-1.14302, -0.42918, -0.25739], [-1.15184, -0.38721, -0.24635], [-1.1626, -0.34933, -0.23546], [-1.15448, -0.30547, -0.21004], [-1.14947, -0.26346, -0.17991], [-1.14737, -0.22539, -0.14508], [-1.14634, -0.19422, -0.11173], [-1.14947, -0.16176, -0.07176], [-1.15757, -0.13208, -0.03004], [-1.16395, -0.10543, 0.01102], [-1.1775, -0.07577, 0.0466], [-1.19292, -0.05133, 0.08735], [-1.21292, -0.02201, 0.12626], [-1.23698, 0.00487, 0.16238], [-1.25325, 0.04184, 0.18476], [-1.27459, 0.07962, 0.20835], [-1.33569, 0.09245, 0.24563]], "2-5": [[0.51553, -0.78156, -0.02842], [0.55623, -0.78546, -0.08721], [0.49686, -0.75764, -0.09112], [0.43481, -0.72795, -0.09483], [0.38432, -0.69142, -0.09446], [0.33516, -0.65599, -0.09374], [0.28692, -0.61729, -0.0951], [0.2494, -0.57652, -0.09326], [0.21279, -0.53681, -0.09126], [0.17511, -0.49561, -0.08922], [0.14541, -0.45322, -0.08487], [0.11522, -0.40907, -0.08009], [0.08991, -0.36105, -0.07751], [0.07069, -0.31661, -0.08094], [0.05288, -0.27268, -0.08776], [0.03216, -0.22961, -0.09062], [0.0191, -0.18661, -0.10868], [0.02023, -0.13661, -0.13923], [0.01184, -0.08861, -0.15417], [0.01522, -0.01613, -0.16657]], "1-4": [[-1.06845, -0.61052, -0.26188], [-1.09517, -0.67361, -0.23795], [-1.14743, -0.64851, -0.2387], [-1.19925, -0.62368, -0.23942], [-1.25111, -0.59718, -0.23697], [-1.3021, -0.57455, -0.23106], [-1.34905, -0.54877, -0.22614], [-1.39436, -0.51885, -0.21661], [-1.43658, -0.4907, -0.20745], [-1.47984, -0.46423, -0.19538], [-1.51747, -0.42879, -0.18125], [-1.55204, -0.39494, -0.16671], [-1.58738, -0.36104, -0.14781], [-1.61576, -0.32023, -0.13495], [-1.63794, -0.28061, -0.11955], [-1.66031, -0.24052, -0.09999], [-1.6792, -0.19883, -0.08424], [-1.69459, -0.15146, -0.06767], [-1.70415, -0.10713, -0.04574], [-1.71072, -0.06223, -0.02812], [-1.71728, -0.01713, -0.01084], [-1.71555, 0.03314, 0.01133], [-1.71, 0.0835, 0.0137], [-1.70445, 0.13397, 0.01608], [-1.69635, 0.18844, 0.01827], [-1.68093, 0.23509, 0.02063], [-1.66556, 0.28139, 0.02355], [-1.64966, 0.32932, 0.02663], [-1.61609, 0.39569, 0.02882], [-1.58987, 0.44068, 0.03082], [-1.5637, 0.48558, 0.03285], [-1.51651, 0.54452, 0.03395], [-1.48186, 0.58286, 0.03487], [-1.44753, 0.62083, 0.03586], [-1.39769, 0.66267, 0.03633], [-1.3587, 0.69087, 0.03738], [-1.31946, 0.71922, 0.0386], [-1.27508, 0.74781, 0.0399], [-1.23105, 0.76732, 0.04079], [-1.18689, 0.78683, 0.04208], [-1.1426, 0.80637, 0.04369], [-1.0917, 0.82148, 0.04482], [-1.04325, 0.83146, 0.04779], [-0.99495, 0.84143, 0.05054], [-0.93203, 0.84719, 0.06699], [-0.88015, 0.84626, 0.06985], [-0.82772, 0.84572, 0.07153], [-0.75774, 0.84267, 0.07287], [-0.70691, 0.83219, 0.07189], [-0.6567, 0.82047, 0.07507], [-0.60887, 0.81292, 0.06716], [-0.55471, 0.79441, 0.06], [-0.50715, 0.77531, 0.05041], [-0.46033, 0.7551, 0.04484], [-0.41361, 0.72953, 0.04484], [-0.37442, 0.70113, 0.04429], [-0.33552, 0.67291, 0.04394], [-0.2969, 0.64486, 0.04382], [-0.25983, 0.60813, 0.0431], [-0.22262, 0.55231, 0.08177], [-0.19126, 0.51257, 0.09196], [-0.16188, 0.47271, 0.09409], [-0.13756, 0.43375, 0.09714], [-0.1145, 0.39475, 0.09723], [-0.09481, 0.35889, 0.09367], [-0.07847, 0.32329, 0.09232], [-0.06171, 0.25516, 0.11096], [-0.04552, 0.18712, 0.11605], [-0.02881, 0.1451, 0.09767], [0.0219, 0.10869, 0.08305], [0.0183, 0.0723, 0.07828], [0.01245, 0.04296, 0.06976], [0.03277, 0.0236, 0.03509], [0.03566, 0.01784, 0.01056], [0.0466, -0.05244, 0.0406], [0.01002, -0.09112, 0.02747], [0.12355, -0.1062, -0.21859], [0.3815, -0.10234, -0.24635], [0.44239, -0.11304, -0.21513], [0.485, -0.1402, -0.18736], [0.49625, -0.16055, -0.18225], [0.51802, -0.19268, -0.17913], [0.5394, -0.21904, -0.17317], [0.54446, -0.26861, -0.20224], [0.5748, -0.2936, -0.19703], [0.60535, -0.31314, -0.19121], [0.66395, -0.31351, -0.15033], [0.69486, -0.31993, -0.13426], [0.7289, -0.32709, -0.12154], [0.75986, -0.33239, -0.11115], [0.79894, -0.33015, -0.08062], [0.83495, -0.32697, -0.05175], [0.87565, -0.32438, -0.02696], [0.91265, -0.31761, -0.00273], [0.95443, -0.31117, 0.02554], [0.99061, -0.29902, 0.04963], [1.02799, -0.29017, 0.07678], [1.06414, -0.27321, 0.10005], [1.09879, -0.26195, 0.12481], [1.13102, -0.24432, 0.14598], [1.16516, -0.22936, 0.16745], [1.19359, -0.21401, 0.18508], [1.226, -0.19727, 0.20456], [1.22588, -0.16507, 0.18898], [1.21073, -0.11422, 0.1533], [1.21548, -0.08234, 0.144], [1.21786, -0.05346, 0.14053], [1.22041, -0.02097, 0.13905], [1.21257, 0.02491, 0.12617], [1.19949, 0.07914, 0.11581], [1.18016, 0.12999, 0.11115], [1.14883, 0.18924, 0.11115], [1.09722, 0.24443, 0.09695], [1.05099, 0.28009, 0.09336], [1.01797, 0.29984, 0.09061], [0.98105, 0.31719, 0.09318], [0.94753, 0.32961, 0.09746], [0.91099, 0.33933, 0.10337], [0.88069, 0.34862, 0.11621], [0.85561, 0.36193, 0.13939], [0.83074, 0.39385, 0.18172], [0.80732, 0.48241, 0.24498], [0.76255, 0.69043, 0.24516], [0.72092, 0.80637, 0.13733], [0.69174, 0.82737, 0.07673], [0.68389, 0.83418, 0.04096], [0.70242, 0.83752, 0.04653], [0.64909, 0.83094, 0.00208]], "4-5": [[0.64909, 0.83094, 0.00208], [0.59768, 0.81536, -0.04556], [0.67202, 0.82667, -0.06614], [0.73366, 0.83312, -0.08629], [0.79374, 0.83605, -0.10147], [0.8495, 0.82654, -0.12146], [0.90332, 0.81735, -0.13746], [0.95867, 0.80546, -0.15269], [1.0067, 0.78228, -0.16876], [1.05355, 0.7609, -0.18124], [1.10213, 0.73837, -0.19383], [1.14304, 0.7082, -0.20387], [1.18422, 0.68013, -0.21037], [1.2248, 0.65192, -0.21714], [1.2657, 0.61957, -0.22008], [1.30353, 0.58789, -0.22256], [1.34078, 0.55619, -0.22531], [1.37776, 0.52084, -0.22465], [1.40806, 0.47904, -0.22863], [1.43502, 0.43472, -0.23457], [1.46393, 0.39016, -0.23456], [1.49127, 0.34661, -0.2337], [1.52191, 0.30481, -0.23013], [1.52956, 0.25402, -0.23578], [1.53877, 0.20622, -0.23847], [1.5471, 0.15815, -0.24157], [1.55322, 0.10779, -0.24229], [1.55691, 0.05893, -0.24293], [1.5586, 0.01005, -0.24447], [1.55662, -0.04056, -0.24392], [1.55184, -0.08916, -0.24377], [1.54445, -0.13731, -0.24481], [1.53261, -0.18638, -0.24383], [1.51823, -0.23293, -0.24352], [1.50124, -0.27859, -0.24443], [1.47964, -0.32431, -0.2432], [1.4562, -0.36722, -0.24269], [1.43057, -0.40891, -0.24329], [1.40055, -0.44992, -0.24148], [1.36961, -0.4881, -0.24034], [1.33708, -0.52494, -0.24013], [1.30075, -0.56055, -0.23718], [1.26461, -0.59373, -0.23467], [1.22988, -0.62868, -0.23008], [1.18881, -0.65856, -0.2234], [1.14355, -0.68028, -0.22236], [1.09836, -0.70121, -0.22182], [1.04943, -0.71912, -0.21814], [1.00226, -0.73419, -0.21453], [0.95451, -0.74781, -0.21205], [0.90311, -0.75792, -0.20725], [0.8534, -0.76549, -0.20172], [0.80285, -0.7745, -0.19268], [0.75194, -0.76928, -0.19246], [0.70407, -0.76113, -0.19024], [0.65579, -0.75222, -0.18877], [0.60461, -0.74012, -0.18705], [0.55809, -0.72394, -0.18241], [0.51151, -0.70673, -0.17881], [0.46485, -0.68856, -0.17617], [0.41766, -0.66272, -0.16924], [0.373, -0.63743, -0.16277], [0.32683, -0.61286, -0.15279], [0.28754, -0.57584, -0.15043], [0.2519, -0.53911, -0.1471], [0.21571, -0.50162, -0.14396], [0.17983, -0.45862, -0.13891], [0.14884, -0.41462, -0.13335], [0.1136, -0.37461, -0.11721], [0.09764, -0.3341, -0.12269], [0.08307, -0.29153, -0.12741], [0.06979, -0.24771, -0.13092], [0.05964, -0.20336, -0.13414], [0.05033, -0.15895, -0.13458], [0.05273, -0.11663, -0.13311], [0.03286, -0.08079, -0.15008], [0.01522, -0.01613, -0.16657]],