{"graph": "k5e", "genus": 2, "class": 16, "representative": {"1": [3, 4, 5], "2": [3, 4, 5], "3": [1, 2, 5, 4], "4": [1, 2, 3, 5], "5": [1, 2, 4, 3]}, "vertices": {"1": [0.27263, -0.5768, -0.09459], "2": [0.51533, 0.0, 0.0], "3": [0.71283, 0.82834, 0.0], "4": [-0.51533, 0.0, 0.0], "5": [-1.01616, 0.33067, 0.10363]}, "edges": {"1-3": [[0.27263, -0.5768, -0.09459], [0.41914, -0.69467, -0.09527], [0.62044, -0.77636, -0.1165], [0.81773, -0.80857, -0.12117], [1.02263, -0.78503, -0.13403], [1.20683, -0.71043, -0.14967], [1.36009, -0.59862, -0.16247], [1.49126, -0.4713, -0.15277], [1.57305, -0.29338, -0.172], [1.62935, -0.13055, -0.16164], [1.64185, -0.04707, -0.15814], [1.64278, 0.02104, -0.15839], [1.63838, 0.08968, -0.15784], [1.62847, 0.16396, -0.15509], [1.60683, 0.24577, -0.15454], [1.58687, 0.31003, -0.14941], [1.50969, 0.44956, -0.14976], [1.44947, 0.54066, -0.13594], [1.35881, 0.63429, -0.12468], [1.27164, 0.71463, -0.08738], [1.15077, 0.78446, -0.04507], [1.00494, 0.82834, 0.0], [0.90779, 0.83969, 0.0], [0.80998, 0.83969, 0.0], [0.71283, 0.82834, 0.0], [0.71283, 0.82834, 0.0]], "2-4": [[0.51533, 0.0, 0.0], [0.50953, -0.04671, -0.06597], [0.48728, -0.06258, -0.12432], [0.46425, -0.10499, -0.16747], [0.48491, -0.11263, -0.14553], [0.50819, -0.12407, -0.11552], [0.52527, -0.13637, -0.09001], [0.54319, -0.15074, -0.05556], [0.56108, -0.17207, -0.01385], [0.56528, -0.1834, 0.03603], [0.56176, -0.19777, 0.08045], [0.54508, -0.20408, 0.11985], [0.52091, -0.20695, 0.15318], [0.50922, -0.24502, 0.18587], [0.51019, -0.30236, 0.21162], [0.50228, -0.34463, 0.22934], [0.464, -0.41895, 0.24823], [0.46141, -0.50383, 0.24382], [0.47461, -0.59582, 0.21974], [0.5429, -0.71246, 0.16402], [0.60991, -0.78479, 0.09235], [0.71283, -0.82834, 0.0], [0.3316, -0.65434, -0.01954], [0.1078, -0.3742, -0.0313], [0.0, -0.12768, 0.08612], [-0.12612, 0.11328, 0.19913], [-0.37611, 0.06255, 0.22529], [-0.51533, 0.0, 0.0]], "1-4": [[0.27263, -0.5768, -0.09459], [0.25913, -0.56653, -0.08803], [0.24594, -0.55581, -0.08139], [0.23308, -0.54467, -0.07469], [0.23454, -0.54761, -0.072], [0.23696, -0.55157, -0.06927], [0.23944, -0.55551, -0.06654], [0.24369, -0.56084, -0.06502], [0.248, -0.56613, -0.06349], [0.25236, -0.57137, -0.06197], [0.2496, -0.56915, -0.06004], [0.24686, -0.56689, -0.05812], [0.24414, -0.56462, -0.05619], [0.23787, -0.55863, -0.05349], [0.23047, -0.55114, -0.05088], [0.22097, -0.54088, -0.04846], [0.1879, -0.50146, -0.04132], [0.15838, -0.45935, -0.0412], [0.1318, -0.41536, -0.04305], [0.09308, -0.33866, -0.04312], [0.06762, -0.27815, -0.0344], [0.0, -0.14647, 0.04759], [-0.12493, 0.13291, 0.19574], [-0.37162, 0.07335, 0.22798], [-0.51533, 0.0, 0.0]], "2-5": [[0.51533, 0.0, 0.0], [0.37611, -0.06255, -0.22529], [0.12612, -0.11328, -0.19913], [0.0, 0.12768, 0.08612], [-0.38156, 0.68878, 0.03921], [-1.20558, 0.76337, 0.03659], [-1.7, 0.0, 0.0], [-1.69914, 0.02435, -0.01584], [-1.69602, 0.05051, -0.03491], [-1.69062, 0.07632, -0.05379], [-1.67789, 0.11482, -0.08255], [-1.66013, 0.15273, -0.10961], [-1.63757, 0.18858, -0.13516], [-1.61985, 0.2083, -0.15241], [-1.6018, 0.22469, -0.16764], [-1.58142, 0.24382, -0.18142], [-1.5614, 0.2424, -0.19785], [-1.54124, 0.25146, -0.20904], [-1.52174, 0.25237, -0.21958], [-1.47551, 0.22845, -0.24007], [-1.41605, 0.26276, -0.24765], [-1.36563, 0.27418, -0.24825], [-1.27801, 0.30022, -0.23664], [-1.21594, 0.28662, -0.2093], [-1.15316, 0.27055, -0.15748], [-1.08792, 0.2719, -0.0762], [-1.04857, 0.28735, 0.01939], [-1.01616, 0.33067, 0.10363]], "1-5": [[0.27263, -0.5768, -0.09459], [0.15072, -0.43566, -0.0687], [0.0922, -0.32545, -0.06341], [0.0, -0.12136, -0.09482], [-0.06076, 0.19473, 0.07915], [-0.08509, 0.2473, 0.11612], [-0.13165, 0.29818, 0.15617], [-0.17994, 0.3493, 0.18051], [-0.21803, 0.3664, 0.20153], [-0.2567, 0.3994, 0.21195], [-0.27836, 0.41488, 0.21726], [-0.30298, 0.4185, 0.22624], [-0.33005, 0.42121, 0.23426], [-0.35824, 0.42841, 0.2397], [-0.38701, 0.43653, 0.2436], [-0.4228, 0.44524, 0.24686], [-0.46824, 0.44858, 0.24877], [-0.52482, 0.4555, 0.24726], [-0.58444, 0.45821, 0.24187], [-0.65504, 0.45939, 0.23203], [-0.73543, 0.44762, 0.21332], [-0.79066, 0.4348, 0.19678], [-0.86444, 0.40815, 0.16728], [-0.93034, 0.37569, 0.13353], [-1.01616, 0.33067, 0.10363]], "2-3": [[0.51533, 0.0, 0.0], [0.51477, 0.00554, -0.01736], [0.51318, 0.01573, -0.03525], [0.51025, 0.02595, -0.05451], [0.50129, 0.04431, -0.08981], [0.49247, 0.06393, -0.11543], [0.4849, 0.08455, -0.13508], [0.47213, 0.10947, -0.16014], [0.46007, 0.13642, -0.18085], [0.44502, 0.16859, -0.20183], [0.43574, 0.19112, -0.21331], [0.43385, 0.21291, -0.21957], [0.43262, 0.23431, -0.22511], [0.41915, 0.25186, -0.2336], [0.40819, 0.27645, -0.24051], [0.40451, 0.30745, -0.24491], [0.3987, 0.37206, -0.24878], [0.39564, 0.43597, -0.2449], [0.37579, 0.47297, -0.23426], [0.39287, 0.55003, -0.21298], [0.42418, 0.61053, -0.19287], [0.46931, 0.67806, -0.16099], [0.53827, 0.74902, -0.11145], [0.58234, 0.78819, -0.0535], [0.71283, 0.82834, 0.0]], "3-5": [[0.71283, 0.82834, 0.0], [1.27087, -0.03593, 0.17299], [0.82082, -0.53292, -0.24191], [0.0, 0.03202, -0.15064], [-0.03692, 0.14305, -0.04611], [-0.10205, 0.32585, 0.09068], [-0.13266, 0.37235, 0.10869], [-0.22209, 0.47929, 0.14142], [-0.26216, 0.51329, 0.15477], [-0.30092, 0.53976, 0.16746], [-0.32453, 0.55331, 0.17495], [-0.34863, 0.56566, 0.18214], [-0.38819, 0.58471, 0.19192], [-0.43087, 0.60149, 0.2015], [-0.47416, 0.61482, 0.21029], [-0.509, 0.62293, 0.21674], [-0.54592, 0.62645, 0.22414], [-0.59254, 0.63039, 0.23114], [-0.65003, 0.62902, 0.2386], [-0.69141, 0.58983, 0.24791], [-0.77078, 0.57566, 0.24858], [-0.8684, 0.53324, 0.24168], [-0.91115, 0.45997, 0.21248], [-0.96341, 0.39125, 0.16367], [-1.01616, 0.33067, 0.10363]], "3-4": [[0.71283, 0.82834, 0.0], [1.27864, -0.07479, 0.18533], [0.80424, -0.50988, -0.23572], [0.0, 0.0723, -0.13598], [-0.07147, 0.26175, 0.03456], [-0.12672, 0.38269, 0.08499], [-0.20858, 0.49431, 0.10718], [-0.34744, 0.61705, 0.13477], [-0.5399, 0.71104, 0.16411], [-0.74381, 0.75754, 0.17791], [-0.92874, 0.7442, 0.19449], [-1.09381, 0.68818, 0.20907], [-1.26894, 0.54642, 0.2316], [-1.33675, 0.4641, 0.23758], [-1.39362, 0.38956, 0.23895], [-1.44963, 0.29257, 0.23962], [-1.46873, 0.20795, 0.24329], [-1.48539, 0.09977, 0.2452], [-1.4782, -0.00231, 0.24731], [-1.42596, -0.1492, 0.24871], [-1.35902, -0.26852, 0.24755], [-1.22544, -0.39701, 0.24329], [-1.05231, -0.45216, 0.22756], [-0.91179, -0.45762, 0.21108], [-0.72771, -0.40822, 0.18746], [-0.59486, -0.27736, 0.13431], [-0.53516, -0.14474, 0.07335], [-0.51533, 0.0, 0.0]], "4-5": [[-0.51533, 0.0, 0.0], [-0.53421, -0.11314, -0.01147], [-0.58777, -0.21313, -0.02546], [-0.68385, -0.29798, -0.03176], [-0.7369, -0.32479, -0.04094], [-0.79843, -0.34273, -0.04696], [-0.86738, -0.3491, -0.05271], [-0.91651, -0.34457, -0.0534], [-0.96134, -0.33406, -0.05372], [-1.0234, -0.3133, -0.07087], [-1.05131, -0.29735, -0.07193], [-1.07367, -0.28016, -0.06798], [-1.09419, -0.26043, -0.06036], [-1.1116, -0.24017, -0.05003], [-1.12672, -0.22055, -0.041], [-1.14066, -0.20054, -0.03374], [-1.16354, -0.16512, -0.03829], [-1.18107, -0.1249, -0.03139], [-1.19402, -0.07733, -0.01381], [-1.20243, -0.00358, 0.00206], [-1.19739, 0.06247, 0.01822], [-1.18318, 0.11652, 0.02273], [-1.14882, 0.19462, 0.05269], [-1.084, 0.27676, 0.07995], [-1.01616, 0.33067, 0.10363]]}}