{"graph": "k5e", "genus": 2, "class": 2, "representative": {"1": [3, 4, 5], "2": [3, 4, 5], "3": [1, 2, 4, 5], "4": [1, 2, 3, 5], "5": [1, 3, 2, 4]}, "vertices": {"1": [0.96028, -0.36771, 0.16709], "2": [0.06408, -0.32873, -0.02025], "3": [0.52299, 0.00187, -0.07585], "4": [0.39253, -0.69868, -0.09121], "5": [0.90451, 0.45114, 0.22982]}, "edges": {"1-3": [[0.96028, -0.36771, 0.16709], [0.89701, -0.38773, 0.17488], [0.86772, -0.35958, 0.1353], [0.83803, -0.33915, 0.09225], [0.81176, -0.324, 0.04932], [0.77959, -0.31322, 0.01241], [0.74978, -0.30639, -0.02596], [0.7157, -0.29641, -0.06091], [0.68348, -0.28954, -0.08664], [0.6494, -0.27665, -0.11329], [0.6177, -0.26502, -0.13005], [0.58765, -0.24516, -0.14581], [0.55548, -0.22513, -0.16191], [0.53639, -0.2035, -0.16741], [0.52411, -0.17302, -0.16227], [0.51687, -0.1435, -0.15277], [0.51027, -0.11032, -0.14585], [0.50498, -0.07669, -0.13651], [0.50592, -0.04486, -0.12857], [0.52299, 0.00187, -0.07585]], "2-4": [[0.06408, -0.32873, -0.02025], [0.09726, -0.39233, -0.02728], [0.11997, -0.43223, -0.02516], [0.14762, -0.4753, -0.03714], [0.17564, -0.51511, -0.04004], [0.20561, -0.5481, -0.04198], [0.23548, -0.581, -0.04374], [0.26525, -0.6138, -0.04541], [0.29981, -0.64347, -0.06077], [0.33484, -0.66532, -0.06978], [0.39253, -0.69868, -0.09121]], "3-5": [[0.52299, 0.00187, -0.07585], [0.53784, -0.05075, -0.02897], [0.51527, -0.00107, -0.09987], [0.48254, 0.05169, -0.16589], [0.45073, 0.08593, -0.20322], [0.41752, 0.12481, -0.23421], [0.38707, 0.16436, -0.25264], [0.35409, 0.20683, -0.26376], [0.32479, 0.25053, -0.26742], [0.30113, 0.29589, -0.26444], [0.28731, 0.33947, -0.25723], [0.27602, 0.38533, -0.24424], [0.27153, 0.43357, -0.23013], [0.27637, 0.47532, -0.21235], [0.28276, 0.51905, -0.19162], [0.29582, 0.55916, -0.17248], [0.30936, 0.60024, -0.15024], [0.33438, 0.63622, -0.12761], [0.3569, 0.66897, -0.10079], [0.38188, 0.6966, -0.07703], [0.40573, 0.72327, -0.04896], [0.43532, 0.74633, -0.02417], [0.46279, 0.76065, 0.00596], [0.49152, 0.77046, 0.032], [0.50627, 0.76926, 0.07013], [0.52291, 0.76486, 0.1035], [0.54359, 0.75311, 0.13939], [0.56729, 0.73712, 0.17316], [0.59413, 0.7175, 0.20343], [0.62289, 0.69749, 0.22533], [0.65784, 0.67161, 0.24366], [0.692, 0.6436, 0.25733], [0.72631, 0.61878, 0.26405], [0.76197, 0.58927, 0.26742], [0.79678, 0.56383, 0.26742], [0.83147, 0.53408, 0.26164], [0.86605, 0.50446, 0.25485], [0.90451, 0.45114, 0.22982]], "2-3": [[0.06408, -0.32873, -0.02025], [0.03916, -0.26194, -0.01389], [0.02781, -0.22089, 0.00155], [0.04502, -0.18025, 0.01788], [0.03912, -0.14796, 0.03372], [0.03325, -0.11919, 0.0546], [0.01363, -0.08676, 0.06554], [0.0116, -0.05446, 0.07946], [0.00758, -0.01709, 0.0935], [-0.02806, 0.0011, 0.12169], [-0.0448, 0.0212, 0.14849], [-0.07323, 0.03279, 0.18121], [-0.10604, 0.04183, 0.21079], [-0.14355, 0.048, 0.23573], [-0.18166, 0.05122, 0.25255], [-0.22815, 0.05057, 0.26411], [-0.27727, 0.04684, 0.26742], [-0.32656, 0.0405, 0.26154], [-0.3735, 0.03187, 0.24662], [-0.41605, 0.02093, 0.22357], [-0.4527, 0.00756, 0.19389], [-0.47652, -0.00107, 0.16667], [-0.49932, -0.01548, 0.13465], [-0.51814, -0.03218, 0.10181], [-0.52981, -0.05068, 0.07187], [-0.5373, -0.08532, 0.07074], [-0.54949, -0.12347, 0.07136], [-0.56497, -0.1577, 0.07441], [-0.58498, -0.19549, 0.07924], [-0.60971, -0.22757, 0.08696], [-0.63679, -0.25916, 0.09551], [-0.67169, -0.28849, 0.10545], [-0.70527, -0.3149, 0.11887], [-0.74522, -0.33865, 0.12836], [-0.78538, -0.35443, 0.13945], [-0.82664, -0.36768, 0.14941], [-0.87208, -0.37722, 0.16314], [-0.91474, -0.38168, 0.17178], [-0.95991, -0.38022, 0.18067], [-1.00149, -0.37472, 0.18895], [-1.04469, -0.36313, 0.19674], [-1.0861, -0.35174, 0.20569], [-1.12675, -0.33213, 0.21156], [-1.16367, -0.31012, 0.2173], [-1.19973, -0.28272, 0.22349], [-1.23182, -0.25442, 0.22912], [-1.26518, -0.22343, 0.23655], [-1.29183, -0.19044, 0.2397], [-1.31426, -0.15367, 0.24416], [-1.33281, -0.11512, 0.24672], [-1.34639, -0.07616, 0.24963], [-1.35682, -0.03367, 0.25229], [-1.36915, 0.00941, 0.25616], [-1.36593, 0.05443, 0.25648], [-1.36222, 0.10104, 0.25673], [-1.35381, 0.14567, 0.25771], [-1.34431, 0.19188, 0.25883], [-1.33397, 0.23741, 0.2608], [-1.32189, 0.28322, 0.26346], [-1.30873, 0.32725, 0.26574], [-1.29609, 0.37305, 0.26742], [-1.27735, 0.4134, 0.26742], [-1.25488, 0.45042, 0.26742], [-1.22831, 0.48384, 0.26742], [-1.19771, 0.51371, 0.26742], [-1.16497, 0.54386, 0.26651], [-1.12703, 0.56679, 0.26533], [-1.08618, 0.5871, 0.26491], [-1.04206, 0.60555, 0.26457], [-0.99677, 0.62198, 0.26315], [-0.95001, 0.63746, 0.26199], [-0.90126, 0.65223, 0.2599], [-0.85261, 0.66635, 0.25688], [-0.80342, 0.68376, 0.25036], [-0.7521, 0.69539, 0.24202], [-0.7015, 0.70976, 0.22987], [-0.65173, 0.71789, 0.2165], [-0.59812, 0.72627, 0.19822], [-0.55454, 0.71633, 0.18856], [-0.51031, 0.70561, 0.17941], [-0.46551, 0.69374, 0.17118], [-0.4195, 0.67446, 0.15984], [-0.37615, 0.65484, 0.14414], [-0.3339, 0.63208, 0.13295], [-0.29025, 0.6041, 0.12101], [-0.25097, 0.57651, 0.09686], [-0.21359, 0.54332, 0.07963], [-0.17335, 0.51244, 0.04086], [-0.13673, 0.46012, 0.02454], [-0.11033, 0.41561, -0.00517], [-0.08681, 0.37226, -0.01767], [-0.06568, 0.32192, -0.02634], [-0.05105, 0.27425, -0.03423], [-0.03657, 0.22719, -0.04153], [-0.02532, 0.16713, -0.03143], [-0.0207, 0.13354, -0.0587], [0.02314, 0.1116, -0.08455], [0.02814, 0.07405, -0.09761], [0.03033, 0.04071, -0.1195], [0.03745, -2e-05, -0.12148], [0.05028, -0.05633, -0.11164], [0.02948, -0.10965, -0.11195], [0.04613, -0.15179, -0.13001], [0.06587, -0.16813, -0.1567], [0.10044, -0.17429, -0.19192], [0.14039, -0.17419, -0.22242], [0.18494, -0.16863, -0.24619], [0.23274, -0.15692, -0.26166], [0.28217, -0.13919, -0.26742], [0.3313, -0.1162, -0.26241], [0.37859, -0.09083, -0.24711], [0.42171, -0.06117, -0.22253], [0.45896, -0.02947, -0.18949], [0.48921, 0.00265, -0.14983], [0.50823, 0.04981, -0.12547], [0.52299, 0.00187, -0.07585]],