{"graph": "k5e", "genus": 2, "class": 0, "representative": {"1": [3, 4, 5], "2": [3, 4, 5], "3": [1, 2, 4, 5], "4": [1, 2, 3, 5], "5": [1, 2, 3, 4]}, "vertices": {"1": [-0.31809, 0.04786, 0.24382], "2": [-1.10282, 0.24199, -0.00473], "3": [-0.52714, 0.65572, -0.20391], "4": [0.0, -0.11445, 0.10305], "5": [-0.85889, -0.84111, 0.0]}, "edges": {"1-3": [[-0.31809, 0.04786, 0.24382], [-0.36456, 0.04907, 0.22969], [-0.40647, 0.06384, 0.20868], [-0.44575, 0.08091, 0.18037], [-0.46798, 0.07951, 0.15646], [-0.48746, 0.08155, 0.13007], [-0.50388, 0.08568, 0.1015], [-0.51953, 0.10318, 0.07363], [-0.53157, 0.11426, 0.03932], [-0.54011, 0.12941, 0.01548], [-0.54596, 0.14187, 0.0035], [-0.54651, 0.14396, -0.01405], [-0.5447, 0.14415, -0.0324], [-0.54182, 0.1456, -0.05126], [-0.54149, 0.157, -0.07167], [-0.54049, 0.16981, -0.09114], [-0.52173, 0.17191, -0.12707], [-0.50263, 0.18251, -0.15814], [-0.49586, 0.22243, -0.18477], [-0.49334, 0.29602, -0.21683], [-0.48654, 0.34502, -0.23391], [-0.47411, 0.39108, -0.24491], [-0.46222, 0.47851, -0.24706], [-0.46261, 0.54421, -0.23527], [-0.52714, 0.65572, -0.20391]], "2-4": [[-1.10282, 0.24199, -0.00473], [-1.02895, 0.30362, 0.04687], [-0.97204, 0.34296, 0.09189], [-0.87171, 0.38351, 0.13555], [-0.82564, 0.41776, 0.17853], [-0.74537, 0.42946, 0.19988], [-0.66179, 0.44707, 0.22611], [-0.58163, 0.44546, 0.23941], [-0.50101, 0.43213, 0.24681], [-0.4359, 0.41098, 0.24877], [-0.41257, 0.41119, 0.24836], [-0.3841, 0.41059, 0.24625], [-0.34123, 0.39139, 0.24225], [-0.30058, 0.36779, 0.23682], [-0.27539, 0.35677, 0.23131], [-0.25161, 0.34193, 0.22573], [-0.21351, 0.3013, 0.21798], [-0.16465, 0.26316, 0.19839], [-0.11898, 0.22147, 0.17173], [-0.07076, 0.16757, 0.12787], [-0.04756, 0.13605, 0.09404], [0.0, -0.13337, 0.077], [0.0, -0.12768, 0.08612], [0.0, -0.12136, 0.09482], [0.0, -0.11445, 0.10305], [0.0, -0.11445, 0.10305]], "3-5": [[-0.52714, 0.65572, -0.20391], [-0.65427, 0.71899, -0.19443], [-0.80478, 0.73262, -0.20407], [-0.94359, 0.74328, -0.19399], [-1.05035, 0.7382, -0.18137], [-1.14914, 0.71012, -0.17701], [-1.23809, 0.66542, -0.17824], [-1.29963, 0.62956, -0.17565], [-1.35875, 0.5877, -0.17257], [-1.42105, 0.53062, -0.17099], [-1.45395, 0.49516, -0.16982], [-1.48322, 0.46299, -0.1664], [-1.50808, 0.43541, -0.16136], [-1.53806, 0.39353, -0.15745], [-1.5723, 0.33196, -0.15508], [-1.59659, 0.27816, -0.15313], [-1.62996, 0.17892, -0.149], [-1.64913, 0.07736, -0.14565], [-1.6552, -0.02949, -0.14164], [-1.63873, -0.19934, -0.12923], [-1.59477, -0.34442, -0.11583], [-1.53079, -0.46815, -0.10272], [-1.35032, -0.6729, -0.06207], [-1.09862, -0.80344, -0.03638], [-0.85889, -0.84111, 0.0]], "1-5": [[-0.31809, 0.04786, 0.24382], [-0.30058, 0.0321, 0.24657], [-0.28484, 0.01216, 0.24812], [-0.26655, 0.0, 0.24878], [-0.26702, -0.14757, 0.24815], [-0.31426, -0.30608, 0.24666], [-0.4056, -0.45355, 0.24393], [-0.58261, -0.5787, 0.24392], [-0.81468, -0.66297, 0.2381], [-1.05414, -0.64324, 0.23561], [-1.19416, -0.59485, 0.23174], [-1.3435, -0.51305, 0.22143], [-1.47608, -0.36279, 0.21591], [-1.52557, -0.27854, 0.21199], [-1.56249, -0.19859, 0.20649], [-1.58793, -0.10706, 0.20249], [-1.60144, -0.02191, 0.19806], [-1.60616, 0.05493, 0.19302], [-1.60304, 0.12933, 0.18797], [-1.58829, 0.20748, 0.1853], [-1.56341, 0.2796, 0.18562], [-1.53542, 0.36462, 0.17563], [-1.55163, 0.34931, 0.16799], [-1.56765, 0.33197, 0.16022], [-1.58382, 0.31449, 0.15078], [-1.65679, -0.16486, 0.11145], [-1.42222, -0.61, 0.07246], [-0.85889, -0.84111, 0.0]], "2-3": [[-1.10282, 0.24199, -0.00473], [-1.13378, 0.20647, -0.01106], [-1.15727, 0.17178, -0.01922], [-1.17639, 0.1351, -0.02724], [-1.19867, 0.06812, -0.03844], [-1.20934, -0.00547, -0.05837], [-1.20843, -0.07797, -0.08392], [-1.18512, -0.16611, -0.10346], [-1.11917, -0.27338, -0.1254], [-1.05879, -0.34196, -0.15293], [-0.99188, -0.39352, -0.17487], [-0.91548, -0.42172, -0.18455], [-0.83067, -0.43435, -0.19293], [-0.71668, -0.43896, -0.21155], [-0.59154, -0.40284, -0.2237], [-0.48853, -0.33747, -0.23143], [-0.39754, -0.25082, -0.23953], [-0.31879, -0.13888, -0.24635], [-0.26655, 0.0, -0.24878], [-0.25308, 0.03963, -0.24834], [-0.23939, 0.06014, -0.24696], [-0.22976, 0.10144, -0.24469], [-0.22292, 0.18677, -0.23858], [-0.23152, 0.27273, -0.23125], [-0.27777, 0.3625, -0.23092], [-0.31377, 0.4505, -0.22069], [-0.41965, 0.55782, -0.2192], [-0.52714, 0.65572, -0.20391]], "3-4": [[-0.52714, 0.65572, -0.20391], [-0.6146, 0.75777, -0.14262], [-0.73052, 0.81726, -0.08182], [-0.85889, 0.84111, 0.0], [-0.40854, 0.70976, 0.01643], [-0.12697, 0.41191, 0.0249], [0.0, 0.11445, 0.10305], [0.04063, -0.08785, -0.0933], [0.06484, -0.08426, -0.13923], [0.10963, -0.08479, -0.18906], [0.1535, -0.10517, -0.21746], [0.20324, -0.09103, -0.23885], [0.2572, -0.07779, -0.24837], [0.30437, -0.07696, -0.24665], [0.36184, -0.04928, -0.2308], [0.41283, -0.04967, -0.20321], [0.46474, -0.02562, -0.15147], [0.50207, -0.01691, -0.08131], [0.51533, 0.0, 0.0], [0.57759, 0.27956, -0.15354], [0.89527, 0.51136, -0.23567], [1.33482, 0.41623, -0.24556], [1.51493, -0.3746, -0.18784], [0.68605, -0.80693, -0.08748], [0.0, -0.11445, 0.10305]], "4-5": [[0.0, -0.11445, 0.10305], [0.16382, -0.47092, -0.02768], [0.50205, -0.758, -0.04055], [0.961, -0.83141, -0.04134], [1.21515, -0.75644, -0.0495], [1.42245, -0.62055, -0.03758], [1.60182, -0.39111, -0.02748], [1.65083, -0.28098, -0.02], [1.68762, -0.1428, -0.00906], [1.7, -0.0, 0.0], [1.64544, -0.22652, 0.1036], [1.5176, -0.36475, 0.18998], [1.37971, -0.42718, 0.23513], [1.22523, -0.43389, 0.24757], [1.08597, -0.41275, 0.21724], [0.98911, -0.38009, 0.15994], [0.90573, -0.34038, -0.00412], [0.77451, -0.39285, -0.15997], [0.60912, -0.4675, -0.24085], [0.37723, -0.46798, -0.23583], [0.15948, -0.35374, -0.15888], [0.0, 0.09052, -0.12459], [-0.61041, 0.77539, 0.11248], [-1.6213, 0.29808, 0.10339], [-0.85889, -0.84111, 0.0]], "1-4": [[-0.31809, 0.04786, 0.24382], [-0.30216, 0.06245, 0.2467], [-0.2883, 0.07233, 0.24819], [-0.27551, 0.07957, 0.24876], [-0.2652, 0.08803, 0.24866], [-0.2542, 0.09979, 0.24793], [-0.24316, 0.11317, 0.24649], [-0.23221, 0.11951, 0.24456], [-0.22143, 0.12598, 0.24206], [-0.21084, 0.13257, 0.23898], [-0.20346, 0.13558, 0.23657], [-0.19619, 0.13984, 0.23383], [-0.18904, 0.14405, 0.23081], [-0.18082, 0.14785, 0.22706], [-0.17277, 0.15167, 0.22297], [-0.16489, 0.1555, 0.21854], [-0.14744, 0.14598, 0.20965], [-0.1305, 0.1325, 0.19997], [-0.1145, 0.11822, 0.18934], [-0.09536, 0.106, 0.17328], [-0.07773, 0.10179, 0.15396], [-0.06153, 0.11248, 0.12868], [-0.04825, 0.12004, 0.10148], [-0.03309, 0.07072, 0.07724], [0.0, -0.11445, 0.10305]], "2-5": [[-1.10282, 0.24199, -0.00473], [-1.13718, 0.20757, -0.04233], [-1.16478, 0.19352, -0.09394], [-1.20923, 0.15293, -0.13328], [-1.24575, 0.10162, -0.15779], [-1.28453, 0.08621, -0.19213], [-1.31564, 0.04895, -0.21027], [-1.34095, 0.01721, -0.22316], [-1.37012, -0.04399, -0.23583], [-1.39355, -0.09166, -0.24373], [-1.40376, -0.11928, -0.24637], [-1.41376, -0.14798, -0.24812], [-1.4232, -0.18041, -0.24878], [-1.42958, -0.21176, -0.24824], [-1.43442, -0.24406, -0.24661], [-1.43357, -0.27424, -0.24478], [-1.42575, -0.32926, -0.24061], [-1.42143, -0.40132, -0.22837], [-1.39536, -0.47001, -0.21742], [-1.34133, -0.55458, -0.20376], [-1.28311, -0.6461, -0.17111], [-1.26152, -0.69377, -0.13368], [-1.11886, -0.78108, -0.09267], [-0.98307, -0.82696, -0.04903], [-0.85889, -0.84111, 0.0]]}}