{"graph": "k5e", "genus": 2, "class": 3, "representative": {"1": [3, 4, 5], "2": [3, 4, 5], "3": [1, 2, 4, 5], "4": [1, 2, 3, 5], "5": [1, 3, 4, 2]}, "vertices": {"1": [0.15802, -0.11093, -0.23923], "2": [1.08698, -0.40879, 0.23774], "3": [-0.0146, 0.13165, -0.04875], "4": [-1.57237, -0.45503, 0.07246], "5": [0.01413, -0.01239, -0.16767]}, "edges": {"1-3": [[0.15802, -0.11093, -0.23923], [0.1702, -0.17922, -0.23846], [0.14573, -0.17956, -0.22492], [0.12596, -0.1778, -0.21158], [0.10395, -0.17582, -0.19512], [0.0889, -0.17046, -0.18099], [0.0654, -0.16775, -0.15607], [0.02476, -0.12702, -0.09497], [0.03714, -0.10342, -0.0607], [0.01134, -0.06451, -0.05831], [0.03826, 0.0239, -0.04738], [0.03585, 0.0403, -0.03455], [0.03259, 0.06404, -0.04038], [0.0293, 0.08709, -0.04138], [-0.0146, 0.13165, -0.04875]], "2-4": [[1.08698, -0.40879, 0.23774], [1.15461, -0.42351, 0.25787], [1.1995, -0.42126, 0.26312], [1.2473, -0.42213, 0.26742], [1.29321, -0.41866, 0.26742], [1.34307, -0.41679, 0.26279], [1.39349, -0.41311, 0.25486], [1.43576, -0.39735, 0.24387], [1.47961, -0.38221, 0.22863], [1.51761, -0.36139, 0.21219], [1.55741, -0.33944, 0.1925], [1.58939, -0.30903, 0.1751], [1.61847, -0.28011, 0.15207], [1.64082, -0.24922, 0.13168], [1.66216, -0.21916, 0.1125], [1.68071, -0.19006, 0.0882], [1.69424, -0.1573, 0.06688], [1.70238, -0.12968, 0.04006], [1.70703, -0.10028, 0.02518], [1.70873, -0.09528, 0.01401], [1.70628, -0.125, 0.00765], [1.70353, -0.15509, -0.00367], [1.69689, -0.18919, -0.01116], [1.68453, -0.22544, -0.01643], [1.66995, -0.26917, -0.01974], [1.65416, -0.31688, -0.02245], [1.62391, -0.38306, -0.02446], [1.59775, -0.42806, -0.02594], [1.57157, -0.47308, -0.02747], [1.52768, -0.53298, -0.02841], [1.49316, -0.57125, -0.02882], [1.45889, -0.60923, -0.02932], [1.41224, -0.65297, -0.02965], [1.37396, -0.68072, -0.0301], [1.33546, -0.70862, -0.0307], [1.29683, -0.73657, -0.03156], [1.24972, -0.76002, -0.03191], [1.20536, -0.77971, -0.03244], [1.1609, -0.7994, -0.03336], [1.11149, -0.81839, -0.03439], [1.06434, -0.82836, -0.03485], [1.01723, -0.83831, -0.03547], [0.9682, -0.8486, -0.03667], [0.90028, -0.85272, -0.03728], [0.84797, -0.85268, -0.03768], [0.7957, -0.85263, -0.03813], [0.72542, -0.84334, -0.03782], [0.67452, -0.8326, -0.0371], [0.62458, -0.82207, -0.03629], [0.56844, -0.80443, -0.03444], [0.52246, -0.78429, -0.0315], [0.47637, -0.76413, -0.02837], [0.42672, -0.74163, -0.02491], [0.38648, -0.71302, -0.02007], [0.34605, -0.68431, -0.01493], [0.30535, -0.65543, -0.00956], [0.26606, -0.62054, 0.008], [0.23459, -0.58359, 0.02077], [0.20284, -0.54633, 0.03359], [0.17087, -0.50882, 0.04639], [0.14469, -0.46048, 0.06214], [0.12227, -0.41468, 0.07293], [0.09985, -0.36895, 0.08361], [0.07995, -0.31741, 0.09265], [0.06647, -0.2682, 0.10002], [0.05466, -0.21875, 0.11115], [0.03308, -0.1686, 0.09261], [0.02637, -0.12116, 0.08439], [0.01417, -0.0793, 0.0813], [0.0111, -0.03856, 0.08208], [-0.01651, -0.00208, 0.09547], [-0.02062, 0.00035, 0.10837], [-0.03488, 0.00185, 0.13343], [-0.04813, -0.00281, 0.15619], [-0.07016, -0.00781, 0.18072], [-0.09436, -0.01676, 0.20421], [-0.11871, -0.02966, 0.22092], [-0.14881, -0.04491, 0.23822], [-0.1604, -0.07865, 0.2418], [-0.17228, -0.11454, 0.24541], [-0.18455, -0.15453, 0.24798], [-0.19704, -0.19498, 0.2477], [-0.20929, -0.23757, 0.24703], [-0.22165, -0.28184, 0.24616], [-0.23665, -0.32842, 0.24171], [-0.25156, -0.37427, 0.23723], [-0.26402, -0.4224, 0.2303], [-0.28821, -0.46466, 0.22399], [-0.32084, -0.50145, 0.22372], [-0.3538, -0.5381, 0.2237], [-0.39105, -0.57428, 0.22065], [-0.42781, -0.60739, 0.21687], [-0.46545, -0.63983, 0.21385], [-0.50746, -0.67114, 0.20862], [-0.54894, -0.69944, 0.20206], [-0.5906, -0.7294, 0.19162], [-0.63823, -0.74731, 0.19005], [-0.68447, -0.76095, 0.18589], [-0.73155, -0.7743, 0.18224], [-0.78261, -0.78704, 0.17868], [-0.8313, -0.79386, 0.17107], [-0.88067, -0.80026, 0.16391], [-0.93071, -0.8083, 0.15322], [-0.98179, -0.80143, 0.15118], [-1.02938, -0.79289, 0.14851], [-1.0773, -0.78391, 0.14645], [-1.12836, -0.77079, 0.14372], [-1.17403, -0.75349, 0.13889], [-1.21985, -0.73559, 0.13492], [-1.26584, -0.7171, 0.13176], [-1.31228, -0.68964, 0.12514], [-1.35545, -0.6629, 0.11862], [-1.39898, -0.63569, 0.11241], [-1.44316, -0.60178, 0.09892], [-1.47992, -0.5589, 0.10316], [-1.51691, -0.5158, 0.10734], [-1.54018, -0.45524, 0.13696], [-1.57237, -0.45503, 0.07246]], "3-5": [[-0.0146, 0.13165, -0.04875], [-0.02504, 0.16816, -0.02543], [-0.02977, 0.196, -0.01186], [-0.02968, 0.19574, -0.01209], [-0.02958, 0.19548, -0.01232], [-0.02949, 0.19522, -0.01254], [-0.0294, 0.19496, -0.01277], [-0.02931, 0.1947, -0.013], [-0.02921, 0.19444, -0.01323], [-0.02912, 0.19418, -0.01346], [-0.02903, 0.19392, -0.01369], [-0.02893, 0.19366, -0.01391], [-0.02933, 0.19335, -0.01475], [-0.02925, 0.19307, -0.01497], [-0.02916, 0.1928, -0.01519], [-0.02907, 0.19252, -0.01542], [-0.02899, 0.19224, -0.01564], [-0.02893, 0.19185, -0.01574], [-0.02887, 0.19146, -0.01583], [-0.02881, 0.19107, -0.01593], [-0.02875, 0.19068, -0.01603], [-0.02869, 0.19029, -0.01612], [-0.02863, 0.18991, -0.01622], [-0.02857, 0.18952, -0.01631], [-0.02852, 0.18913, -0.01641], [-0.02846, 0.18874, -0.01651], [-0.0284, 0.18835, -0.0166], [-0.02834, 0.18797, -0.0167], [-0.02828, 0.18758, -0.0168], [-0.02822, 0.18719, -0.01689], [-0.02816, 0.1868, -0.01699], [-0.0281, 0.18641, -0.01709], [-0.02804, 0.18603, -0.01718], [-0.02798, 0.18564, -0.01728], [-0.02792, 0.18525, -0.01738], [-0.02787, 0.18486, -0.01747], [-0.02781, 0.18447, -0.01757], [-0.02775, 0.18409, -0.01767], [-0.02769, 0.1837, -0.01776], [-0.02763, 0.18331, -0.01786], [-0.02757, 0.18292, -0.01796], [-0.02751, 0.18253, -0.01805], [-0.02745, 0.18215, -0.01815], [-0.02739, 0.18176, -0.01825], [-0.02733, 0.18137, -0.01834], [-0.02727, 0.18098, -0.01844], [-0.02722, 0.18059, -0.01854], [-0.02716, 0.1802, -0.01863], [-0.0271, 0.17982, -0.01873], [-0.02704, 0.17943, -0.01883], [-0.02696, 0.17913, -0.01901], [-0.02687, 0.17886, -0.01924], [-0.02679, 0.1786, -0.01947], [-0.0267, 0.17833, -0.0197], [-0.02661, 0.17807, -0.01993], [-0.02652, 0.17781, -0.02016], [-0.02644, 0.17754, -0.02039], [-0.02635, 0.17728, -0.02062], [-0.02626, 0.17702, -0.02085], [-0.02617, 0.17675, -0.02108], [-0.027, 0.17497, -0.0202], [-0.02692, 0.17468, -0.02042], [-0.02684, 0.17439, -0.02064], [-0.02676, 0.17411, -0.02086], [-0.02667, 0.17382, -0.02108], [-0.02659, 0.17353, -0.0213], [-0.02651, 0.17325, -0.02152], [-0.02642, 0.17296, -0.02174], [-0.02634, 0.17267, -0.02196], [-0.02626, 0.17239, -0.02218], [-0.02618, 0.1721, -0.0224], [-0.0261, 0.17177, -0.02258], [-0.02603, 0.17139, -0.02267], [-0.02596, 0.171, -0.02277], [-0.02589, 0.17062, -0.02286], [-0.02582, 0.17023, -0.02296], [-0.02575, 0.16984, -0.02305], [-0.02568, 0.16946, -0.02315], [-0.02561, 0.16907, -0.02324], [-0.02554, 0.16869, -0.02334], [-0.02547, 0.1683, -0.02343], [-0.0254, 0.16791, -0.02353], [-0.02533, 0.16753, -0.02363], [-0.02526, 0.16714, -0.02372], [-0.02519, 0.16675, -0.02382], [-0.02513, 0.16637, -0.02391], [-0.02506, 0.16598, -0.02401], [-0.02499, 0.1656, -0.0241], [-0.02492, 0.16521, -0.0242], [-0.02485, 0.16482, -0.02429], [-0.02478, 0.16444, -0.02439], [-0.02471, 0.16405, -0.02448], [-0.02464, 0.16367, -0.02458], [-0.02457, 0.16328, -0.02467], [-0.0245, 0.16289, -0.02477], [-0.01206, 0.09686, -0.04121], [-0.00479, 0.06755, -0.06932], [0.00561, 0.03953, -0.10444], [0.01413, -0.01239, -0.16767]],