{"graph": "k5e", "genus": 2, "class": 5, "representative": {"1": [3, 4, 5], "2": [3, 4, 5], "3": [1, 2, 4, 5], "4": [1, 2, 5, 3], "5": [1, 3, 2, 4]}, "vertices": {"1": [1.03347, 0.73973, 0.20583], "2": [-0.23248, 0.0582, 0.26485], "3": [0.26655, -0.0, 0.26742], "4": [-0.28438, -0.64116, 0.00208], "5": [0.26655, 0.0, -0.26742]}, "edges": {"1-3": [[1.03347, 0.73973, 0.20583], [1.00534, 0.68424, 0.24321], [0.9874, 0.64807, 0.25811], [0.96908, 0.61471, 0.2659], [0.94785, 0.57599, 0.26742], [0.92437, 0.53717, 0.2627], [0.9004, 0.49878, 0.25231], [0.86632, 0.47827, 0.24313], [0.82976, 0.45358, 0.2316], [0.79322, 0.44044, 0.22494], [0.75239, 0.4256, 0.22054], [0.71236, 0.41063, 0.21783], [0.66968, 0.39287, 0.21865], [0.62874, 0.37559, 0.22104], [0.58676, 0.35519, 0.22701], [0.54398, 0.33889, 0.23531], [0.50711, 0.30564, 0.23761], [0.47188, 0.27361, 0.24031], [0.43747, 0.2394, 0.24599], [0.40364, 0.20507, 0.25142], [0.3676, 0.17321, 0.25879], [0.33476, 0.13857, 0.26318], [0.29808, 0.10522, 0.26742], [0.26655, 0.07, 0.26742], [0.26655, -0.0, 0.26742]], "2-4": [[-0.23248, 0.0582, 0.26485], [-0.26035, -0.00764, 0.26742], [-0.2699, -0.05194, 0.26742], [-0.28011, -0.0963, 0.26742], [-0.29155, -0.14075, 0.26742], [-0.30475, -0.18527, 0.26742], [-0.32009, -0.22979, 0.26742], [-0.33779, -0.27426, 0.26742], [-0.35794, -0.31865, 0.26742], [-0.38044, -0.36301, 0.26742], [-0.40506, -0.40752, 0.26742], [-0.42835, -0.45523, 0.26582], [-0.46577, -0.48382, 0.26626], [-0.50393, -0.51209, 0.26617], [-0.54331, -0.54043, 0.26621], [-0.58484, -0.56867, 0.26445], [-0.6267, -0.59602, 0.26274], [-0.67052, -0.62287, 0.26071], [-0.7193, -0.63388, 0.26058], [-0.76893, -0.64422, 0.26062], [-0.8201, -0.65396, 0.25953], [-0.87078, -0.66314, 0.25757], [-0.92156, -0.6761, 0.25379], [-0.96793, -0.66831, 0.25367], [-1.01173, -0.66087, 0.25285], [-1.05413, -0.65418, 0.25183], [-1.096, -0.64722, 0.24859], [-1.13367, -0.64171, 0.24399], [-1.16894, -0.63766, 0.23922], [-1.20225, -0.63485, 0.23431], [-1.23747, -0.63354, 0.22394], [-1.24018, -0.64627, 0.21526], [-1.21038, -0.66857, 0.21031], [-1.18111, -0.68906, 0.20534], [-1.1495, -0.70958, 0.20103], [-1.11678, -0.73408, 0.19155], [-1.0758, -0.75413, 0.18347], [-1.03471, -0.77089, 0.1747], [-0.99154, -0.7874, 0.16669], [-0.94738, -0.8061, 0.15568], [-0.89656, -0.81354, 0.1441], [-0.84709, -0.81755, 0.13711], [-0.79725, -0.82154, 0.13018], [-0.74346, -0.82076, 0.12098], [-0.69334, -0.81806, 0.10594], [-0.64352, -0.81137, 0.09413], [-0.58952, -0.80215, 0.08192], [-0.54196, -0.78632, 0.0668], [-0.49385, -0.7698, 0.04683], [-0.44629, -0.75051, 0.03034], [-0.39789, -0.72225, 0.0128], [-0.34035, -0.68001, -0.01616], [-0.30537, -0.64459, -0.06808], [-0.28438, -0.64116, 0.00208]], "4-5": [[-0.28438, -0.64116, 0.00208], [-0.27569, -0.61646, 0.07098], [-0.30543, -0.65547, -0.00978], [-0.34398, -0.67267, -0.068], [-0.37681, -0.68193, -0.10455], [-0.41358, -0.68362, -0.14189], [-0.45028, -0.67935, -0.17563], [-0.48821, -0.66967, -0.20388], [-0.48554, -0.64013, -0.2223], [-0.47798, -0.60394, -0.2375], [-0.4652, -0.56911, -0.24675], [-0.45204, -0.5304, -0.25648], [-0.4332, -0.4934, -0.26051], [-0.41031, -0.45471, -0.26302], [-0.38552, -0.41562, -0.26468], [-0.35922, -0.37565, -0.26622], [-0.34803, -0.32706, -0.26742], [-0.33378, -0.28056, -0.26742], [-0.31992, -0.23349, -0.26742], [-0.3067, -0.18596, -0.26742], [-0.29428, -0.13807, -0.26742], [-0.28279, -0.08989, -0.26742], [-0.27234, -0.04151, -0.26742], [-0.26305, 0.00697, -0.26742], [-0.25514, 0.05551, -0.26742], [-0.24475, 0.10446, -0.26643], [-0.24141, 0.1537, -0.26364], [-0.24118, 0.20192, -0.26041], [-0.24462, 0.25, -0.25793], [-0.24534, 0.30027, -0.25138], [-0.2542, 0.34685, -0.24439], [-0.2666, 0.39317, -0.23883], [-0.28085, 0.44256, -0.2308], [-0.30195, 0.48532, -0.22135], [-0.3252, 0.52763, -0.21329], [-0.35239, 0.57089, -0.20605], [-0.37998, 0.61106, -0.19118], [-0.41126, 0.64739, -0.17889], [-0.4433, 0.68351, -0.16729], [-0.48031, 0.71937, -0.14825], [-0.5242, 0.74282, -0.14204], [-0.56821, 0.76615, -0.13608], [-0.61657, 0.78872, -0.1296], [-0.66294, 0.80397, -0.12042], [-0.70955, 0.81875, -0.11212], [-0.7563, 0.83333, -0.10022], [-0.80889, 0.83944, -0.09096], [-0.85738, 0.84235, -0.08196], [-0.90544, 0.84493, -0.07398], [-0.95662, 0.84549, -0.06652], [-1.00105, 0.83982, -0.05345], [-1.04298, 0.83181, -0.04508], [-1.08235, 0.82426, -0.0374], [-1.11869, 0.81731, -0.03018], [-1.12774, 0.81523, -0.02404], [-1.13256, 0.8138, -0.01784], [-1.13737, 0.81236, -0.01163], [-1.14219, 0.81093, -0.00542], [-1.14676, 0.80894, 0.00501], [-1.10577, 0.82233, 0.00886], [-1.06504, 0.83062, 0.0123], [-1.02149, 0.83952, 0.01569], [-0.97546, 0.84895, 0.01901], [-0.92235, 0.85434, 0.02175], [-0.87209, 0.85412, 0.02393], [-0.82108, 0.85388, 0.02617], [-0.76559, 0.85288, 0.02852], [-0.71629, 0.84224, 0.02997], [-0.66701, 0.83159, 0.0316], [-0.61779, 0.82094, 0.03336], [-0.56586, 0.80327, 0.03456], [-0.51976, 0.78266, 0.03525], [-0.47365, 0.76207, 0.03581], [-0.42435, 0.73847, 0.03606], [-0.38423, 0.70945, 0.03506], [-0.34423, 0.68055, 0.03377], [-0.3044, 0.65182, 0.03218], [-0.265, 0.61597, 0.02972], [-0.23223, 0.58007, 0.0266], [-0.19959, 0.54431, 0.02337], [-0.16664, 0.50808, 0.0211], [-0.1278, 0.44071, 0.04879], [-0.10033, 0.39779, 0.03905], [-0.08011, 0.35695, 0.04735], [-0.05877, 0.31145, 0.03567], [-0.07465, 0.24885, 0.02646], [-0.05476, 0.20789, 0.00448], [-0.02269, 0.15155, -0.00837], [0.02398, 0.12493, -0.02179], [0.0298, 0.08379, -0.03306], [0.03563, 0.04261, -0.04368], [0.00438, -0.0005, -0.0587], [0.00868, -0.03192, -0.07328], [0.01541, -0.06098, -0.0894], [0.02312, -0.08459, -0.104], [0.06725, -0.07707, -0.1694], [0.09613, -0.06662, -0.20169], [0.12541, -0.05362, -0.22396], [0.16051, -0.03776, -0.24377], [0.1975, -0.02039, -0.25826], [0.26655, 0.0, -0.26742]],