{"graph": "k5e", "genus": 2, "class": 35, "representative": {"1": [3, 4, 5], "2": [3, 5, 4], "3": [1, 2, 4, 5], "4": [1, 5, 3, 2], "5": [1, 3, 2, 4]}, "vertices": {"1": [-1.65875, -0.2645, 0.08163], "2": [1.19466, 0.19988, -0.17822], "3": [1.59938, -0.31641, -0.16195], "4": [-0.01549, 0.13952, 0.02073], "5": [0.011, -0.04815, -0.16487]}, "edges": {"1-3": [[-1.65875, -0.2645, 0.08163], [-1.62334, -0.29466, 0.13617], [-1.60797, -0.34836, 0.12778], [-1.58825, -0.39534, 0.11661], [-1.56852, -0.44223, 0.10259], [-1.54574, -0.48722, 0.09404], [-1.51302, -0.53087, 0.08509], [-1.48109, -0.56986, 0.07777], [-1.44878, -0.60843, 0.07222], [-1.4103, -0.64663, 0.0668], [-1.37138, -0.67735, 0.06066], [-1.33268, -0.708, 0.05109], [-1.2934, -0.73717, 0.04623], [-1.24579, -0.76073, 0.04103], [-1.20227, -0.78065, 0.03628], [-1.16016, -0.79988, 0.03208], [-1.11541, -0.81821, 0.02827], [-1.07549, -0.82712, 0.02424], [-1.03827, -0.8354, 0.02083], [-1.00361, -0.84306, 0.01807], [-0.97523, -0.8508, -0.00208], [-0.94313, -0.85551, -0.01061], [-0.97924, -0.84769, -0.0232], [-1.01206, -0.83935, -0.03595], [-1.04669, -0.83058, -0.04916], [-1.08299, -0.81851, -0.0669], [-1.12527, -0.80382, -0.08095], [-1.16276, -0.78264, -0.09364], [-1.20084, -0.75886, -0.11136], [-1.23896, -0.73304, -0.12544], [-1.27946, -0.70298, -0.13994], [-1.31313, -0.66953, -0.15261], [-1.3435, -0.63178, -0.16871], [-1.3742, -0.59489, -0.18189], [-1.40419, -0.55226, -0.19238], [-1.4272, -0.50774, -0.20421], [-1.45126, -0.46444, -0.21232], [-1.47513, -0.41798, -0.21839], [-1.4956, -0.37266, -0.222], [-1.51589, -0.32757, -0.22563], [-1.5118, -0.2755, -0.24036], [-1.50777, -0.22666, -0.24884], [-1.49838, -0.17694, -0.25762], [-1.49085, -0.12801, -0.26211], [-1.48107, -0.0806, -0.26525], [-1.46499, -0.03349, -0.26742], [-1.45144, 0.0124, -0.26742], [-1.4367, 0.05754, -0.26742], [-1.42145, 0.10201, -0.26742], [-1.38339, 0.13412, -0.26297], [-1.34902, 0.16613, -0.25809], [-1.31047, 0.19489, -0.24825], [-1.27467, 0.22041, -0.23956], [-1.23394, 0.2428, -0.22621], [-1.19705, 0.26217, -0.21198], [-1.15428, 0.27748, -0.19437], [-1.11713, 0.29151, -0.17477], [-1.0738, 0.30029, -0.15216], [-1.03704, 0.30988, -0.12828], [-0.99482, 0.31375, -0.1008], [-0.95873, 0.31948, -0.074], [-0.91832, 0.32068, -0.0427], [-0.8829, 0.32302, -0.01399], [-0.84364, 0.3236, 0.01951], [-0.80859, 0.32333, 0.04933], [-0.76882, 0.32451, 0.08294], [-0.73238, 0.32539, 0.11636], [-0.69156, 0.32455, 0.14394], [-0.65162, 0.32698, 0.17335], [-0.60956, 0.32385, 0.19812], [-0.56477, 0.32595, 0.21925], [-0.51766, 0.32318, 0.23935], [-0.47201, 0.31619, 0.25244], [-0.42263, 0.31085, 0.26146], [-0.37207, 0.30133, 0.26742], [-0.32538, 0.28679, 0.26742], [-0.27506, 0.27181, 0.26219], [-0.22529, 0.25219, 0.25181], [-0.18773, 0.22485, 0.23961], [-0.14878, 0.19594, 0.22334], [-0.11595, 0.16323, 0.20792], [-0.08558, 0.12467, 0.1842], [-0.06195, 0.08589, 0.16248], [-0.03893, 0.04458, 0.13576], [-0.0205, 0.00141, 0.10802], [0.01144, -0.03923, 0.08423], [0.01389, -0.08121, 0.0754], [0.0301, -0.12457, 0.0689], [0.03521, -0.1516, 0.04584], [0.04132, -0.1797, 0.02408], [0.0341, -0.22798, 0.0168], [0.05526, -0.2792, 0.01435], [0.06703, -0.3354, -0.02403], [0.09286, -0.38359, -0.04836], [0.1204, -0.42884, -0.04799], [0.14743, -0.47212, -0.0515], [0.17901, -0.51671, -0.0538], [0.21411, -0.55302, -0.06073], [0.24847, -0.58969, -0.06381], [0.28275, -0.62608, -0.06731], [0.32604, -0.65935, -0.06873], [0.36713, -0.68854, -0.07039], [0.40819, -0.71741, -0.07281], [0.45499, -0.74477, -0.07481], [0.50062, -0.7647, -0.07589], [0.54624, -0.7843, -0.07791], [0.59186, -0.80355, -0.0809], [0.64484, -0.81564, -0.08205], [0.69418, -0.82549, -0.08398], [0.74352, -0.83501, -0.08692], [0.7978, -0.83997, -0.08932], [0.84812, -0.83939, -0.09113], [0.89845, -0.8385, -0.09387], [0.95277, -0.83618, -0.0972], [1.00137, -0.82545, -0.09842], [1.05008, -0.81452, -0.10016], [1.09892, -0.80345, -0.10221], [1.14452, -0.77908, -0.11909], [1.18869, -0.75606, -0.12442], [1.23272, -0.73289, -0.13009], [1.27895, -0.70645, -0.13558], [1.31771, -0.67645, -0.13817], [1.35581, -0.64635, -0.14157], [1.39316, -0.6163, -0.14568], [1.42931, -0.57968, -0.14715], [1.45985, -0.54197, -0.15156], [1.48988, -0.50476, -0.15607], [1.51765, -0.46212, -0.16246], [1.54744, -0.42325, -0.15387], [1.57443, -0.38301, -0.14821], [1.59938, -0.31641, -0.16195]], "2-5": [[1.19466, 0.19988, -0.17822], [1.20098, 0.13747, -0.14967], [1.22252, 0.09674, -0.16147], [1.2388, 0.05747, -0.17054], [1.25201, 0.01434, -0.18017], [1.26008, -0.0267, -0.19057], [1.26743, -0.0717, -0.20254], [1.26829, -0.11436, -0.21051], [1.26409, -0.15929, -0.21773], [1.25578, -0.20137, -0.22489], [1.24491, -0.24643, -0.23385], [1.22863, -0.28766, -0.2382], [1.20715, -0.32849, -0.24329], [1.18358, -0.36674, -0.24728], [1.15494, -0.40344, -0.25304], [1.12628, -0.44211, -0.25753], [1.09341, -0.475, -0.26062], [1.05743, -0.50607, -0.26356], [1.02014, -0.53446, -0.26639], [0.9811, -0.56521, -0.26742], [0.93954, -0.58951, -0.26742], [0.89659, -0.61163, -0.26742], [0.85253, -0.63611, -0.26335], [0.80765, -0.65499, -0.25931], [0.76054, -0.67638, -0.25113], [0.71178, -0.67125, -0.24884], [0.66277, -0.66588, -0.24663], [0.61206, -0.65848, -0.24222], [0.56284, -0.65045, -0.23654], [0.51188, -0.64465, -0.22761], [0.46413, -0.6281, -0.22022], [0.41877, -0.61115, -0.21076], [0.37078, -0.59658, -0.19822], [0.32787, -0.56864, -0.192], [0.2898, -0.5398, -0.18195], [0.25146, -0.51046, -0.17206], [0.21292, -0.48062, -0.16238], [0.17508, -0.44548, -0.14395], [0.14432, -0.40542, -0.13423], [0.11069, -0.36596, -0.11968], [0.09189, -0.32417, -0.11975], [0.07434, -0.2815, -0.11844], [0.05858, -0.23876, -0.11505], [0.07454, -0.18849, -0.11716], [0.01668, -0.16095, -0.12475], [0.02826, -0.11214, -0.14752], [0.011, -0.04815, -0.16487]], "3-5": [[1.59938, -0.31641, -0.16195], [1.63476, -0.32092, -0.0983], [1.65164, -0.27877, -0.0889], [1.66826, -0.23767, -0.07929], [1.68438, -0.19849, -0.06932], [1.69723, -0.1567, -0.05787], [1.7036, -0.1207, -0.03739], [1.70884, -0.08641, -0.02185], [1.71395, -0.05319, -0.00649], [1.71074, -0.06765, 0.0225], [1.70555, -0.08965, 0.04988], [1.69418, -0.11215, 0.08167], [1.67998, -0.13626, 0.11397], [1.6617, -0.16195, 0.14096], [1.63339, -0.19117, 0.16904], [1.60388, -0.21697, 0.19148], [1.56725, -0.24015, 0.21457], [1.52676, -0.26083, 0.23602], [1.48357, -0.28037, 0.25151], [1.43314, -0.29155, 0.26185], [1.38136, -0.2991, 0.26742], [1.33317, -0.30564, 0.26742], [1.28148, -0.30714, 0.25853], [1.23195, -0.30526, 0.24458], [1.18414, -0.30363, 0.22524], [1.14222, -0.30542, 0.20336], [1.10162, -0.2963, 0.16892], [1.06287, -0.29255, 0.13006], [1.02862, -0.29394, 0.08734], [0.99933, -0.29451, 0.04411], [0.96946, -0.30329, 0.00458], [0.94499, -0.31461, -0.03896], [0.91672, -0.33074, -0.08105], [0.892, -0.35079, -0.11999], [0.86178, -0.36945, -0.15249], [0.82964, -0.39467, -0.18264], [0.79776, -0.4193, -0.20915], [0.76086, -0.43903, -0.22885], [0.72029, -0.46227, -0.24435], [0.67845, -0.48284, -0.25745], [0.63459, -0.49664, -0.26396], [0.58754, -0.51142, -0.26742], [0.54135, -0.51904, -0.26742], [0.49212, -0.52694, -0.26211], [0.44275, -0.53166, -0.25441], [0.39655, -0.52915, -0.24316], [0.34668, -0.52514, -0.22617], [0.31516, -0.4902, -0.22614], [0.28281, -0.45482, -0.22587], [0.24938, -0.41618, -0.22332], [0.21859, -0.37839, -0.21764], [0.1873, -0.34058, -0.21166], [0.15531, -0.30018, -0.20434], [0.12522, -0.26172, -0.18807], [0.09876, -0.222, -0.17367], [0.0677, -0.18493, -0.15282], [0.07187, -0.12817, -0.16857], [0.03921, -0.10026, -0.14502], [0.011, -0.04815, -0.16487]],