{"graph": "k5e", "genus": 2, "class": 7, "representative": {"1": [3, 4, 5], "2": [3, 4, 5], "3": [1, 2, 4, 5], "4": [1, 2, 5, 3], "5": [1, 4, 3, 2]}, "vertices": {"1": [-1.18069, -0.05075, -0.03624], "2": [-0.15031, 0.48409, -0.00886], "3": [-1.3898, 0.63403, -0.12414], "4": [-0.01326, -0.11112, -0.12724], "5": [1.6643, -0.29256, -0.00208]}, "edges": {"1-3": [[-1.18069, -0.05075, -0.03624], [-1.16359, -0.10401, 0.00354], [-1.18011, -0.06247, 0.0424], [-1.19579, -0.01746, 0.08522], [-1.21316, 0.02231, 0.12672], [-1.23343, 0.06453, 0.16539], [-1.25433, 0.10158, 0.19693], [-1.28152, 0.14186, 0.22591], [-1.31297, 0.18146, 0.24746], [-1.3477, 0.21928, 0.2614], [-1.38319, 0.25779, 0.26742], [-1.41867, 0.2949, 0.26418], [-1.45236, 0.33006, 0.25249], [-1.47919, 0.36107, 0.23515], [-1.50521, 0.39233, 0.20873], [-1.52574, 0.42225, 0.1769], [-1.53955, 0.45138, 0.14127], [-1.54602, 0.48055, 0.1036], [-1.53756, 0.50851, 0.07495], [-1.52483, 0.53395, 0.04249], [-1.50532, 0.55973, 0.0161], [-1.48134, 0.58697, -0.01226], [-1.45335, 0.61462, -0.03424], [-1.4187, 0.64368, -0.05889], [-1.3898, 0.63403, -0.12414]], "2-4": [[-0.15031, 0.48409, -0.00886], [-0.17416, 0.50535, -0.06757], [-0.12179, 0.42992, -0.03168], [-0.07237, 0.35049, 0.0013], [-0.06054, 0.30884, -0.01824], [-0.04753, 0.26683, -0.02411], [-0.03938, 0.20946, 0.00328], [-0.0307, 0.16489, 0.00276], [0.005, 0.12255, 0.05066], [0.00905, 0.09971, 0.06707], [0.02633, 0.07023, 0.06416], [0.04327, 0.04396, 0.05502], [0.03294, 0.02325, 0.0336], [0.03841, 0.00142, -0.01812], [0.01324, -0.01277, -0.08861], [0.02864, -0.04471, -0.11791], [0.05686, -0.06107, -0.15974], [0.08789, -0.06265, -0.19401], [0.12898, -0.0634, -0.2258], [0.17625, -0.06151, -0.24966], [0.22758, -0.0571, -0.26384], [0.28032, -0.05052, -0.26742], [0.33174, -0.04211, -0.26048], [0.37934, -0.03213, -0.24403], [0.42117, -0.02079, -0.21984], [0.45608, -0.00825, -0.19022], [0.48161, 0.00194, -0.16112], [0.50405, 0.01666, -0.12666], [0.52172, 0.03254, -0.09088], [0.5278, 0.06444, -0.08252], [0.53714, 0.09653, -0.08194], [0.54888, 0.13315, -0.08241], [0.56536, 0.16582, -0.08591], [0.58321, 0.20002, -0.09086], [0.61034, 0.23401, -0.09884], [0.63672, 0.26606, -0.11136], [0.67009, 0.29725, -0.12113], [0.70413, 0.3228, -0.13225], [0.74342, 0.34722, -0.14327], [0.78284, 0.36367, -0.15612], [0.82282, 0.38285, -0.16944], [0.86742, 0.39332, -0.18112], [0.90996, 0.40048, -0.19121], [0.95651, 0.4047, -0.20426], [1.0005, 0.40415, -0.21204], [1.04554, 0.39746, -0.22096], [1.08753, 0.38682, -0.22704], [1.1315, 0.36928, -0.2345], [1.17064, 0.34539, -0.2362], [1.20787, 0.3165, -0.23993], [1.24298, 0.28554, -0.24234], [1.2737, 0.25298, -0.24647], [1.30276, 0.21686, -0.24965], [1.32782, 0.1799, -0.25356], [1.35479, 0.14084, -0.25759], [1.37474, 0.09976, -0.25937], [1.39104, 0.05627, -0.26186], [1.40363, 0.01151, -0.26354], [1.41219, -0.03337, -0.26585], [1.42139, -0.08023, -0.26742], [1.42283, -0.12701, -0.26742], [1.4206, -0.17381, -0.26742], [1.41441, -0.22017, -0.26742], [1.40383, -0.26559, -0.26742], [1.38892, -0.30995, -0.26742], [1.37433, -0.35603, -0.26585], [1.34857, -0.39482, -0.26506], [1.32134, -0.43251, -0.264], [1.2918, -0.46891, -0.26348], [1.25884, -0.50381, -0.26194], [1.22402, -0.53604, -0.26074], [1.1869, -0.56626, -0.26018], [1.14671, -0.59472, -0.25816], [1.1055, -0.62111, -0.25659], [1.0627, -0.65006, -0.25284], [1.01838, -0.6722, -0.24727], [0.9731, -0.69354, -0.24214], [0.92528, -0.71416, -0.23675], [0.87847, -0.73521, -0.22385], [0.83104, -0.75138, -0.21203], [0.78307, -0.77028, -0.19739], [0.73574, -0.76924, -0.18873], [0.68875, -0.75804, -0.19006], [0.64139, -0.74672, -0.19144], [0.59143, -0.73113, -0.19023], [0.54535, -0.71372, -0.18706], [0.4993, -0.69576, -0.18446], [0.45148, -0.67404, -0.18121], [0.40925, -0.6497, -0.17548], [0.36775, -0.62429, -0.1712], [0.32717, -0.59767, -0.16862], [0.28835, -0.56343, -0.1631], [0.25136, -0.53136, -0.15544], [0.21739, -0.49631, -0.15232], [0.18461, -0.45609, -0.14827], [0.15865, -0.41319, -0.14675], [0.13261, -0.37113, -0.1445], [0.10669, -0.32687, -0.14149], [0.08663, -0.2808, -0.13841], [0.06566, -0.236, -0.12965], [0.03355, -0.20453, -0.11373], [0.0233, -0.16918, -0.12514], [-0.01326, -0.11112, -0.12724]], "4-5": [[-0.01326, -0.11112, -0.12724], [0.01425, -0.17322, -0.11286], [0.03113, -0.21774, -0.10013], [0.0519, -0.26413, -0.09439], [0.06804, -0.30387, -0.08834], [0.08601, -0.34455, -0.0877], [0.10467, -0.38733, -0.08232], [0.13041, -0.42879, -0.08777], [0.15772, -0.46772, -0.09189], [0.18888, -0.50812, -0.09569], [0.222, -0.5436, -0.09838], [0.25544, -0.5793, -0.10137], [0.28912, -0.61518, -0.10455], [0.33257, -0.64659, -0.11115], [0.37185, -0.67722, -0.10734], [0.41218, -0.70652, -0.10734], [0.45823, -0.73471, -0.10734], [0.50489, -0.75174, -0.11416], [0.55085, -0.77026, -0.11725], [0.59678, -0.7887, -0.12044], [0.6491, -0.80151, -0.11959], [0.69805, -0.81254, -0.11853], [0.74692, -0.8235, -0.11755], [0.79599, -0.83626, -0.10082], [0.84627, -0.83597, -0.10172], [0.89646, -0.83561, -0.10282], [0.95056, -0.83437, -0.10411], [0.99878, -0.82454, -0.10283], [1.04703, -0.81459, -0.10188], [1.09532, -0.80457, -0.10114], [1.1461, -0.788, -0.09946], [1.19177, -0.76803, -0.09843], [1.23743, -0.74807, -0.09739], [1.28607, -0.72522, -0.09602], [1.32623, -0.69765, -0.09199], [1.36642, -0.66878, -0.09117], [1.40634, -0.63997, -0.09069], [1.44551, -0.60397, -0.08897], [1.47854, -0.56828, -0.0869], [1.51099, -0.53277, -0.08582], [1.54488, -0.49408, -0.08573], [1.56831, -0.45464, -0.08396], [1.59116, -0.41551, -0.08326], [1.61365, -0.37654, -0.0833], [1.64095, -0.32877, -0.07259], [1.67005, -0.26119, -0.04244], [1.68523, -0.21559, -0.03912], [1.69904, -0.16514, -0.03633], [1.70431, -0.11829, -0.03308], [1.70949, -0.07212, -0.02996], [1.71455, -0.02708, -0.02686], [1.71556, 0.02096, -0.02332], [1.71568, 0.02315, -0.02002], [1.7158, 0.02533, -0.01671], [1.71592, 0.02752, -0.01341], [1.71602, 0.02966, -0.01029], [1.71587, 0.03073, -0.01061], [1.71573, 0.03181, -0.01093], [1.71543, 0.03399, 0.01158], [1.71504, 0.03686, 0.01243], [1.71465, 0.03972, 0.01329], [1.71426, 0.04259, 0.01414], [1.71837, 0.0027, 0.01487], [1.71408, -0.04391, 0.01453], [1.70974, -0.08839, 0.01134], [1.7053, -0.13356, 0.0084], [1.69947, -0.18312, 0.00558], [1.68591, -0.22599, -0.00225], [1.6643, -0.29256, -0.00208]], "1-4": [[-1.18069, -0.05075, -0.03624], [-1.18197, 0.00548, 0.00307], [-1.17959, 0.04744, 0.0224], [-1.17389, 0.08525, 0.0418], [-1.16491, 0.12704, 0.06487], [-1.15247, 0.16445, 0.08396], [-1.13787, 0.20185, 0.10224], [-1.11723, 0.24085, 0.12408], [-1.09588, 0.27603, 0.14057], [-1.06869, 0.31162, 0.16114], [-1.04129, 0.34383, 0.17551], [-1.0078, 0.37364, 0.19071], [-0.97583, 0.40404, 0.20672], [-0.93803, 0.42953, 0.21919], [-0.90062, 0.45192, 0.23039], [-0.85892, 0.47551, 0.2419], [-0.81553, 0.4927, 0.24959], [-0.77151, 0.51091, 0.25818], [-0.72521, 0.52325, 0.26282], [-0.67689, 0.53845, 0.26742], [-0.62867, 0.53768, 0.26742], [-0.57953, 0.53607, 0.26742], [-0.52705, 0.53643, 0.26486], [-0.47656, 0.53109, 0.25944], [-0.42297, 0.52695, 0.25091], [-0.37978, 0.50948, 0.24446], [-0.33803, 0.49087, 0.23614], [-0.29447, 0.47217, 0.22372], [-0.25477, 0.44877, 0.2136], [-0.21636, 0.42001, 0.20103], [-0.17719, 0.39366, 0.17852], [-0.13957, 0.3658, 0.1574], [-0.10972, 0.33076, 0.14346], [-0.08375, 0.29493, 0.12632], [-0.06115, 0.25739, 0.1083], [-0.04772, 0.21974, 0.07584], [-0.03803, 0.18012, 0.05606], [-0.00672, 0.13557, 0.01551], [-0.0175, 0.09867, -0.00943], [-0.00871, 0.05515, -0.03455], [0.00073, 0.00711, -0.05793], [0.00893, -0.04115, -0.07764], [-0.01326, -0.11112, -0.12724]],