{"graph": "k5e", "genus": 2, "class": 13, "representative": {"1": [3, 4, 5], "2": [3, 4, 5], "3": [1, 2, 4, 5], "4": [1, 3, 5, 2], "5": [1, 4, 3, 2]}, "vertices": {"1": [0.24983, -0.53839, -0.14527], "2": [-0.57029, 0.14915, -0.02809], "3": [0.26655, -0.0, 0.26742], "4": [-0.00443, 0.10725, -0.08175], "5": [1.42718, 0.32927, 0.25892]}, "edges": {"1-3": [[0.24983, -0.53839, -0.14527], [0.26269, -0.58976, -0.0964], [0.31016, -0.6163, -0.13089], [0.36035, -0.63179, -0.15957], [0.40793, -0.64973, -0.17459], [0.45482, -0.66701, -0.18976], [0.50761, -0.67838, -0.20383], [0.55651, -0.68778, -0.21209], [0.60433, -0.69615, -0.22071], [0.65386, -0.7029, -0.22753], [0.70481, -0.69602, -0.23734], [0.75387, -0.69073, -0.24423], [0.80367, -0.68322, -0.2506], [0.85085, -0.66825, -0.25648], [0.8972, -0.65454, -0.25941], [0.94373, -0.63867, -0.26201], [0.98881, -0.62128, -0.26365], [1.0336, -0.60319, -0.26544], [1.06726, -0.56499, -0.26742], [1.1016, -0.531, -0.26742], [1.13559, -0.49731, -0.26742], [1.15954, -0.45413, -0.26379], [1.18494, -0.41495, -0.2602], [1.20804, -0.377, -0.25686], [1.22342, -0.32847, -0.24869], [1.23921, -0.28336, -0.24043], [1.24968, -0.23899, -0.23403], [1.25542, -0.19217, -0.22131], [1.25812, -0.1487, -0.2112], [1.2546, -0.10208, -0.19739], [1.2506, -0.06002, -0.18394], [1.24279, -0.01541, -0.17005], [1.22798, 0.02526, -0.15294], [1.21421, 0.06836, -0.13693], [1.19439, 0.10634, -0.12199], [1.17184, 0.14244, -0.10182], [1.14431, 0.17931, -0.08508], [1.11538, 0.21018, -0.06778], [1.08114, 0.24089, -0.0458], [1.04635, 0.26479, -0.02719], [1.01, 0.28563, -0.008], [0.96889, 0.30481, 0.01562], [0.92988, 0.31751, 0.03603], [0.89079, 0.32903, 0.0609], [0.84378, 0.33432, 0.07727], [0.80095, 0.33527, 0.09484], [0.75458, 0.33457, 0.11677], [0.71299, 0.32954, 0.1367], [0.67028, 0.32616, 0.16036], [0.62538, 0.30551, 0.17117], [0.58387, 0.28505, 0.18312], [0.54265, 0.25904, 0.19789], [0.49938, 0.23646, 0.21406], [0.45802, 0.20715, 0.22952], [0.41198, 0.18021, 0.24423], [0.36384, 0.14923, 0.25797], [0.31763, 0.11577, 0.26516], [0.26567, 0.08281, 0.26742], [0.21312, 0.04839, 0.26096], [0.26655, -0.0, 0.26742]], "2-4": [[-0.57029, 0.14915, -0.02809], [-0.54247, 0.11077, -0.07988], [-0.53731, 0.06969, -0.05299], [-0.53481, 0.0242, -0.03125], [-0.53625, -0.0178, -0.0111], [-0.54108, -0.06387, 0.01129], [-0.55191, -0.10542, 0.0284], [-0.56659, -0.14605, 0.04399], [-0.58725, -0.18837, 0.06215], [-0.61163, -0.22434, 0.07586], [-0.63906, -0.25808, 0.08866], [-0.6742, -0.28869, 0.1014], [-0.70835, -0.31506, 0.11696], [-0.74819, -0.33934, 0.12735], [-0.78825, -0.35492, 0.13925], [-0.82931, -0.36782, 0.14964], [-0.87459, -0.37732, 0.16325], [-0.91724, -0.38126, 0.1719], [-0.96265, -0.37949, 0.18051], [-1.00455, -0.37337, 0.18896], [-1.0482, -0.36166, 0.19684], [-1.0897, -0.35022, 0.20634], [-1.13007, -0.3311, 0.21237], [-1.16583, -0.30964, 0.21824], [-1.19999, -0.2829, 0.22371], [-1.22958, -0.25515, 0.22796], [-1.26046, -0.22467, 0.235], [-1.28148, -0.18728, 0.23478], [-1.29835, -0.14905, 0.23675], [-1.31291, -0.10708, 0.23715], [-1.32313, -0.06441, 0.23873], [-1.33086, -0.01847, 0.24002], [-1.33563, 0.02692, 0.24254], [-1.33803, 0.07448, 0.24583], [-1.33856, 0.12029, 0.24989], [-1.34006, 0.16821, 0.2564], [-1.33655, 0.21317, 0.25868], [-1.32992, 0.25722, 0.26216], [-1.3208, 0.29955, 0.265], [-1.31365, 0.3426, 0.26742], [-1.29923, 0.38172, 0.26742], [-1.27151, 0.41186, 0.26742], [-1.24188, 0.44077, 0.26742], [-1.20915, 0.46775, 0.26742], [-1.17303, 0.49271, 0.26742], [-1.13386, 0.51595, 0.26742], [-1.09226, 0.53795, 0.26742], [-1.04887, 0.55916, 0.26742], [-1.00422, 0.57993, 0.26742], [-0.95876, 0.60043, 0.26742], [-0.91275, 0.62484, 0.26576], [-0.86639, 0.64404, 0.26165], [-0.81972, 0.6626, 0.25768], [-0.77095, 0.68336, 0.24904], [-0.72358, 0.69777, 0.23833], [-0.67475, 0.71363, 0.22304], [-0.63182, 0.71485, 0.21565], [-0.58608, 0.71112, 0.2053], [-0.54125, 0.70768, 0.19136], [-0.4975, 0.69852, 0.18083], [-0.451, 0.6852, 0.17081], [-0.40807, 0.67075, 0.1544], [-0.36784, 0.6497, 0.14287], [-0.32619, 0.62478, 0.13535], [-0.27507, 0.58366, 0.12519], [-0.22915, 0.55677, 0.08757], [-0.19134, 0.52354, 0.06941], [-0.14741, 0.47501, 0.03681], [-0.11729, 0.42613, -0.01256], [-0.09574, 0.38617, -0.02511], [-0.07223, 0.33646, -0.043], [-0.06567, 0.29892, -0.06829], [-0.05404, 0.25784, -0.07337], [-0.0419, 0.21663, -0.07703], [-0.02343, 0.15151, -0.04302], [-0.00443, 0.10725, -0.08175]], "1-5": [[0.24983, -0.53839, -0.14527], [0.29653, -0.52557, -0.19817], [0.33259, -0.55775, -0.20258], [0.36771, -0.59435, -0.19822], [0.41745, -0.60516, -0.21373], [0.46458, -0.61731, -0.22679], [0.51603, -0.62348, -0.23905], [0.56377, -0.62767, -0.24603], [0.61064, -0.62894, -0.25404], [0.65973, -0.62186, -0.26045], [0.70543, -0.61398, -0.26413], [0.75087, -0.59782, -0.26742], [0.79403, -0.58179, -0.26742], [0.83551, -0.55761, -0.26667], [0.875, -0.53451, -0.26173], [0.91222, -0.50402, -0.25466], [0.94521, -0.47551, -0.24528], [0.97715, -0.44433, -0.2346], [1.0034, -0.40989, -0.21673], [1.02917, -0.37523, -0.20126], [1.05215, -0.33971, -0.17624], [1.06842, -0.30335, -0.15096], [1.08862, -0.27005, -0.12473], [1.10226, -0.23707, -0.0933], [1.11926, -0.2038, -0.06351], [1.13293, -0.17431, -0.02792], [1.14904, -0.14238, 0.00868], [1.16417, -0.11507, 0.0415], [1.18318, -0.08477, 0.07821], [1.20215, -0.05805, 0.11416], [1.22261, -0.02693, 0.14393], [1.24801, 0.00141, 0.17422], [1.27249, 0.03452, 0.20338], [1.29647, 0.06893, 0.22342], [1.32517, 0.10342, 0.24186], [1.35314, 0.14161, 0.25731], [1.37765, 0.17964, 0.2648], [1.40673, 0.21967, 0.26742], [1.43828, 0.26036, 0.26424], [1.42718, 0.32927, 0.25892]],