{"graph": "k5e", "genus": 2, "class": 21, "representative": {"1": [3, 4, 5], "2": [3, 5, 4], "3": [1, 2, 4, 5], "4": [1, 2, 3, 5], "5": [1, 2, 3, 4]}, "vertices": {"1": [-0.46996, 0.06321, -0.18121], "2": [0.48264, 0.00156, -0.15957], "3": [-0.59483, 0.81941, -0.00208], "4": [0.01546, -0.12986, 0.10373], "5": [-1.48271, -0.31298, 0.24455]}, "edges": {"1-3": [[-0.46996, 0.06321, -0.18121], [-0.44474, 0.12001, -0.21507], [-0.48622, 0.13644, -0.18477], [-0.52054, 0.15172, -0.15149], [-0.53864, 0.17921, -0.14812], [-0.53917, 0.21132, -0.16909], [-0.53942, 0.24085, -0.18698], [-0.5389, 0.27618, -0.20896], [-0.53876, 0.31233, -0.22671], [-0.53344, 0.35462, -0.24352], [-0.52668, 0.39894, -0.2582], [-0.52361, 0.44388, -0.26636], [-0.51861, 0.49522, -0.26742], [-0.51587, 0.54827, -0.26141], [-0.51842, 0.60263, -0.24801], [-0.52524, 0.65441, -0.22507], [-0.53761, 0.70284, -0.19464], [-0.55676, 0.74398, -0.16137], [-0.57987, 0.78215, -0.11889], [-0.61495, 0.81553, -0.06316], [-0.66332, 0.83374, -0.00415], [-0.59483, 0.81941, -0.00208]], "2-5": [[0.48264, 0.00156, -0.15957], [0.51784, 0.0342, -0.10337], [0.51388, 0.05353, -0.11636], [0.52207, 0.08372, -0.11198], [0.53478, 0.11581, -0.10734], [0.56045, 0.17453, -0.11115], [0.60938, 0.23704, -0.10734], [0.70975, 0.31019, -0.10734], [0.79774, 0.33872, -0.10734], [0.91688, 0.33938, -0.10734], [0.98745, 0.32422, -0.11597], [1.02605, 0.31898, -0.13497], [1.07385, 0.30271, -0.15562], [1.10154, 0.29296, -0.16584], [1.12559, 0.2878, -0.17828], [1.15006, 0.27856, -0.19168], [1.17727, 0.27146, -0.20578], [1.20258, 0.26238, -0.21509], [1.22017, 0.24746, -0.2192], [1.22968, 0.21685, -0.21403], [1.23877, 0.18512, -0.2082], [1.24453, 0.15285, -0.20269], [1.2464, 0.11489, -0.19311], [1.24856, 0.0729, -0.18318], [1.2447, 0.02459, -0.17324], [1.23663, -0.03614, -0.16563], [1.22157, -0.0998, -0.16152], [1.19984, -0.16071, -0.16136], [1.17755, -0.20789, -0.16616], [1.14753, -0.25838, -0.17451], [1.1196, -0.3017, -0.1856], [1.0972, -0.34058, -0.20386], [1.07633, -0.37732, -0.21667], [1.05418, -0.41614, -0.23477], [1.0319, -0.45291, -0.24575], [1.01257, -0.4921, -0.25719], [0.99121, -0.52706, -0.26356], [0.97094, -0.56497, -0.26742], [0.94987, -0.59727, -0.26742], [0.92978, -0.63276, -0.26387], [0.8948, -0.62043, -0.2667], [0.8605, -0.60185, -0.26742], [0.82566, -0.58498, -0.26742], [0.79008, -0.5651, -0.26742], [0.75459, -0.53814, -0.26463], [0.71743, -0.51296, -0.26101], [0.6805, -0.48606, -0.2579], [0.64386, -0.45404, -0.25386], [0.60637, -0.42649, -0.24993], [0.56779, -0.39683, -0.24934], [0.52874, -0.36724, -0.2489], [0.49145, -0.33747, -0.25235], [0.4493, -0.30922, -0.25676], [0.41029, -0.27855, -0.26029], [0.36198, -0.21941, -0.26299], [0.31348, -0.20367, -0.26742], [0.26369, -0.18438, -0.26614], [0.2197, -0.15907, -0.25887], [0.17237, -0.1319, -0.24464], [0.12919, -0.10317, -0.22292], [0.09251, -0.0408, -0.20103], [0.05767, -0.0191, -0.16553], [0.03077, -0.00217, -0.14223], [0.02543, 0.02145, -0.14658], [0.00657, 0.05359, -0.10922], [-0.00329, 0.08638, -0.07974], [-0.01398, 0.12314, -0.05384], [-0.02316, 0.16163, -0.03044], [-0.03105, 0.20158, -0.00832], [-0.04887, 0.25462, -0.01558], [-0.06837, 0.30164, 0.06711], [-0.09077, 0.34632, 0.09751], [-0.11417, 0.38714, 0.10529], [-0.14011, 0.42741, 0.10923], [-0.16387, 0.46778, 0.10655], [-0.19758, 0.50472, 0.11688], [-0.23196, 0.53777, 0.12286], [-0.26676, 0.57104, 0.12912], [-0.3019, 0.60433, 0.13582], [-0.34488, 0.6355, 0.13937], [-0.38613, 0.66292, 0.14298], [-0.4276, 0.68982, 0.14751], [-0.4745, 0.71502, 0.15107], [-0.52005, 0.73391, 0.15327], [-0.56646, 0.75006, 0.15957], [-0.61329, 0.77295, 0.15527], [-0.66363, 0.77763, 0.16284], [-0.71302, 0.784, 0.16734], [-0.76203, 0.78956, 0.17264], [-0.8147, 0.7902, 0.17515], [-0.86396, 0.78789, 0.17773], [-0.91289, 0.78421, 0.18184], [-0.96452, 0.7761, 0.1853], [-1.01193, 0.76378, 0.18776], [-1.05877, 0.75005, 0.19188], [-1.10771, 0.73352, 0.19625], [-1.14976, 0.70755, 0.20231], [-1.19208, 0.68336, 0.20588], [-1.23341, 0.6579, 0.21059], [-1.27437, 0.62674, 0.21212], [-1.31179, 0.59514, 0.21473], [-1.34785, 0.56218, 0.21872], [-1.38271, 0.52414, 0.22035], [-1.41363, 0.4861, 0.22216], [-1.44304, 0.44713, 0.22524], [-1.47077, 0.40392, 0.22629], [-1.49478, 0.36167, 0.22654], [-1.51806, 0.31935, 0.22726], [-1.53857, 0.27421, 0.22681], [-1.54416, 0.22294, 0.23386], [-1.55187, 0.17321, 0.23745], [-1.55766, 0.1216, 0.23966], [-1.56061, 0.07136, 0.2407], [-1.56185, 0.02064, 0.24252], [-1.56036, -0.03259, 0.24263], [-1.55673, -0.08487, 0.2418], [-1.55194, -0.13803, 0.24144], [-1.54438, -0.19354, 0.23783], [-1.5364, -0.24795, 0.23371], [-1.54712, -0.31147, 0.21175], [-1.48271, -0.31298, 0.24455]], "1-4": [[-0.46996, 0.06321, -0.18121], [-0.5121, 0.0667, -0.12184], [-0.53057, 0.06784, -0.07509], [-0.54024, 0.06986, -0.02528], [-0.54025, 0.06869, 0.02582], [-0.53172, 0.074, 0.07637], [-0.51382, 0.08125, 0.12432], [-0.48723, 0.08991, 0.16764], [-0.45321, 0.09932, 0.20452], [-0.41346, 0.10867, 0.23371], [-0.37315, 0.11623, 0.25191], [-0.32475, 0.12464, 0.2643], [-0.27413, 0.13122, 0.26742], [-0.22322, 0.13389, 0.26119], [-0.17414, 0.13295, 0.24538], [-0.12867, 0.12835, 0.22062], [-0.08846, 0.12003, 0.18794], [-0.05511, 0.10796, 0.15023], [-0.02574, 0.09301, 0.10782], [-0.01752, 0.06362, 0.09415], [-0.01055, 0.03218, 0.07931], [1e-05, 0.00225, 0.05209], [-0.0311, -0.03888, 0.06321], [0.01181, -0.06398, 0.07547], [0.01546, -0.12986, 0.10373]], "2-3": [[0.48264, 0.00156, -0.15957], [0.43848, 0.03295, -0.20819], [0.40871, 0.00917, -0.22801], [0.36484, -0.00557, -0.24924], [0.31804, -0.02132, -0.26293], [0.26953, -0.03472, -0.26742], [0.22114, -0.04521, -0.26273], [0.17461, -0.05268, -0.24934], [0.13145, -0.05735, -0.22806], [0.0904, -0.08461, -0.19423], [0.06241, -0.06853, -0.16502], [0.03462, -0.04608, -0.12813], [0.0162, -0.01729, -0.09607], [0.04122, -0.01158, -0.03296], [0.0348, 0.01981, 0.00476], [0.03059, 0.0399, 0.03755], [0.0258, 0.0835, 0.05699], [0.00915, 0.12622, 0.06869], [-0.03251, 0.15943, 0.10029], [-0.04425, 0.20519, 0.07338], [-0.05464, 0.24971, 0.05664], [-0.06006, 0.31954, 0.01246], [-0.07276, 0.35106, 0.00301], [-0.1025, 0.40265, 0.00478], [-0.13082, 0.45124, 0.01248], [-0.15455, 0.49267, 0.00654], [-0.18536, 0.53038, -0.01134], [-0.21842, 0.56674, -0.01372], [-0.25228, 0.60386, -0.01684], [-0.29129, 0.64373, -0.02103], [-0.334, 0.67415, -0.0258], [-0.37817, 0.70539, -0.03239], [-0.42378, 0.73744, -0.04085], [-0.48057, 0.76354, -0.04988], [-0.53618, 0.78474, -0.06399], [-0.59237, 0.80607, -0.07442], [-0.59483, 0.81941, -0.00208]],