{"graph": "k5e", "genus": 2, "class": 36, "representative": {"1": [3, 4, 5], "2": [3, 5, 4], "3": [1, 2, 4, 5], "4": [1, 5, 3, 2], "5": [1, 4, 2, 3]}, "vertices": {"1": [0.37432, -0.68177, -0.04807], "2": [-0.49479, 0.56491, -0.23565], "3": [-0.85889, -0.84111, 0.0], "4": [0.50033, 0.0, -0.08509], "5": [0.0, -0.03202, -0.15064]}, "edges": {"1-3": [[0.37432, -0.68177, -0.04807], [0.19597, -0.51442, -0.03161], [0.08618, -0.32713, -0.03162], [0.0, -0.11445, 0.10305], [-0.06184, 0.14655, 0.11973], [-0.14958, 0.21053, 0.2003], [-0.27813, 0.31006, 0.23987], [-0.38795, 0.33085, 0.24821], [-0.52991, 0.37364, 0.23013], [-0.6104, 0.36665, 0.19891], [-0.66288, 0.36192, 0.17095], [-0.72264, 0.3529, 0.12679], [-0.7779, 0.35275, 0.09383], [-0.83355, 0.34522, 0.03583], [-0.88131, 0.34287, 0.00496], [-0.90516, 0.34387, -0.0411], [-0.98017, 0.34404, -0.10058], [-1.07586, 0.32873, -0.15003], [-1.18657, 0.31401, -0.20668], [-1.34233, 0.23602, -0.24277], [-1.45163, 0.07912, -0.24872], [-1.51007, -0.14727, -0.23711], [-1.46228, -0.45346, -0.18842], [-1.22009, -0.74066, -0.09058], [-0.85889, -0.84111, 0.0]], "2-5": [[-0.49479, 0.56491, -0.23565], [-0.46964, 0.50071, -0.24523], [-0.4355, 0.42187, -0.24872], [-0.4327, 0.33984, -0.24425], [-0.43016, 0.26595, -0.23277], [-0.45026, 0.1848, -0.20296], [-0.4712, 0.12762, -0.16723], [-0.48945, 0.09464, -0.13185], [-0.49875, 0.06104, -0.10167], [-0.512, 0.05427, -0.06082], [-0.51434, 0.04225, -0.04202], [-0.51563, 0.03058, -0.02298], [-0.51568, 0.01618, -0.00404], [-0.51546, 0.00995, -0.00273], [-0.51535, 0.00373, -0.00142], [-0.51533, 0.0, 0.0], [-0.56286, -0.19549, 0.07378], [-0.7067, -0.33763, 0.11231], [-0.9352, -0.39892, 0.16501], [-1.21563, -0.28705, 0.20933], [-1.3782, 0.05597, 0.23872], [-1.2911, 0.41299, 0.24872], [-0.81233, 0.70693, 0.22001], [-0.29268, 0.54375, 0.15737], [0.0, -0.03202, -0.15064]], "1-4": [[0.37432, -0.68177, -0.04807], [0.45301, -0.73078, -0.05056], [0.53273, -0.7686, -0.0551], [0.6176, -0.79798, -0.06046], [0.77795, -0.82428, -0.07899], [0.91212, -0.82765, -0.07556], [1.03787, -0.80155, -0.09731], [1.16782, -0.75044, -0.11764], [1.30413, -0.67368, -0.12486], [1.38776, -0.59591, -0.14179], [1.45928, -0.52312, -0.14241], [1.52445, -0.43113, -0.14705], [1.55962, -0.33574, -0.16669], [1.59287, -0.24019, -0.17178], [1.61542, -0.1576, -0.17127], [1.62143, -0.08392, -0.177], [1.60248, 0.08244, -0.19394], [1.53453, 0.26068, -0.21096], [1.4333, 0.40029, -0.22421], [1.2439, 0.52584, -0.24159], [1.04216, 0.57981, -0.24828], [0.80995, 0.56308, -0.2473], [0.6089, 0.40721, -0.22086], [0.49901, 0.20529, -0.17378], [0.50033, 0.0, -0.08509]], "4-5": [[0.50033, 0.0, -0.08509], [0.5451, 0.18374, -0.09788], [0.67369, 0.3125, -0.09703], [0.85427, 0.3666, -0.10465], [1.00836, 0.35645, -0.13976], [1.11335, 0.29601, -0.14524], [1.20257, 0.21977, -0.16701], [1.25984, 0.12872, -0.18048], [1.29779, 0.01812, -0.19613], [1.31376, -0.08163, -0.21199], [1.31411, -0.13379, -0.21909], [1.30752, -0.18671, -0.22488], [1.297, -0.25575, -0.2338], [1.27224, -0.31974, -0.2388], [1.21904, -0.37478, -0.23796], [1.19909, -0.41777, -0.24295], [1.14322, -0.48114, -0.24652], [1.05741, -0.55746, -0.24878], [0.94836, -0.62512, -0.24568], [0.83767, -0.65775, -0.23993], [0.73251, -0.66644, -0.23345], [0.60449, -0.65753, -0.22179], [0.34806, -0.57223, -0.17709], [0.12894, -0.3687, -0.10521], [0.0, -0.03202, -0.15064]], "2-4": [[-0.49479, 0.56491, -0.23565], [-0.56284, 0.67361, -0.20325], [-0.62791, 0.74796, -0.16003], [-0.67997, 0.78853, -0.12302], [-0.74457, 0.81854, -0.08406], [-0.83371, 0.83786, -0.03775], [-0.85889, 0.84111, 0.0], [-0.8156, 0.84, 0.00143], [-0.7729, 0.83668, 0.00388], [-0.73043, 0.83117, 0.00633], [-0.66438, 0.8181, 0.01017], [-0.60046, 0.80028, 0.00854], [-0.55188, 0.78285, 0.01053], [-0.50898, 0.76455, 0.01219], [-0.46716, 0.7439, 0.01385], [-0.42657, 0.72095, 0.01551], [-0.3819, 0.69205, 0.0174], [-0.34148, 0.66219, 0.01938], [-0.31461, 0.64002, 0.02185], [-0.24773, 0.57587, 0.02627], [-0.18148, 0.49755, 0.01745], [-0.12965, 0.41678, 0.02418], [-0.08602, 0.32859, 0.02536], [-0.05355, 0.24113, 0.01501], [0.0, 0.11445, 0.10305], [0.10557, -0.07917, -0.18607], [0.31722, -0.06291, -0.2443], [0.50033, 0.0, -0.08509]], "1-5": [[0.37432, -0.68177, -0.04807], [0.50713, -0.75992, -0.04293], [0.6618, -0.81322, -0.04634], [0.85666, -0.83671, -0.04661], [1.00154, -0.82538, -0.04155], [1.14773, -0.78381, -0.05331], [1.29529, -0.71591, -0.03639], [1.36982, -0.66478, -0.03637], [1.44806, -0.59732, -0.03238], [1.52039, -0.51674, -0.02909], [1.55395, -0.4709, -0.02775], [1.5874, -0.4176, -0.02637], [1.61014, -0.37574, -0.02377], [1.62726, -0.33986, -0.02155], [1.64006, -0.30958, -0.02039], [1.6519, -0.27815, -0.01911], [1.66886, -0.22498, -0.01536], [1.6822, -0.17078, -0.01161], [1.69187, -0.1158, -0.00786], [1.6964, -0.07725, -0.00458], [1.69911, -0.03853, -0.00129], [1.7, -0.0, 0.0], [1.0853, -0.32495, 0.15285], [0.66524, -0.53795, -0.24793], [0.0, -0.03202, -0.15064]], "3-5": [[-0.85889, -0.84111, 0.0], [-1.20104, -0.76523, 0.03772], [-1.46113, -0.57075, 0.07439], [-1.62141, -0.30986, 0.093], [-1.67251, -0.09707, 0.10166], [-1.66036, 0.13209, 0.11625], [-1.6089, 0.27674, 0.13783], [-1.53648, 0.42365, 0.13829], [-1.41776, 0.56137, 0.14823], [-1.31589, 0.64244, 0.15313], [-1.2586, 0.6804, 0.1522], [-1.20558, 0.70829, 0.15289], [-1.15111, 0.73103, 0.15456], [-1.09411, 0.75059, 0.15543], [-1.03404, 0.77062, 0.15071], [-0.97133, 0.78594, 0.14576], [-0.84383, 0.79389, 0.14564], [-0.72569, 0.78152, 0.14735], [-0.62092, 0.75587, 0.14781], [-0.51771, 0.71632, 0.14647], [-0.4224, 0.66537, 0.1432], [-0.33754, 0.60423, 0.1399], [-0.19105, 0.46194, 0.11673], [-0.08867, 0.29754, 0.08398], [0.0, -0.03202, -0.15064]], "2-3": [[-0.49479, 0.56491, -0.23565], [-0.54023, 0.57113, -0.24101], [-0.60493, 0.57624, -0.24596], [-0.65817, 0.57489, -0.24823], [-0.70329, 0.58685, -0.24834], [-0.74938, 0.59917, -0.24822], [-0.79531, 0.60315, -0.24838], [-0.84317, 0.60385, -0.2485], [-0.88851, 0.59662, -0.24873], [-0.93221, 0.58608, -0.24877], [-0.95994, 0.57997, -0.24875], [-0.98725, 0.57256, -0.24872], [-1.01716, 0.56578, -0.24873], [-1.05757, 0.56084, -0.24877], [-1.10799, 0.55614, -0.2482], [-1.1593, 0.54573, -0.24689], [-1.23394, 0.51654, -0.24449], [-1.3002, 0.4778, -0.2419], [-1.38752, 0.42179, -0.23419], [-1.4954, 0.2935, -0.22383], [-1.56923, 0.14816, -0.21005], [-1.60066, -0.03232, -0.19837], [-1.55777, -0.38299, -0.14152], [-1.26547, -0.729, -0.05605], [-0.85889, -0.84111, 0.0]], "3-4": [[-0.85889, -0.84111, 0.0], [-1.33006, -0.69445, 0.03077], [-1.59956, -0.38289, 0.05994], [-1.68943, 0.07506, 0.05936], [-1.61618, 0.33524, 0.07916], [-1.4652, 0.56308, 0.08131], [-1.23173, 0.73596, 0.08805], [-1.06102, 0.80178, 0.08299], [-0.90805, 0.83046, 0.06703], [-0.74206, 0.82047, 0.07746], [-0.64991, 0.80427, 0.07029], [-0.58647, 0.78473, 0.07135], [-0.52387, 0.75937, 0.07358], [-0.44878, 0.72411, 0.06608], [-0.39202, 0.68765, 0.06968], [-0.33806, 0.64683, 0.07208], [-0.24995, 0.56926, 0.06078], [-0.15965, 0.45919, 0.04755], [-0.10355, 0.35877, 0.04914], [-0.08448, 0.31733, 0.04558], [-0.048, 0.23906, 0.0185], [0.0, 0.15316, 0.0161], [0.152, -0.17428, -0.2085], [0.42566, -0.09907, -0.20002], [0.50033, 0.0, 0.08509], [0.51365, 0.0, 0.02888], [0.51365, 0.0, -0.02888], [0.50033, 0.0, -0.08509], [0.50033, 0.0, -0.08509]]}}