{"graph": "k5e", "genus": 2, "class": 8, "representative": {"1": [3, 4, 5], "2": [3, 4, 5], "3": [1, 2, 4, 5], "4": [1, 3, 2, 5], "5": [1, 3, 2, 4]}, "vertices": {"1": [0.86033, 0.50905, 0.23443], "2": [-1.24181, -0.54399, 0.23786], "3": [-0.26655, 0.0, 0.24878], "4": [-0.40819, 0.71018, 0.0], "5": [0.78128, 0.83753, 0.0]}, "edges": {"1-3": [[0.86033, 0.50905, 0.23443], [0.5753, 0.46029, 0.24335], [0.35861, 0.24335, 0.24616], [0.26655, 0.0, 0.24878], [0.24157, -0.02332, 0.24748], [0.21937, -0.06521, 0.2436], [0.19977, -0.10443, 0.23721], [0.18581, -0.16214, 0.2278], [0.17953, -0.21554, 0.21771], [0.17634, -0.25448, 0.20825], [0.17725, -0.28025, 0.20239], [0.17955, -0.30758, 0.19587], [0.18365, -0.34126, 0.18686], [0.19547, -0.38657, 0.17634], [0.21225, -0.43344, 0.16507], [0.23613, -0.47875, 0.15677], [0.27089, -0.54234, 0.13711], [0.32251, -0.60868, 0.11811], [0.39411, -0.67812, 0.09536], [0.50712, -0.75572, 0.06079], [0.64476, -0.80984, 0.04128], [0.78128, -0.83753, 0.0], [0.35906, -0.67543, -0.02065], [0.11472, -0.38776, -0.03137], [0.0, -0.13337, 0.077], [-0.05412, 0.10193, 0.11829], [-0.12973, 0.07438, 0.20524], [-0.26655, 0.0, 0.24878]], "2-4": [[-1.24181, -0.54399, 0.23786], [-1.01322, -0.73469, 0.19185], [-0.72475, -0.79995, 0.11843], [-0.40819, -0.71018, 0.0], [-0.36892, -0.68303, -0.01614], [-0.33375, -0.65404, -0.03409], [-0.30149, -0.62255, -0.05198], [-0.25716, -0.56891, -0.07945], [-0.22433, -0.52311, -0.09471], [-0.19953, -0.47512, -0.11545], [-0.18745, -0.43324, -0.13839], [-0.17597, -0.38341, -0.15959], [-0.15879, -0.33267, -0.16877], [-0.15077, -0.28455, -0.18087], [-0.16042, -0.26067, -0.19602], [-0.17248, -0.23987, -0.20911], [-0.18421, -0.12403, -0.23048], [-0.23095, -0.07192, -0.24559], [-0.26655, 0.0, -0.24878], [-0.2086, 0.06671, -0.24109], [-0.16855, 0.17857, -0.21753], [-0.15346, 0.25196, -0.19319], [-0.18118, 0.42869, -0.13406], [-0.25149, 0.56612, -0.07251], [-0.40819, 0.71018, 0.0]], "4-5": [[-0.40819, 0.71018, 0.0], [-0.27909, 0.60916, 0.00831], [-0.17316, 0.48674, 0.00988], [-0.09956, 0.35975, 0.02095], [-0.06857, 0.28697, 0.01255], [-0.04434, 0.2085, 0.01241], [0.0, 0.10475, 0.1129], [0.05329, -0.07752, -0.12171], [0.13234, -0.05244, -0.20825], [0.26655, 0.0, -0.24878], [0.24898, 0.066, -0.24788], [0.23659, 0.13678, -0.24471], [0.23817, 0.21747, -0.24004], [0.24636, 0.2681, -0.23679], [0.25854, 0.31756, -0.23314], [0.27598, 0.36508, -0.22974], [0.30369, 0.40755, -0.22935], [0.32415, 0.45455, -0.22339], [0.3488, 0.50042, -0.21668], [0.40799, 0.57126, -0.20868], [0.47939, 0.62929, -0.20391], [0.56566, 0.69117, -0.19179], [0.66854, 0.74953, -0.17069], [0.79218, 0.79132, -0.14551], [0.88729, 0.80419, -0.1296], [0.86312, 0.82314, -0.09281], [0.84799, 0.83687, -0.04539], [0.78128, 0.83753, 0.0]], "1-4": [[0.86033, 0.50905, 0.23443], [0.97409, 0.45585, 0.21673], [1.08561, 0.35688, 0.18208], [1.14247, 0.27701, 0.15334], [1.20996, 0.12742, 0.1183], [1.21157, 0.00662, 0.067], [1.18519, -0.11003, 0.01996], [1.14346, -0.19435, -0.0229], [1.06606, -0.2865, -0.06984], [0.98597, -0.34734, -0.11133], [0.91236, -0.37965, -0.13505], [0.86226, -0.40444, -0.16307], [0.82075, -0.43122, -0.19098], [0.74711, -0.43641, -0.20439], [0.67877, -0.44798, -0.22338], [0.58689, -0.44534, -0.23858], [0.44705, -0.41207, -0.24859], [0.33721, -0.38522, -0.24236], [0.23316, -0.31503, -0.22401], [0.12869, -0.22762, -0.17925], [0.05935, -0.16077, -0.10987], [0.0, 0.13337, 0.077], [-0.0834, 0.32229, 0.02565], [-0.1928, 0.51286, 0.01515], [-0.40819, 0.71018, 0.0]], "3-5": [[-0.26655, 0.0, 0.24878], [-0.12805, 0.09179, 0.2027], [-0.05575, 0.12634, 0.11486], [0.0, -0.15015, 0.03427], [0.09363, -0.33976, -0.04347], [0.22681, -0.54882, -0.04459], [0.41897, -0.71088, -0.05024], [0.58171, -0.78986, -0.04461], [0.81392, -0.83368, -0.05528], [1.0519, -0.81311, -0.05162], [1.41617, -0.62591, -0.03893], [1.6542, -0.27019, -0.02399], [1.68568, 0.15455, 0.0], [1.66042, 0.25499, 0.0], [1.62301, 0.35155, 0.0], [1.57402, 0.44279, 0.0], [1.51418, 0.52732, 0.0], [1.44441, 0.60385, 0.0], [1.36577, 0.67122, 0.0], [1.27944, 0.72843, 0.0], [1.18674, 0.77459, 0.0], [1.08907, 0.80901, 0.0], [0.98791, 0.83116, 0.0], [0.88479, 0.84072, 0.0], [0.78128, 0.83753, 0.0], [0.78128, 0.83753, 0.0]], "2-3": [[-1.24181, -0.54399, 0.23786], [-1.17386, -0.55375, 0.24473], [-1.08457, -0.54784, 0.24878], [-1.02473, -0.51177, 0.24277], [-0.99036, -0.4885, 0.23328], [-0.95155, -0.47169, 0.22233], [-0.91034, -0.44446, 0.20222], [-0.86486, -0.43207, 0.19032], [-0.83184, -0.41808, 0.17841], [-0.79561, -0.39957, 0.16318], [-0.77416, -0.39179, 0.15882], [-0.75336, -0.38297, 0.15437], [-0.73322, -0.37323, 0.14994], [-0.71094, -0.3647, 0.1496], [-0.68904, -0.35479, 0.14933], [-0.66779, -0.34358, 0.14905], [-0.6202, -0.32217, 0.15895], [-0.58991, -0.31127, 0.17073], [-0.56218, -0.29779, 0.17978], [-0.51269, -0.25583, 0.18892], [-0.44528, -0.22315, 0.2166], [-0.39319, -0.15761, 0.22749], [-0.34516, -0.11123, 0.23967], [-0.30114, -0.05658, 0.24675], [-0.26655, 0.0, 0.24878]], "3-4": [[-0.26655, 0.0, 0.24878], [-0.32543, 0.02827, 0.24189], [-0.38793, 0.05025, 0.21863], [-0.44779, 0.08778, 0.17977], [-0.48204, 0.07835, 0.13736], [-0.51032, 0.08611, 0.08641], [-0.5295, 0.09907, 0.01427], [-0.53463, 0.11938, -0.03131], [-0.52143, 0.12244, -0.08623], [-0.49661, 0.13113, -0.1379], [-0.48138, 0.14465, -0.16286], [-0.46897, 0.16779, -0.18362], [-0.45321, 0.19229, -0.2033], [-0.43698, 0.21761, -0.21922], [-0.41858, 0.24214, -0.23199], [-0.40337, 0.26509, -0.24006], [-0.38312, 0.30556, -0.24732], [-0.34912, 0.32297, -0.24853], [-0.33864, 0.36423, -0.24508], [-0.31329, 0.41422, -0.23087], [-0.28652, 0.45475, -0.20654], [-0.31095, 0.52673, -0.18375], [-0.30384, 0.58318, -0.12894], [-0.34661, 0.65484, -0.06879], [-0.40819, 0.71018, 0.0]], "2-5": [[-1.24181, -0.54399, 0.23786], [-1.4073, -0.3432, 0.24271], [-1.45919, -0.10743, 0.24816], [-1.45864, 0.10697, 0.24821], [-1.36769, 0.31638, 0.24869], [-1.25571, 0.45341, 0.24857], [-1.10069, 0.56464, 0.24781], [-0.94493, 0.64274, 0.24236], [-0.79171, 0.65429, 0.24003], [-0.64496, 0.65138, 0.23064], [-0.56403, 0.62824, 0.22706], [-0.50796, 0.60502, 0.22455], [-0.45051, 0.58306, 0.21819], [-0.36966, 0.54521, 0.20552], [-0.29409, 0.49963, 0.18903], [-0.24054, 0.45439, 0.17681], [-0.13094, 0.33576, 0.13445], [-0.07852, 0.2547, 0.09828], [0.0, -0.10475, -0.1129], [0.18157, -0.47704, -0.07839], [0.51943, -0.74443, -0.10435], [0.98038, -0.80205, -0.11827], [1.58046, -0.36376, -0.12387], [1.56618, 0.43217, -0.07705], [0.78128, 0.83753, 0.0]], "1-5": [[0.86033, 0.50905, 0.23443], [0.9226, 0.52409, 0.2403], [0.97122, 0.53364, 0.2443], [1.05372, 0.52144, 0.24621], [1.09479, 0.52657, 0.24831], [1.12074, 0.53808, 0.24871], [1.14456, 0.54943, 0.24732], [1.1874, 0.54801, 0.24438], [1.22678, 0.54372, 0.24037], [1.2596, 0.54124, 0.23519], [1.26164, 0.55183, 0.2316], [1.26346, 0.56234, 0.22761], [1.26798, 0.56858, 0.22406], [1.26816, 0.57831, 0.22], [1.26813, 0.58796, 0.21566], [1.2625, 0.60423, 0.20942], [1.23491, 0.64532, 0.19495], [1.22333, 0.671, 0.18046], [1.24226, 0.67931, 0.16329], [1.22091, 0.71176, 0.13918], [1.14557, 0.76088, 0.1147], [1.07461, 0.79565, 0.08972], [0.97483, 0.82526, 0.06161], [0.87658, 0.83907, 0.03039], [0.78128, 0.83753, 0.0]]}}