{"graph": "k5e", "genus": 2, "class": 31, "representative": {"1": [3, 4, 5], "2": [3, 5, 4], "3": [1, 2, 4, 5], "4": [1, 3, 5, 2], "5": [1, 4, 2, 3]}, "vertices": {"1": [-1.2233, -0.06524, 0.11204], "2": [-0.69991, 0.3979, 0.1872], "3": [-1.34738, -0.5047, -0.22311], "4": [0.26655, 0.0, -0.24878], "5": [0.6403, -0.26832, 0.0354]}, "edges": {"1-3": [[-1.2233, -0.06524, 0.11204], [-1.22246, -0.05265, 0.10621], [-1.22093, -0.04119, 0.09964], [-1.21982, -0.02741, 0.09394], [-1.21703, -0.0196, 0.08542], [-1.21438, -0.01192, 0.07678], [-1.21189, -0.00437, 0.06803], [-1.20891, -0.00339, 0.05646], [-1.20623, -0.00497, 0.04345], [-1.20412, -0.00584, 0.02933], [-1.20299, -0.01012, 0.01871], [-1.20227, -0.01439, 0.00805], [-1.20196, -0.01849, -0.00289], [-1.20213, -0.02455, -0.01676], [-1.20298, -0.03059, -0.03066], [-1.20519, -0.03398, -0.04665], [-1.21282, -0.04307, -0.07933], [-1.22147, -0.06016, -0.10658], [-1.2289, -0.09148, -0.13152], [-1.24882, -0.11314, -0.16486], [-1.27599, -0.14776, -0.1986], [-1.29867, -0.20641, -0.22482], [-1.33174, -0.29645, -0.24641], [-1.35909, -0.37977, -0.24621], [-1.34738, -0.5047, -0.22311]], "2-5": [[-0.69991, 0.3979, 0.1872], [-0.62962, 0.43693, 0.22827], [-0.53541, 0.45321, 0.24623], [-0.44093, 0.45851, 0.24719], [-0.35309, 0.45484, 0.23274], [-0.2597, 0.43033, 0.20189], [-0.18254, 0.37727, 0.16949], [-0.11392, 0.30435, 0.12953], [-0.0749, 0.24757, 0.08967], [0.0, -0.06437, -0.13991], [0.16165, -0.42842, -0.10398], [0.43675, -0.63879, -0.17845], [0.74522, -0.71109, -0.21345], [1.08717, -0.58264, -0.24652], [1.25515, -0.34786, -0.24013], [1.29245, -0.0664, -0.19561], [1.06355, 0.27943, -0.03728], [0.70335, 0.35636, 0.1431], [0.26655, 0.0, 0.24878], [0.31606, -0.12041, 0.24612], [0.36736, -0.1655, 0.23761], [0.42079, -0.21091, 0.22502], [0.4975, -0.21605, 0.18042], [0.57938, -0.24366, 0.11319], [0.6403, -0.26832, 0.0354]], "1-4": [[-1.2233, -0.06524, 0.11204], [-1.16316, -0.1678, 0.04401], [-1.08032, -0.26602, -0.03565], [-0.9798, -0.34494, -0.10221], [-0.86715, -0.40508, -0.16389], [-0.67841, -0.43746, -0.21841], [-0.47556, -0.39552, -0.24529], [-0.32682, -0.31808, -0.24725], [-0.19225, -0.16844, -0.22982], [-0.11799, 0.0, -0.19955], [-0.108, 0.04654, -0.19051], [-0.10231, 0.0985, -0.18105], [-0.10464, 0.15346, -0.17446], [-0.10857, 0.21097, -0.164], [-0.11699, 0.26964, -0.15187], [-0.12739, 0.32394, -0.13697], [-0.14929, 0.39092, -0.1202], [-0.20398, 0.4834, -0.11297], [-0.24475, 0.54842, -0.09228], [-0.33502, 0.64705, -0.06479], [-0.45747, 0.73754, -0.02651], [-0.59897, 0.79995, 0.0], [-0.28878, 0.61756, 0.01779], [-0.09531, 0.34886, 0.02837], [0.0, 0.11695, 0.1002], [0.05352, -0.08685, -0.1204], [0.13126, -0.06081, -0.20711], [0.26655, 0.0, -0.24878]], "3-5": [[-1.34738, -0.5047, -0.22311], [-1.19855, -0.70275, -0.1627], [-0.89777, -0.82396, -0.0884], [-0.59897, -0.79995, 0.0], [-0.27589, -0.58592, 0.08387], [-0.13553, -0.28171, 0.16751], [-0.16801, 0.0, 0.22843], [-0.08663, 0.02425, 0.17141], [-0.04056, 0.05741, 0.09953], [0.0, -0.08898, 0.1257], [0.20332, -0.5254, -0.02214], [0.63291, -0.80883, -0.02548], [1.21967, -0.75829, -0.02606], [1.47029, -0.57694, -0.01531], [1.6405, -0.31031, -0.00888], [1.7, -0.0, 0.0], [1.65312, -0.24653, 0.06807], [1.5104, -0.47136, 0.1305], [1.37814, -0.54946, 0.18736], [1.21153, -0.59136, 0.22943], [0.98717, -0.58274, 0.24874], [0.85592, -0.52988, 0.24081], [0.73479, -0.42352, 0.19771], [0.66851, -0.32003, 0.11623], [0.6403, -0.26832, 0.0354]], "1-5": [[-1.2233, -0.06524, 0.11204], [-1.27627, 0.07215, 0.18279], [-1.29329, 0.18422, 0.21766], [-1.24374, 0.3662, 0.24116], [-1.19377, 0.4885, 0.24878], [-1.07557, 0.62208, 0.23976], [-0.87236, 0.71831, 0.21445], [-0.70573, 0.74057, 0.18715], [-0.51649, 0.69376, 0.17034], [-0.33636, 0.60799, 0.13442], [-0.25983, 0.54783, 0.1172], [-0.18754, 0.47496, 0.09474], [-0.1227, 0.38053, 0.07757], [-0.09629, 0.33049, 0.06978], [-0.03878, 0.19505, -0.03073], [0.0, 0.1229, -0.09281], [0.07682, -0.23596, -0.10709], [0.15155, -0.31795, -0.16834], [0.23853, -0.37935, -0.20908], [0.31818, -0.3929, -0.23687], [0.42551, -0.38037, -0.24828], [0.5442, -0.37172, -0.2254], [0.57871, -0.29954, -0.16941], [0.62785, -0.2731, -0.08274], [0.6403, -0.26832, 0.0354]], "2-3": [[-0.69991, 0.3979, 0.1872], [-0.73218, 0.39435, 0.17367], [-0.76383, 0.3992, 0.16964], [-0.78526, 0.39541, 0.16044], [-0.80352, 0.38299, 0.14042], [-0.84683, 0.37321, 0.11815], [-0.88994, 0.3608, 0.09433], [-0.91829, 0.35097, 0.07758], [-0.93359, 0.34268, 0.05931], [-0.95563, 0.33284, 0.03891], [-0.97519, 0.32458, 0.02478], [-0.99552, 0.31545, 0.01036], [-1.01146, 0.30785, -0.00382], [-1.02251, 0.303, -0.02], [-1.04249, 0.29389, -0.03834], [-1.06287, 0.28446, -0.05645], [-1.08838, 0.27694, -0.0881], [-1.12441, 0.26248, -0.11808], [-1.17421, 0.23083, -0.14585], [-1.2411, 0.18269, -0.18284], [-1.30162, 0.12238, -0.21025], [-1.35387, 0.03927, -0.2296], [-1.41956, -0.10961, -0.24789], [-1.42773, -0.29264, -0.24423], [-1.34738, -0.5047, -0.22311]], "3-4": [[-1.34738, -0.5047, -0.22311], [-1.29924, -0.64142, -0.16556], [-1.22621, -0.74367, -0.07531], [-1.1188, -0.79995, 0.0], [-0.55668, -0.73931, 0.13895], [-0.2937, -0.37719, 0.23302], [-0.39094, 0.0, 0.21545], [-0.33259, 0.02964, 0.24008], [-0.27587, 0.06069, 0.2487], [-0.22104, 0.09365, 0.24321], [-0.19049, 0.10948, 0.23382], [-0.1619, 0.13016, 0.21971], [-0.13499, 0.12921, 0.20358], [-0.10913, 0.11262, 0.18545], [-0.09216, 0.11478, 0.1686], [-0.07522, 0.12233, 0.14684], [-0.05621, 0.14995, 0.10777], [-0.04512, 0.13511, 0.08833], [0.0, -0.15335, 0.01421], [0.41895, -0.70096, -0.08095], [1.1741, -0.73278, -0.14042], [1.62624, -0.06976, -0.17361], [1.24839, 0.59253, -0.21968], [0.56894, 0.59048, -0.24001], [0.26655, 0.0, -0.24878]], "4-5": [[0.26655, 0.0, -0.24878], [0.29902, 0.0, -0.24665], [0.33094, 0.0, -0.2403], [0.36175, 0.0, -0.22984], [0.31115, -0.04619, -0.2451], [0.26902, -0.08488, -0.24875], [0.22959, -0.1275, -0.24376], [0.24247, -0.13577, -0.24573], [0.25552, -0.14502, -0.24717], [0.2687, -0.15561, -0.24813], [0.28036, -0.15949, -0.24866], [0.29187, -0.16367, -0.24877], [0.30338, -0.16759, -0.24849], [0.31646, -0.17117, -0.24766], [0.32912, -0.16053, -0.24574], [0.34183, -0.14653, -0.24264], [0.37325, -0.14687, -0.23382], [0.40892, -0.15941, -0.22062], [0.43363, -0.16719, -0.20871], [0.46288, -0.17424, -0.19076], [0.49042, -0.18049, -0.16958], [0.51653, -0.1855, -0.14388], [0.5656, -0.21776, -0.1017], [0.59134, -0.21914, -0.0336], [0.6403, -0.26832, 0.0354]], "2-4": [[-0.69991, 0.3979, 0.1872], [-0.72487, 0.36743, 0.14629], [-0.75383, 0.35017, 0.10238], [-0.77411, 0.33469, 0.02904], [-0.79309, 0.33889, -0.02876], [-0.79695, 0.35489, -0.08962], [-0.78699, 0.38009, -0.14022], [-0.77916, 0.40345, -0.1706], [-0.78839, 0.44273, -0.20285], [-0.80068, 0.4838, -0.22552], [-0.80145, 0.50475, -0.23405], [-0.80448, 0.53067, -0.24171], [-0.80961, 0.55849, -0.24676], [-0.81231, 0.58774, -0.24877], [-0.81289, 0.6143, -0.24765], [-0.81596, 0.6324, -0.24529], [-0.83348, 0.66627, -0.23739], [-0.8541, 0.70475, -0.22193], [-0.89101, 0.73384, -0.20413], [-0.94046, 0.76372, -0.1761], [-0.95656, 0.79534, -0.13498], [-0.99629, 0.8129, -0.08957], [-1.0547, 0.81023, -0.06086], [-1.08322, 0.80881, -0.02961], [-1.1188, 0.79995, 0.0], [-0.54795, 0.7805, 0.02187], [-0.16626, 0.47468, 0.02678], [0.0, 0.13786, 0.06865], [0.05439, -0.10696, -0.11758], [0.12929, -0.07893, -0.20461], [0.26655, 0.0, -0.24878]]}}