{"graph": "k5e", "genus": 2, "class": 29, "representative": {"1": [3, 4, 5], "2": [3, 5, 4], "3": [1, 2, 4, 5], "4": [1, 3, 2, 5], "5": [1, 3, 2, 4]}, "vertices": {"1": [-1.3538, 0.30399, -0.26742], "2": [1.11575, 0.43, -0.25235], "3": [0.0013, -0.07273, -0.15871], "4": [0.86491, -0.84305, -0.07979], "5": [-0.85889, 0.8564, -0.00208]}, "edges": {"1-3": [[-1.3538, 0.30399, -0.26742], [-1.42536, 0.31527, -0.26076], [-1.44339, 0.26309, -0.263], [-1.46115, 0.21015, -0.263], [-1.47803, 0.1585, -0.26298], [-1.49379, 0.10657, -0.26197], [-1.50736, 0.05618, -0.26021], [-1.51855, 0.00644, -0.25894], [-1.5271, -0.04376, -0.25629], [-1.53726, -0.09323, -0.25007], [-1.5412, -0.14221, -0.24602], [-1.54067, -0.1927, -0.23953], [-1.53803, -0.24158, -0.23389], [-1.5356, -0.29135, -0.225], [-1.52415, -0.34155, -0.2153], [-1.51159, -0.38945, -0.20575], [-1.49948, -0.43877, -0.19307], [-1.47767, -0.48723, -0.17999], [-1.45479, -0.53209, -0.16546], [-1.43138, -0.57799, -0.14644], [-1.39819, -0.61561, -0.1415], [-1.36348, -0.64655, -0.13344], [-1.32811, -0.67778, -0.12565], [-1.29232, -0.70911, -0.11814], [-1.25101, -0.73959, -0.10426], [-1.21042, -0.76166, -0.09295], [-1.17072, -0.78316, -0.08215], [-1.13248, -0.80381, -0.07191], [-1.08995, -0.81921, -0.0603], [-1.05297, -0.82979, -0.04406], [-1.01807, -0.83845, -0.03244], [-0.9851, -0.84665, -0.02129], [-0.95321, -0.85459, -0.01043], [-0.97078, -0.85175, -0.00208], [-1.00101, -0.8437, 0.01728], [-1.03562, -0.83578, 0.02251], [-1.07226, -0.82739, 0.0282], [-1.11137, -0.81841, 0.0344], [-1.15541, -0.80104, 0.0404], [-1.19646, -0.78205, 0.04664], [-1.23888, -0.76239, 0.05338], [-1.28126, -0.74016, 0.06456], [-1.32424, -0.70814, 0.06934], [-1.36363, -0.67741, 0.0746], [-1.40298, -0.64645, 0.08056], [-1.44243, -0.60892, 0.08582], [-1.475, -0.57057, 0.09032], [-1.50732, -0.53206, 0.09571], [-1.5413, -0.48985, 0.10186], [-1.56491, -0.44625, 0.10604], [-1.58609, -0.40132, 0.11467], [-1.60807, -0.35696, 0.12015], [-1.62691, -0.30677, 0.12373], [-1.64086, -0.25887, 0.12642], [-1.65423, -0.21093, 0.13007], [-1.66613, -0.15892, 0.13384], [-1.67045, -0.10988, 0.13528], [-1.674, -0.06095, 0.13804], [-1.67675, -0.01217, 0.14216], [-1.67265, 0.04067, 0.14408], [-1.66627, 0.08947, 0.14623], [-1.65942, 0.138, 0.14928], [-1.64852, 0.18946, 0.15108], [-1.6278, 0.23584, 0.15957], [-1.60962, 0.28279, 0.16267], [-1.58969, 0.33222, 0.16533], [-1.56645, 0.37601, 0.16334], [-1.54321, 0.41969, 0.16144], [-1.5221, 0.46448, 0.15619], [-1.48854, 0.50614, 0.15619], [-1.44943, 0.53779, 0.16565], [-1.41212, 0.57088, 0.17188], [-1.37047, 0.60399, 0.17612], [-1.32907, 0.63199, 0.17799], [-1.28743, 0.65943, 0.18054], [-1.24212, 0.68679, 0.18287], [-1.19731, 0.70755, 0.18204], [-1.15216, 0.72737, 0.18233], [-1.10669, 0.74614, 0.18384], [-1.05579, 0.75982, 0.1819], [-1.00751, 0.77089, 0.18102], [-0.95902, 0.78062, 0.18165], [-0.90648, 0.7855, 0.1804], [-0.85696, 0.78671, 0.17904], [-0.80741, 0.78648, 0.1793], [-0.75479, 0.78217, 0.17904], [-0.70607, 0.77349, 0.17721], [-0.65748, 0.76355, 0.17679], [-0.60624, 0.75073, 0.17695], [-0.56014, 0.7333, 0.1738], [-0.51419, 0.71495, 0.17165], [-0.46832, 0.69583, 0.17032], [-0.42177, 0.67011, 0.16526], [-0.37842, 0.64472, 0.15974], [-0.33415, 0.62012, 0.15006], [-0.29322, 0.58662, 0.14522], [-0.25756, 0.55293, 0.13833], [-0.22181, 0.51909, 0.13149], [-0.18465, 0.48225, 0.12435], [-0.1542, 0.44469, 0.11387], [-0.12172, 0.40604, 0.1005], [-0.1016, 0.37082, 0.0957], [-0.08253, 0.34216, 0.08116], [-0.05655, 0.2672, 0.04345], [-0.03675, 0.23294, -0.02623], [-0.03843, 0.17213, -0.02742], [-0.01453, 0.14345, -0.05232], [-0.00527, 0.10911, -0.07565], [0.00354, 0.07936, -0.09926], [0.00801, 0.04065, -0.11312], [0.01273, -0.00052, -0.12396], [0.0013, -0.07273, -0.15871]], "2-5": [[1.11575, 0.43, -0.25235], [1.04921, 0.44289, -0.24481], [1.0056, 0.43879, -0.23519], [0.96286, 0.42994, -0.22326], [0.91936, 0.42416, -0.21252], [0.87818, 0.41474, -0.20322], [0.835, 0.4008, -0.18948], [0.79565, 0.38636, -0.1786], [0.75466, 0.36762, -0.16765], [0.71944, 0.34316, -0.1538], [0.68171, 0.31851, -0.14131], [0.65085, 0.28968, -0.13016], [0.62197, 0.25983, -0.11848], [0.59735, 0.22278, -0.10547], [0.5756, 0.19028, -0.09632], [0.55685, 0.15321, -0.08921], [0.54374, 0.11918, -0.08418], [0.53262, 0.08172, -0.08108], [0.52685, 0.04752, -0.07995], [0.51633, 0.02452, -0.1049], [0.49764, 0.00425, -0.13552], [0.4771, -0.01184, -0.16729], [0.45391, -0.02988, -0.19514], [0.41967, -0.04662, -0.22291], [0.37842, -0.06134, -0.24581], [0.3315, -0.0737, -0.26124], [0.28117, -0.08328, -0.26742], [0.23012, -0.08962, -0.26365], [0.18103, -0.09233, -0.25034], [0.13592, -0.09119, -0.22872], [0.09952, -0.08581, -0.20268], [0.06038, -0.08474, -0.16088], [0.02708, -0.07723, -0.11195], [0.04921, -0.04614, -0.06504], [0.04214, -0.01656, -0.03763], [0.033, 0.02607, -0.01695], [0.00148, 0.04999, 0.00805], [0.02708, 0.086, 0.03354], [0.00337, 0.12353, 0.04466], [-0.03207, 0.1554, 0.06649], [-0.04176, 0.19685, 0.07458], [-0.0527, 0.239, 0.06701], [-0.06537, 0.30855, 0.05541], [-0.08326, 0.36697, 0.03955], [-0.11455, 0.42303, 0.01336], [-0.13933, 0.46598, 0.01635], [-0.16606, 0.50874, 0.0127], [-0.19766, 0.54431, 0.00964], [-0.22933, 0.57963, 0.00872], [-0.26145, 0.61537, 0.00831], [-0.29995, 0.65176, 0.00763], [-0.33976, 0.68112, 0.0042], [-0.38003, 0.71048, -0.00352], [-0.42092, 0.73968, -0.00738], [-0.47126, 0.76386, -0.01086], [-0.5194, 0.78482, -0.01498], [-0.56865, 0.80616, -0.02011], [-0.62581, 0.82346, -0.02574], [-0.68181, 0.8347, -0.03195], [-0.73962, 0.84622, -0.03918], [-0.80788, 0.85166, -0.04744], [-0.85716, 0.84516, -0.07326], [-0.85889, 0.8564, -0.00208]], "1-5": [[-1.3538, 0.30399, -0.26742], [-1.31052, 0.35901, -0.26742], [-1.27508, 0.38814, -0.26742], [-1.23611, 0.4142, -0.26664], [-1.20015, 0.44199, -0.26679], [-1.16296, 0.4701, -0.26698], [-1.13036, 0.50497, -0.26742], [-1.09535, 0.53664, -0.26742], [-1.06091, 0.56871, -0.26742], [-1.0287, 0.60567, -0.26514], [-0.99772, 0.63908, -0.25952], [-0.97066, 0.67746, -0.24941], [-0.94656, 0.71238, -0.23636], [-0.92506, 0.75022, -0.21288], [-0.91092, 0.78541, -0.1805], [-0.9027, 0.81666, -0.13866], [-0.89887, 0.84094, -0.08634], [-0.87914, 0.85519, -0.01366], [-0.86062, 0.84654, 0.069], [-0.85889, 0.8564, -0.00208]],