{"graph": "k5e", "genus": 2, "class": 33, "representative": {"1": [3, 4, 5], "2": [3, 5, 4], "3": [1, 2, 4, 5], "4": [1, 5, 2, 3], "5": [1, 3, 4, 2]}, "vertices": {"1": [-1.06688, -0.607, -0.24384], "2": [0.52123, -0.76877, -0.02696], "3": [-1.34342, 0.09326, 0.22827], "4": [0.6524, 0.81538, 0.0], "5": [0.0, -0.01665, -0.1531]}, "edges": {"1-3": [[-1.06688, -0.607, -0.24384], [-1.09061, -0.56922, -0.24778], [-1.1392, -0.52204, -0.24878], [-1.17578, -0.47324, -0.24773], [-1.16659, -0.44737, -0.24383], [-1.17154, -0.41289, -0.23739], [-1.18773, -0.36843, -0.22845], [-1.19294, -0.33687, -0.21906], [-1.1932, -0.31026, -0.20816], [-1.19301, -0.28501, -0.19604], [-1.19255, -0.27082, -0.18829], [-1.18569, -0.26225, -0.17847], [-1.18123, -0.25022, -0.16714], [-1.17688, -0.23756, -0.15398], [-1.17336, -0.22399, -0.13913], [-1.17075, -0.20966, -0.12247], [-1.16954, -0.18823, -0.09696], [-1.16703, -0.17488, -0.07235], [-1.16084, -0.17221, -0.04474], [-1.16937, -0.14732, -0.00735], [-1.19483, -0.09502, 0.05236], [-1.21252, -0.07229, 0.09138], [-1.24837, -0.04054, 0.14695], [-1.29758, 0.03215, 0.19658], [-1.34342, 0.09326, 0.22827]], "2-5": [[0.52123, -0.76877, -0.02696], [0.51732, -0.76637, -0.0321], [0.51347, -0.76385, -0.03722], [0.50968, -0.76121, -0.04233], [0.49737, -0.75438, -0.04752], [0.48682, -0.74797, -0.05305], [0.48338, -0.7444, -0.0601], [0.47592, -0.73928, -0.0646], [0.46352, -0.73226, -0.0661], [0.45126, -0.72502, -0.06761], [0.44091, -0.71876, -0.06864], [0.43289, -0.71315, -0.07125], [0.42497, -0.70742, -0.07386], [0.41415, -0.69954, -0.07686], [0.40349, -0.69146, -0.07985], [0.393, -0.68319, -0.08283], [0.36619, -0.66117, -0.08924], [0.34052, -0.63798, -0.09559], [0.31583, -0.61348, -0.10187], [0.26967, -0.57185, -0.0978], [0.22542, -0.52636, -0.09167], [0.18462, -0.47634, -0.08661], [0.11426, -0.3623, -0.07946], [0.04937, -0.19476, -0.10394], [0.0, -0.01665, -0.1531]], "1-4": [[-1.06688, -0.607, -0.24384], [-1.13481, -0.60186, -0.2388], [-1.19014, -0.59418, -0.23272], [-1.22174, -0.59204, -0.22689], [-1.25405, -0.58636, -0.22073], [-1.29452, -0.56679, -0.21652], [-1.33335, -0.5486, -0.21026], [-1.40826, -0.51302, -0.19106], [-1.48029, -0.45947, -0.17122], [-1.54886, -0.38333, -0.15196], [-1.58553, -0.33881, -0.1343], [-1.6039, -0.32499, -0.11523], [-1.63157, -0.28106, -0.09511], [-1.64902, -0.24268, -0.08383], [-1.66402, -0.20313, -0.07235], [-1.67625, -0.16374, -0.06067], [-1.6839, -0.13541, -0.04994], [-1.68988, -0.10813, -0.03922], [-1.6945, -0.08056, -0.02844], [-1.69759, -0.05446, -0.01787], [-1.69942, -0.02824, -0.00726], [-1.7, 0.0, 0.0], [-1.21417, 0.76006, 0.03238], [-0.38249, 0.69026, 0.03457], [0.0, 0.11738, 0.0997], [0.61974, -0.37589, -0.20084], [1.29602, -0.2297, 0.22844], [0.6524, 0.81538, 0.0]], "4-5": [[0.6524, 0.81538, 0.0], [0.80367, 0.83175, -0.06075], [0.90975, 0.80912, -0.11916], [1.01626, 0.76269, -0.16474], [1.13933, 0.70054, -0.18859], [1.28195, 0.60532, -0.20131], [1.37425, 0.52078, -0.20542], [1.45776, 0.40802, -0.21067], [1.51701, 0.28751, -0.2146], [1.54661, 0.18234, -0.21839], [1.56261, 0.11206, -0.21779], [1.57126, 0.03821, -0.21733], [1.57205, -0.04203, -0.21677], [1.55904, -0.15017, -0.21582], [1.53562, -0.2341, -0.21582], [1.50479, -0.30891, -0.21589], [1.44011, -0.41944, -0.21543], [1.30979, -0.56308, -0.2127], [1.16135, -0.67855, -0.19804], [0.95712, -0.75674, -0.18093], [0.73743, -0.76624, -0.16802], [0.54145, -0.71713, -0.15831], [0.2872, -0.56559, -0.13042], [0.11749, -0.36043, -0.08975], [0.0, -0.01665, -0.1531]], "2-4": [[0.52123, -0.76877, -0.02696], [0.62824, -0.8079, -0.02157], [0.77588, -0.83658, -0.01454], [0.92834, -0.83824, 0.0], [0.65937, -0.79543, 0.10013], [0.49362, -0.66947, 0.18136], [0.35559, -0.46917, 0.22962], [0.38093, -0.25049, 0.24313], [0.46864, -0.07084, 0.15359], [0.51533, 0.0, 0.0], [0.51333, 0.01393, -0.03358], [0.50609, 0.03296, -0.07244], [0.49552, 0.0536, -0.10607], [0.48927, 0.07006, -0.12318], [0.48418, 0.08698, -0.13698], [0.47484, 0.10623, -0.1559], [0.46478, 0.12904, -0.17417], [0.45437, 0.15412, -0.19096], [0.44216, 0.18312, -0.20756], [0.43851, 0.23838, -0.22359], [0.4126, 0.28856, -0.24121], [0.41267, 0.36676, -0.24834], [0.3962, 0.45628, -0.24205], [0.40342, 0.54193, -0.2203], [0.43457, 0.60963, -0.19815], [0.48019, 0.69947, -0.14371], [0.53252, 0.76128, -0.07886], [0.6524, 0.81538, 0.0]], "3-5": [[-1.34342, 0.09326, 0.22827], [-1.30922, 0.24269, 0.2353], [-1.19754, 0.3759, 0.2333], [-1.09297, 0.4679, 0.23898], [-1.02819, 0.50808, 0.24221], [-0.93522, 0.54343, 0.24494], [-0.82854, 0.5731, 0.2481], [-0.76575, 0.58136, 0.24876], [-0.70338, 0.57441, 0.24877], [-0.63481, 0.56204, 0.24845], [-0.59738, 0.55602, 0.2478], [-0.56792, 0.55451, 0.24646], [-0.54196, 0.54779, 0.24546], [-0.52493, 0.54901, 0.24365], [-0.50773, 0.54967, 0.24145], [-0.48752, 0.5449, 0.23957], [-0.45082, 0.53232, 0.23611], [-0.41431, 0.52004, 0.23121], [-0.37437, 0.51317, 0.22142], [-0.34235, 0.50395, 0.21253], [-0.30638, 0.48394, 0.20417], [-0.27152, 0.46117, 0.19503], [-0.24801, 0.44246, 0.18885], [-0.2328, 0.4303, 0.18407], [-0.2144, 0.41354, 0.17838], [-0.12723, 0.33232, 0.13139], [-0.08058, 0.26769, 0.08883], [0.0, -0.01665, -0.1531]], "2-3": [[0.52123, -0.76877, -0.02696], [0.35721, -0.67172, -0.03673], [0.23516, -0.56001, -0.03772], [0.12101, -0.39803, -0.03674], [0.0889, -0.3309, -0.03879], [0.06526, -0.27222, -0.03234], [0.0, -0.14839, 0.0412], [-0.04262, 0.11646, 0.08932], [-0.05545, 0.12256, 0.1154], [-0.08654, 0.07864, 0.16744], [-0.12824, 0.09018, 0.20297], [-0.19125, 0.04304, 0.23667], [-0.26655, 0.0, 0.24878], [-0.28025, -0.08174, 0.24865], [-0.30623, -0.16527, 0.2483], [-0.34572, -0.24447, 0.24763], [-0.38964, -0.30696, 0.24676], [-0.4447, -0.35912, 0.24483], [-0.50878, -0.40692, 0.2425], [-0.60412, -0.47317, 0.24264], [-0.70065, -0.5159, 0.24313], [-0.79477, -0.5304, 0.24191], [-0.92974, -0.5111, 0.23678], [-1.05988, -0.46162, 0.23237], [-1.17312, -0.40137, 0.23467], [-1.29137, -0.25377, 0.23158], [-1.3519, -0.08366, 0.23104], [-1.34342, 0.09326, 0.22827]], "3-4": [[-1.34342, 0.09326, 0.22827], [-1.373, 0.2004, 0.24545], [-1.41225, 0.26717, 0.24779], [-1.42378, 0.34989, 0.23809], [-1.40474, 0.4181, 0.22983], [-1.37123, 0.49163, 0.21916], [-1.28535, 0.61018, 0.19686], [-1.21227, 0.67875, 0.17888], [-1.15706, 0.7172, 0.16701], [-1.09499, 0.74959, 0.15629], [-1.05308, 0.76945, 0.14626], [-0.98148, 0.79408, 0.13155], [-0.91776, 0.8073, 0.12148], [-0.85988, 0.81175, 0.11725], [-0.79842, 0.81198, 0.11248], [-0.73856, 0.80812, 0.10679], [-0.62788, 0.78619, 0.1016], [-0.48492, 0.73745, 0.08305], [-0.37175, 0.66955, 0.0797], [-0.21159, 0.52773, 0.0541], [-0.09401, 0.3391, 0.04681], [0.0, 0.14839, 0.0412], [0.66762, -0.41576, -0.20917], [1.297, -0.17281, 0.21717], [0.6524, 0.81538, 0.0]], "1-5": [[-1.06688, -0.607, -0.24384], [-0.95469, -0.63568, -0.2436], [-0.86152, -0.64154, -0.24387], [-0.77011, -0.63202, -0.24451], [-0.67757, -0.61338, -0.24425], [-0.59495, -0.57293, -0.24579], [-0.51888, -0.52006, -0.24708], [-0.46706, -0.47402, -0.24775], [-0.4181, -0.42028, -0.24822], [-0.37113, -0.35735, -0.24848], [-0.34858, -0.32097, -0.24856], [-0.33545, -0.29479, -0.24864], [-0.32366, -0.26809, -0.2487], [-0.31425, -0.24452, -0.24874], [-0.30596, -0.22264, -0.24875], [-0.29856, -0.20065, -0.24876], [-0.28917, -0.16314, -0.24878], [-0.28209, -0.12082, -0.24876], [-0.2713, -0.0737, -0.24878], [-0.26761, -0.04593, -0.24878], [-0.26614, -0.02018, -0.24878], [-0.26655, 0.0, -0.24878], [-0.49844, 0.11499, -0.12689], [-0.54712, 0.18773, 0.09859], [-0.46407, 0.32399, 0.23502], [-0.26951, 0.37544, 0.22485], [-0.133, 0.32084, 0.14619], [0.0, -0.01665, -0.1531]]}}