{"graph": "k5e", "genus": 2, "class": 14, "representative": {"1": [3, 4, 5], "2": [3, 4, 5], "3": [1, 2, 4, 5], "4": [1, 5, 2, 3], "5": [1, 3, 4, 2]}, "vertices": {"1": [0.0, -0.09375, 0.12218], "2": [-0.70876, 0.39762, 0.18411], "3": [-1.64927, 0.28768, 0.0], "4": [0.85889, 0.84111, 0.0], "5": [0.50033, 0.0, 0.08509]}, "edges": {"1-3": [[0.0, -0.09375, 0.12218], [-0.02667, 0.03054, 0.06386], [-0.03868, 0.05287, 0.09585], [-0.05425, 0.0563, 0.12641], [-0.08022, 0.02734, 0.1643], [-0.11519, 0.02388, 0.19715], [-0.1632, 0.0, 0.2263], [-0.16588, -0.18723, 0.2148], [-0.20826, -0.34456, 0.20294], [-0.30224, -0.50267, 0.19242], [-0.39548, -0.60421, 0.18245], [-0.50794, -0.68504, 0.17445], [-0.63293, -0.74436, 0.1657], [-0.78699, -0.78915, 0.14785], [-0.90234, -0.79527, 0.14222], [-1.0364, -0.78145, 0.13492], [-1.22361, -0.72287, 0.12107], [-1.38112, -0.62696, 0.10899], [-1.53587, -0.47407, 0.08411], [-1.60239, -0.36798, 0.07486], [-1.66319, -0.2218, 0.0577], [-1.6959, -0.05216, 0.03498], [-1.697, 0.05473, 0.02458], [-1.68241, 0.16941, 0.01311], [-1.64927, 0.28768, 0.0]], "2-4": [[-0.70876, 0.39762, 0.18411], [-0.72416, 0.4171, 0.19537], [-0.73521, 0.4429, 0.21057], [-0.72987, 0.46795, 0.22463], [-0.70173, 0.49097, 0.23662], [-0.69118, 0.50897, 0.24229], [-0.68125, 0.52726, 0.24617], [-0.65259, 0.53963, 0.24835], [-0.6167, 0.54771, 0.24869], [-0.58251, 0.55525, 0.24721], [-0.57364, 0.57091, 0.24451], [-0.56284, 0.58008, 0.2417], [-0.55194, 0.58894, 0.2382], [-0.52828, 0.58988, 0.23421], [-0.50912, 0.59027, 0.23043], [-0.48932, 0.59028, 0.22596], [-0.42706, 0.58259, 0.21035], [-0.32823, 0.54101, 0.18576], [-0.27252, 0.50897, 0.16731], [-0.15291, 0.39573, 0.1217], [-0.08497, 0.28616, 0.07925], [0.0, 0.0201, -0.15269], [0.80374, -0.53844, -0.24348], [1.26541, -0.07277, 0.17241], [0.85889, 0.84111, 0.0]], "3-5": [[-1.64927, 0.28768, 0.0], [-1.38432, 0.65654, 0.0101], [-0.97252, 0.83282, 0.01701], [-0.55599, 0.78395, 0.01839], [-0.28717, 0.61539, 0.0238], [-0.09403, 0.34754, 0.02235], [0.0, 0.077, 0.13337], [0.03296, -0.04061, -0.08283], [0.05615, -0.07592, -0.1269], [0.09373, -0.06905, -0.17589], [0.11899, -0.09264, -0.19591], [0.15166, -0.11224, -0.21582], [0.18721, -0.10869, -0.23267], [0.22104, -0.10817, -0.24271], [0.25645, -0.10491, -0.24804], [0.28853, -0.11341, -0.24855], [0.34242, -0.07473, -0.23858], [0.39724, -0.07945, -0.21573], [0.44649, -0.08381, -0.18021], [0.46184, -0.04587, -0.15742], [0.48337, -0.02038, -0.12296], [0.50033, 0.0, -0.08509], [0.51365, 0.0, -0.02888], [0.51365, 0.0, 0.02888], [0.50033, 0.0, 0.08509], [0.50033, 0.0, 0.08509]], "2-5": [[-0.70876, 0.39762, 0.18411], [-0.65123, 0.41776, 0.21462], [-0.58887, 0.41356, 0.22848], [-0.536, 0.41754, 0.24027], [-0.45982, 0.39854, 0.24716], [-0.41352, 0.38705, 0.24877], [-0.37873, 0.40278, 0.24639], [-0.32527, 0.38348, 0.2402], [-0.28602, 0.37094, 0.23188], [-0.25729, 0.36384, 0.22278], [-0.24277, 0.35555, 0.21847], [-0.22822, 0.34532, 0.21411], [-0.2135, 0.33177, 0.21003], [-0.19919, 0.32719, 0.20284], [-0.18523, 0.32487, 0.19414], [-0.17166, 0.32191, 0.1848], [-0.13488, 0.2873, 0.16455], [-0.10246, 0.2535, 0.14031], [-0.08352, 0.23728, 0.11891], [-0.06979, 0.22065, 0.10174], [-0.03263, 0.063, -0.00158], [0.0, -0.12218, -0.09375], [1.10472, -0.67855, -0.2125], [1.13772, 0.35677, -0.20597], [0.50033, 0.0, 0.08509]], "1-4": [[0.0, -0.09375, 0.12218], [0.04514, -0.2115, -0.01292], [0.07247, -0.29616, -0.01977], [0.09921, -0.3556, -0.03398], [0.13322, -0.4222, -0.02784], [0.18606, -0.50253, -0.02568], [0.24921, -0.5751, -0.03849], [0.31606, -0.63755, -0.04322], [0.37159, -0.68121, -0.0419], [0.44066, -0.72586, -0.04095], [0.48946, -0.75192, -0.04068], [0.52979, -0.77046, -0.04049], [0.57105, -0.78684, -0.04031], [0.62514, -0.80408, -0.04301], [0.69252, -0.81918, -0.05067], [0.76204, -0.82861, -0.05803], [0.90528, -0.83574, -0.04492], [1.05396, -0.81168, -0.05571], [1.20974, -0.75698, -0.05767], [1.42945, -0.60973, -0.05457], [1.61951, -0.34517, -0.05356], [1.68652, -0.1219, -0.04734], [1.6164, 0.35563, -0.04592], [1.3448, 0.68544, -0.02125], [0.85889, 0.84111, 0.0]], "4-5": [[0.85889, 0.84111, 0.0], [1.20298, 0.7657, -0.02858], [1.486, 0.55139, -0.05462], [1.63137, 0.3029, -0.07435], [1.6771, 0.12771, -0.07935], [1.67987, -0.09755, -0.0833], [1.63212, -0.26763, -0.10421], [1.60876, -0.31187, -0.11651], [1.5824, -0.35623, -0.12665], [1.54755, -0.41617, -0.12967], [1.53442, -0.43573, -0.13093], [1.52073, -0.45487, -0.13219], [1.50638, -0.47329, -0.13386], [1.50022, -0.47674, -0.13832], [1.49397, -0.48006, -0.14271], [1.48796, -0.48272, -0.14714], [1.49888, -0.45344, -0.15819], [1.50421, -0.42265, -0.1727], [1.50775, -0.39128, -0.18585], [1.55331, -0.24413, -0.20304], [1.5598, -0.09611, -0.22054], [1.52769, -0.02664, -0.23657], [1.13013, 0.43701, -0.23624], [0.67117, 0.32616, -0.12341], [0.50033, 0.0, 0.08509]], "2-3": [[-0.70876, 0.39762, 0.18411], [-0.7473, 0.3721, 0.14259], [-0.79361, 0.35337, 0.08722], [-0.82849, 0.34228, 0.00607], [-0.85255, 0.34631, -0.03732], [-0.86909, 0.36014, -0.08968], [-0.88499, 0.38072, -0.13225], [-0.90725, 0.40253, -0.16419], [-0.94509, 0.43637, -0.20032], [-0.9881, 0.46596, -0.22373], [-1.01621, 0.48039, -0.23313], [-1.04452, 0.49501, -0.2405], [-1.07269, 0.50627, -0.24508], [-1.10926, 0.51559, -0.24804], [-1.16487, 0.52169, -0.24847], [-1.20552, 0.52209, -0.2464], [-1.27057, 0.51824, -0.23887], [-1.36753, 0.48453, -0.22307], [-1.43651, 0.45992, -0.20142], [-1.58853, 0.3134, -0.14554], [-1.68751, 0.01883, -0.07719], [-1.64927, -0.28768, 0.0], [-1.69431, -0.09765, 0.0], [-1.69431, 0.09765, 0.0], [-1.64927, 0.28768, 0.0], [-1.64927, 0.28768, 0.0]], "3-4": [[-1.64927, 0.28768, 0.0], [-1.00192, 0.81513, -0.08094], [-0.33302, 0.57267, -0.16617], [-0.1632, 0.0, -0.2263], [-0.29696, -0.24282, -0.24799], [-0.46782, -0.3538, -0.24014], [-0.65139, -0.41073, -0.21077], [-0.87944, -0.39429, -0.15127], [-1.00372, -0.32547, -0.07844], [-1.12128, -0.2227, 0.01737], [-1.18126, -0.13957, 0.06155], [-1.22088, -0.07248, 0.10997], [-1.25863, 0.02642, 0.15855], [-1.27465, 0.13166, 0.19361], [-1.27287, 0.22993, 0.21859], [-1.21205, 0.35818, 0.23219], [-1.12194, 0.50899, 0.24802], [-0.9221, 0.6688, 0.23575], [-0.67204, 0.70042, 0.21051], [-0.39318, 0.61443, 0.17315], [-0.15149, 0.41221, 0.10313], [0.0, 0.05894, -0.14228], [0.79576, -0.51564, -0.23788], [1.26958, -0.10492, 0.18308], [0.85889, 0.84111, 0.0]], "1-5": [[0.0, -0.09375, 0.12218], [0.04092, -0.19476, -0.0119], [0.06437, -0.27531, -0.01123], [0.09255, -0.34442, -0.02159], [0.12484, -0.40889, -0.02078], [0.15959, -0.46669, -0.01402], [0.20843, -0.53234, -0.01717], [0.26229, -0.59208, -0.01714], [0.31374, -0.63998, -0.0145], [0.37115, -0.68492, -0.01195], [0.40957, -0.71077, -0.0108], [0.44936, -0.73447, -0.00964], [0.4904, -0.75594, -0.00849], [0.53161, -0.77472, -0.0074], [0.57379, -0.79124, -0.0063], [0.6093, -0.80314, -0.00655], [0.69066, -0.82406, -0.00554], [0.77411, -0.83682, -0.00226], [0.85889, -0.84111, 0.0], [0.56389, -0.75699, 0.11596], [0.39101, -0.56154, 0.20661], [0.32222, -0.34135, 0.24491], [0.36837, -0.19581, 0.24036], [0.44608, -0.05955, 0.17657], [0.50033, 0.0, 0.08509]]}}