{"graph": "k5e", "genus": 2, "class": 32, "representative": {"1": [3, 4, 5], "2": [3, 5, 4], "3": [1, 2, 4, 5], "4": [1, 5, 2, 3], "5": [1, 3, 2, 4]}, "vertices": {"1": [-0.30166, 0.65148, 0.01942], "2": [-1.15911, -0.42639, -0.25893], "3": [-1.51996, -0.21514, 0.24524], "4": [-0.44094, 0.0012, 0.2038], "5": [0.553, -0.14293, 0.08363]}, "edges": {"1-3": [[-0.30166, 0.65148, 0.01942], [-0.28754, 0.62285, 0.08502], [-0.34073, 0.66791, 0.07402], [-0.38913, 0.7067, 0.06494], [-0.44079, 0.74567, 0.05124], [-0.49558, 0.77006, 0.05128], [-0.54816, 0.79336, 0.05224], [-0.60323, 0.81567, 0.0538], [-0.65497, 0.82476, 0.06096], [-0.70516, 0.83416, 0.0648], [-0.75438, 0.843, 0.06972], [-0.8083, 0.84507, 0.07355], [-0.85779, 0.84373, 0.07768], [-0.90694, 0.84204, 0.08292], [-0.95982, 0.83754, 0.08855], [-1.00708, 0.8261, 0.09276], [-1.05428, 0.81444, 0.09768], [-1.10152, 0.80265, 0.10299], [-1.14653, 0.77779, 0.11972], [-1.19009, 0.75468, 0.12563], [-1.23358, 0.73147, 0.13175], [-1.27934, 0.70491, 0.13734], [-1.31799, 0.67505, 0.13985], [-1.35622, 0.64514, 0.14285], [-1.394, 0.61528, 0.14625], [-1.43068, 0.57856, 0.14668], [-1.46183, 0.53991, 0.1514], [-1.49258, 0.50166, 0.15619], [-1.51537, 0.45292, 0.1698], [-1.53438, 0.40687, 0.17712], [-1.55254, 0.36111, 0.18512], [-1.5706, 0.31258, 0.19382], [-1.5779, 0.26449, 0.20167], [-1.58565, 0.21736, 0.20693], [-1.5915, 0.17056, 0.21343], [-1.59375, 0.12104, 0.21779], [-1.59311, 0.07435, 0.22182], [-1.59169, 0.02815, 0.22638], [-1.57696, -0.01762, 0.23594], [-1.56379, -0.06062, 0.23979], [-1.55008, -0.10311, 0.2439], [-1.53555, -0.14695, 0.24803], [-1.51996, -0.21514, 0.24524]], "2-5": [[-1.15911, -0.42639, -0.25893], [-1.17814, -0.35874, -0.24296], [-1.17913, -0.31637, -0.22875], [-1.18525, -0.27647, -0.21257], [-1.18667, -0.23681, -0.19112], [-1.1901, -0.19556, -0.17141], [-1.19162, -0.15358, -0.14463], [-1.19072, -0.11506, -0.1206], [-1.19078, -0.07368, -0.08998], [-1.1868, -0.03576, -0.06347], [-1.18536, 0.00135, -0.03125], [-1.1782, 0.04173, -0.00354], [-1.17462, 0.07848, 0.02837], [-1.16607, 0.1184, 0.06002], [-1.15867, 0.15522, 0.08628], [-1.14816, 0.19587, 0.1159], [-1.13696, 0.23313, 0.14063], [-1.12405, 0.27535, 0.1677], [-1.11022, 0.31413, 0.19066], [-1.09578, 0.3593, 0.21431], [-1.08291, 0.40533, 0.23558], [-1.04704, 0.43644, 0.24177], [-1.01036, 0.46766, 0.24786], [-0.97453, 0.50102, 0.25737], [-0.93487, 0.53106, 0.26189], [-0.89421, 0.56411, 0.26742], [-0.85062, 0.59202, 0.26742], [-0.80481, 0.6231, 0.26613], [-0.76232, 0.6314, 0.26301], [-0.71882, 0.63811, 0.25967], [-0.67383, 0.64258, 0.25674], [-0.62544, 0.64694, 0.24938], [-0.57914, 0.64416, 0.24208], [-0.53237, 0.63851, 0.23588], [-0.48224, 0.63116, 0.22619], [-0.43755, 0.61672, 0.21553], [-0.39296, 0.60019, 0.20615], [-0.34714, 0.58386, 0.19419], [-0.30436, 0.55706, 0.18114], [-0.2649, 0.53064, 0.16814], [-0.22446, 0.5046, 0.15181], [-0.18688, 0.47159, 0.13741], [-0.15504, 0.43844, 0.12084], [-0.1214, 0.40443, 0.10165], [-0.09615, 0.36921, 0.08471], [-0.07576, 0.3364, 0.06809], [-0.06236, 0.28937, 0.0536], [-0.03418, 0.24647, 0.00333], [-0.02802, 0.19961, -0.01328], [-0.02301, 0.15944, -0.03767], [-0.01556, 0.12317, -0.06759], [0.00334, 0.09558, -0.09447], [0.02622, 0.06208, -0.12118], [0.04365, 0.0256, -0.14427], [0.07124, -0.0093, -0.18175], [0.10737, -0.03925, -0.21195], [0.14791, -0.06828, -0.23673], [0.18797, -0.09694, -0.25322], [0.2354, -0.12456, -0.26399], [0.2878, -0.147, -0.26742], [0.33933, -0.16233, -0.26382], [0.38884, -0.17825, -0.25381], [0.43633, -0.23769, -0.24605], [0.47202, -0.2724, -0.23998], [0.50767, -0.30367, -0.23683], [0.54434, -0.33521, -0.23408], [0.58059, -0.36412, -0.23413], [0.61816, -0.39338, -0.23484], [0.65468, -0.42019, -0.23805], [0.69239, -0.44649, -0.24194], [0.72786, -0.47021, -0.24712], [0.76379, -0.49199, -0.25331], [0.79745, -0.51633, -0.25816], [0.82995, -0.53424, -0.26167], [0.86243, -0.55021, -0.26509], [0.89435, -0.56954, -0.26742], [0.91521, -0.53614, -0.26208], [0.93522, -0.50641, -0.25675], [0.95563, -0.47251, -0.24493], [0.97643, -0.43776, -0.23091], [0.99663, -0.40873, -0.21395], [1.01775, -0.3737, -0.19529], [1.04181, -0.34395, -0.17587], [1.06298, -0.31101, -0.15619], [1.09268, -0.28114, -0.1445], [1.13025, -0.23256, -0.13128], [1.16501, -0.17236, -0.12085], [1.19069, -0.10393, -0.11457], [1.2041, -0.03229, -0.11285], [1.20513, 0.0364, -0.11539], [1.19726, 0.09488, -0.12059], [1.18628, 0.13183, -0.12228], [1.17118, 0.15471, -0.11479], [1.15146, 0.17888, -0.10357], [1.13585, 0.20023, -0.09426], [1.11373, 0.22027, -0.08486], [1.09168, 0.23955, -0.07409], [1.06501, 0.25467, -0.0538], [1.04037, 0.27204, -0.04971], [0.98797, 0.29787, -0.02923], [0.91663, 0.3174, -0.0087], [0.79628, 0.31566, -0.00208], [0.68036, 0.26804, 0.00208], [0.61749, 0.21409, 0.0103], [0.57418, 0.15648, 0.03095], [0.54867, 0.10325, 0.0514], [0.53516, 0.06315, 0.05942], [0.52739, 0.04071, 0.07608], [0.51969, 0.01809, 0.09248], [0.51055, -0.00061, 0.11249], [0.5131, -0.03301, 0.11397], [0.51572, -0.06512, 0.11528], [0.52118, -0.09315, 0.11853], [0.553, -0.14293, 0.08363]], "2-3": [[-1.15911, -0.42639, -0.25893], [-1.09084, -0.44014, -0.25126], [-1.10254, -0.37246, -0.225], [-1.1026, -0.32144, -0.19226], [-1.10635, -0.27718, -0.15291], [-1.10962, -0.2415, -0.115], [-1.11754, -0.2086, -0.06949], [-1.12574, -0.18551, -0.02196], [-1.13853, -0.16423, 0.02612], [-1.15694, -0.14985, 0.07336], [-1.18089, -0.14196, 0.11833], [-1.20855, -0.14664, 0.16386], [-1.23711, -0.14368, 0.19318], [-1.27532, -0.14948, 0.22332], [-1.31745, -0.15923, 0.24629], [-1.36188, -0.17165, 0.26107], [-1.40725, -0.1857, 0.26742], [-1.45222, -0.20031, 0.26547], [-1.51996, -0.21514, 0.24524]], "3-4": [[-1.51996, -0.21514, 0.24524], [-1.50437, -0.28332, 0.24245], [-1.46594, -0.31057, 0.25159], [-1.42333, -0.33307, 0.25923], [-1.3833, -0.3563, 0.26416], [-1.33847, -0.37559, 0.26742], [-1.29647, -0.39511, 0.26742], [-1.25407, -0.41318, 0.26742], [-1.2067, -0.42144, 0.26406], [-1.16169, -0.43102, 0.26006], [-1.11403, -0.43402, 0.25335], [-1.07025, -0.43576, 0.24572], [-1.02503, -0.4344, 0.23693], [-0.98136, -0.42598, 0.22323], [-0.93749, -0.4178, 0.21073], [-0.89726, -0.40378, 0.1928], [-0.85595, -0.38928, 0.17661], [-0.81973, -0.37068, 0.1547], [-0.78183, -0.35096, 0.13482], [-0.74904, -0.33072, 0.11305], [-0.71566, -0.30547, 0.08656], [-0.68678, -0.28236, 0.06268], [-0.65704, -0.25525, 0.03425], [-0.63206, -0.23018, 0.00975], [-0.60563, -0.20217, -0.01834], [-0.58446, -0.17644, -0.0413], [-0.56227, -0.14788, -0.06646], [-0.54452, -0.12279, -0.08534], [-0.52926, -0.09384, -0.10256], [-0.51294, -0.06992, -0.12096], [-0.50125, -0.04191, -0.13612], [-0.50789, -0.02815, -0.12212], [-0.52248, -0.02371, -0.0857], [-0.53288, -0.0211, -0.04648], [-0.53693, -0.02144, -0.00832], [-0.53425, -0.02517, 0.03755], [-0.52357, -0.0323, 0.08511], [-0.50388, -0.04235, 0.13164], [-0.47538, -0.05441, 0.17416], [-0.44094, 0.0012, 0.2038]],