{"graph": "k5e", "genus": 2, "class": 25, "representative": {"1": [3, 4, 5], "2": [3, 5, 4], "3": [1, 2, 4, 5], "4": [1, 2, 5, 3], "5": [1, 2, 3, 4]}, "vertices": {"1": [0.93173, -0.85099, -0.0538], "2": [0.39656, -0.6098, -0.20202], "3": [0.85193, -0.35772, 0.13206], "4": [-1.6643, -0.29256, 0.00208], "5": [0.53511, -0.00208, -0.00208]}, "edges": {"1-3": [[0.93173, -0.85099, -0.0538], [1.00254, -0.83717, -0.06218], [1.04749, -0.82723, -0.06333], [1.09262, -0.8172, -0.06467], [1.14114, -0.80232, -0.06521], [1.18409, -0.78348, -0.06443], [1.22746, -0.76428, -0.06409], [1.27123, -0.74477, -0.06417], [1.31606, -0.71684, -0.06243], [1.35619, -0.6886, -0.06012], [1.3965, -0.66018, -0.05798], [1.43918, -0.62772, -0.0511], [1.47229, -0.5913, -0.04883], [1.50542, -0.55486, -0.04657], [1.53854, -0.51843, -0.04435], [1.56915, -0.47434, -0.04147], [1.594, -0.43199, -0.03819], [1.61861, -0.39006, -0.03484], [1.64411, -0.34481, -0.03129], [1.65865, -0.30166, -0.02656], [1.67266, -0.26023, -0.02156], [1.68598, -0.22102, -0.01628], [1.69848, -0.18441, -0.01077], [1.7046, -0.14424, -0.0044], [1.70798, -0.11013, 0.0063], [1.71077, -0.07717, 0.0127], [1.70594, -0.10806, 0.02779], [1.701, -0.13978, 0.04307], [1.6927, -0.17131, 0.06709], [1.67602, -0.20768, 0.08514], [1.6587, -0.24149, 0.10378], [1.6358, -0.27489, 0.12618], [1.61297, -0.3091, 0.14557], [1.58129, -0.34378, 0.16699], [1.54847, -0.37328, 0.18225], [1.51224, -0.39995, 0.2015], [1.47584, -0.42526, 0.21529], [1.43679, -0.45035, 0.22706], [1.39021, -0.46611, 0.24008], [1.34715, -0.48298, 0.24935], [1.294, -0.48121, 0.26137], [1.24118, -0.47727, 0.26742], [1.19261, -0.47435, 0.26742], [1.14264, -0.46596, 0.26371], [1.0972, -0.45868, 0.25776], [1.05067, -0.44668, 0.24662], [1.00696, -0.43701, 0.23471], [0.96524, -0.4225, 0.2183], [0.92321, -0.41095, 0.20367], [0.88416, -0.39647, 0.18464], [0.85193, -0.35772, 0.13206]], "2-5": [[0.39656, -0.6098, -0.20202], [0.41249, -0.66717, -0.16183], [0.46135, -0.67783, -0.18427], [0.5173, -0.68226, -0.20412], [0.56958, -0.68534, -0.2176], [0.62087, -0.68796, -0.2311], [0.67599, -0.68282, -0.24044], [0.72688, -0.6791, -0.2468], [0.77656, -0.67468, -0.25337], [0.82669, -0.66078, -0.25807], [0.87382, -0.64881, -0.26063], [0.91945, -0.63425, -0.26374], [0.96433, -0.6162, -0.2658], [1.00567, -0.59062, -0.26742], [1.04595, -0.56573, -0.26742], [1.0844, -0.53768, -0.26742], [1.1232, -0.50885, -0.26742], [1.15109, -0.46815, -0.26515], [1.18148, -0.43102, -0.26255], [1.20932, -0.39227, -0.25934], [1.23325, -0.35221, -0.25732], [1.25186, -0.30774, -0.25194], [1.26897, -0.26607, -0.24757], [1.28358, -0.22217, -0.2434], [1.29438, -0.17957, -0.23928], [1.30193, -0.13529, -0.23637], [1.30119, -0.09146, -0.22858], [1.29647, -0.04296, -0.22145], [1.28781, 0.00357, -0.21215], [1.27465, 0.05119, -0.20621], [1.26089, 0.09515, -0.20103], [1.23346, 0.13615, -0.1867], [1.20804, 0.17342, -0.17639], [1.17783, 0.21045, -0.16786], [1.14577, 0.24168, -0.16057], [1.10859, 0.27149, -0.14862], [1.0707, 0.29473, -0.14114], [1.03136, 0.31504, -0.13246], [0.98619, 0.33023, -0.12463], [0.94271, 0.33899, -0.11689], [0.89514, 0.34319, -0.10487], [0.85096, 0.3407, -0.09704], [0.80739, 0.33457, -0.08857], [0.76155, 0.32203, -0.08009], [0.72152, 0.30304, -0.07231], [0.68342, 0.28063, -0.06446], [0.64675, 0.25027, -0.05356], [0.61666, 0.21884, -0.04666], [0.58979, 0.1853, -0.03954], [0.56739, 0.14503, -0.03246], [0.55235, 0.10578, -0.02546], [0.54051, 0.06573, -0.01859], [0.53511, -0.00208, -0.00208]], "1-4": [[0.93173, -0.85099, -0.0538], [0.90344, -0.8553, 0.01256], [0.84883, -0.85581, -0.00778], [0.79436, -0.85418, -0.02336], [0.73597, -0.8456, -0.03766], [0.68292, -0.83291, -0.05089], [0.63065, -0.8174, -0.06761], [0.5784, -0.80281, -0.06605], [0.53252, -0.78364, -0.06249], [0.48662, -0.76444, -0.059], [0.44049, -0.74553, -0.05133], [0.39555, -0.71574, -0.05001], [0.35508, -0.68652, -0.04856], [0.3144, -0.65715, -0.04717], [0.27251, -0.62184, -0.0455], [0.23849, -0.58441, -0.04329], [0.20409, -0.54651, -0.04133], [0.16923, -0.50805, -0.03968], [0.1383, -0.46009, -0.03745], [0.10922, -0.41339, -0.03332], [0.08212, -0.36497, -0.03859], [0.06107, -0.32142, -0.01978], [0.05094, -0.27314, 0.01255], [0.03072, -0.2296, 0.00321], [0.01761, -0.19652, 0.01646], [0.03818, -0.14505, 0.03628], [0.03341, -0.1016, 0.05459], [0.00978, -0.05862, 0.06346], [0.00376, -0.01065, 0.07395], [-0.01465, 0.02137, 0.09184], [-0.0238, 0.06112, 0.10847], [-0.02757, 0.10114, 0.10984], [-0.05266, 0.12931, 0.14329], [-0.07987, 0.1574, 0.17404], [-0.11078, 0.18786, 0.19822], [-0.14924, 0.21199, 0.22004], [-0.18931, 0.23469, 0.23892], [-0.22688, 0.25703, 0.25182], [-0.27826, 0.27058, 0.26292], [-0.32965, 0.28002, 0.26742], [-0.38094, 0.28702, 0.26663], [-0.42752, 0.29399, 0.25875], [-0.47597, 0.2951, 0.24481], [-0.52377, 0.2953, 0.22652], [-0.56627, 0.29787, 0.2047], [-0.60654, 0.29633, 0.17525], [-0.64746, 0.29664, 0.14344], [-0.68454, 0.30147, 0.11229], [-0.71776, 0.30211, 0.07443], [-0.75237, 0.30861, 0.03527], [-0.78351, 0.3131, -0.00354], [-0.81783, 0.32399, -0.03717], [-0.84888, 0.3334, -0.07445], [-0.88474, 0.34375, -0.10648], [-0.91782, 0.35839, -0.14092], [-0.95624, 0.37455, -0.17362], [-0.9939, 0.39426, -0.20348], [-1.03789, 0.39729, -0.21857], [-1.08469, 0.4033, -0.23508], [-1.12718, 0.40394, -0.24592], [-1.17449, 0.4048, -0.25713], [-1.21977, 0.40081, -0.26213], [-1.26875, 0.39564, -0.26742], [-1.31417, 0.38413, -0.26742], [-1.36193, 0.37188, -0.26622], [-1.40522, 0.35192, -0.26057], [-1.45012, 0.33128, -0.25309], [-1.48915, 0.30484, -0.24388], [-1.53139, 0.27509, -0.2316], [-1.56026, 0.24057, -0.21933], [-1.58869, 0.20385, -0.20787], [-1.61827, 0.16555, -0.19394], [-1.63791, 0.11882, -0.17853], [-1.6553, 0.07267, -0.1646], [-1.67239, 0.02406, -0.14755], [-1.68047, -0.03165, -0.13216], [-1.68411, -0.08598, -0.11597], [-1.68659, -0.14286, -0.09509], [-1.68112, -0.20881, -0.06906], [-1.67579, -0.25619, 0.00505], [-1.6509, -0.29783, 0.07287], [-1.6643, -0.29256, 0.00208]], "2-3": [[0.39656, -0.6098, -0.20202], [0.44848, -0.57563, -0.23999], [0.48803, -0.58481, -0.24707], [0.52832, -0.59366, -0.25348], [0.57642, -0.58565, -0.2604], [0.62075, -0.57851, -0.26565], [0.66442, -0.56363, -0.26742], [0.70193, -0.55109, -0.26742], [0.74159, -0.52399, -0.26225], [0.77602, -0.49567, -0.25378], [0.80515, -0.47002, -0.23984], [0.82837, -0.43811, -0.22029], [0.84918, -0.40627, -0.19558], [0.86591, -0.38076, -0.16709], [0.8788, -0.35611, -0.12925], [0.88829, -0.33719, -0.08617], [0.89512, -0.32567, -0.03933], [0.89657, -0.32174, 0.00942], [0.90267, -0.3262, 0.05827], [0.90969, -0.33875, 0.10077], [0.85193, -0.35772, 0.13206]],