{"graph": "k5e", "genus": 2, "class": 8, "representative": {"1": [3, 4, 5], "2": [3, 4, 5], "3": [1, 2, 4, 5], "4": [1, 3, 2, 5], "5": [1, 3, 2, 4]}, "vertices": {"1": [0.86033, 0.50067, 0.25316], "2": [-1.24413, -0.54718, 0.25629], "3": [-0.26655, -0.0, 0.26742], "4": [-0.39823, 0.72388, 0.00208], "5": [0.78042, 0.85611, -0.00487]}, "edges": {"1-3": [[0.86033, 0.50067, 0.25316], [0.81169, 0.55272, 0.26563], [0.77056, 0.52542, 0.26126], [0.72881, 0.49776, 0.25733], [0.68988, 0.4667, 0.25066], [0.64935, 0.43805, 0.24632], [0.61126, 0.40934, 0.24243], [0.57343, 0.37799, 0.24103], [0.5381, 0.34678, 0.23962], [0.50376, 0.31257, 0.2408], [0.47176, 0.27871, 0.24149], [0.44143, 0.24167, 0.24496], [0.41245, 0.20359, 0.24767], [0.38682, 0.16527, 0.25287], [0.35769, 0.12569, 0.25766], [0.3341, 0.0846, 0.26093], [0.31206, 0.04153, 0.26465], [0.28721, -0.0022, 0.26742], [0.26825, -0.04744, 0.26742], [0.25138, -0.09365, 0.26742], [0.23332, -0.14186, 0.26278], [0.22266, -0.18897, 0.25749], [0.21265, -0.23678, 0.24856], [0.2113, -0.28227, 0.2417], [0.21589, -0.32803, 0.23376], [0.21994, -0.37344, 0.2203], [0.2296, -0.41679, 0.21058], [0.241, -0.46384, 0.19822], [0.26176, -0.5004, 0.18812], [0.28303, -0.53728, 0.17822], [0.3047, -0.57411, 0.16868], [0.32897, -0.61324, 0.15445], [0.35592, -0.64256, 0.14072], [0.38233, -0.67089, 0.12784], [0.40779, -0.69788, 0.11588], [0.43168, -0.72352, 0.10024], [0.46172, -0.74334, 0.0873], [0.48659, -0.75889, 0.07467], [0.50921, -0.77327, 0.06247], [0.52996, -0.78596, 0.04612], [0.54958, -0.79605, 0.03424], [0.5678, -0.80547, 0.02282], [0.58528, -0.81453, 0.01168], [0.56525, -0.80671, 0.00208], [0.54572, -0.79632, -0.01687], [0.51961, -0.78468, -0.017], [0.49186, -0.77228, -0.0174], [0.46199, -0.75891, -0.01802], [0.42613, -0.74201, -0.0187], [0.39549, -0.71976, -0.0186], [0.36278, -0.69602, -0.01836], [0.32845, -0.67114, -0.01793], [0.29285, -0.64536, -0.01724], [0.25761, -0.60998, -0.01554], [0.22625, -0.57548, -0.01343], [0.19436, -0.54035, -0.01154], [0.15989, -0.50027, -0.01196], [0.13491, -0.45842, -0.01078], [0.11034, -0.41605, -0.00802], [0.08566, -0.37349, -0.00463], [0.06311, -0.3261, 0.00079], [0.04867, -0.27487, 0.01072], [0.03322, -0.2251, 0.01727], [0.03838, -0.17428, 0.03033], [0.01623, -0.1615, 0.06153], [0.01636, -0.10686, 0.06819], [0.01392, -0.06867, 0.08732], [0.01236, -0.03018, 0.10494], [-0.03788, -0.02034, 0.13523], [-0.05814, -0.00667, 0.1675], [-0.07975, 0.00657, 0.19152], [-0.10815, 0.01344, 0.21449], [-0.13856, 0.01878, 0.23488], [-0.16776, 0.0249, 0.24759], [-0.20285, 0.03366, 0.2591], [-0.26655, -0.0, 0.26742]], "2-4": [[-1.24413, -0.54718, 0.25629], [-1.28219, -0.60031, 0.22438], [-1.23405, -0.62858, 0.22834], [-1.18188, -0.6553, 0.22764], [-1.13174, -0.68008, 0.226], [-1.07931, -0.70507, 0.22364], [-1.02882, -0.72579, 0.2165], [-0.97869, -0.74643, 0.20937], [-0.92627, -0.76954, 0.19822], [-0.87666, -0.77906, 0.18759], [-0.82736, -0.78849, 0.17706], [-0.77834, -0.79772, 0.16675], [-0.72595, -0.80172, 0.14706], [-0.67776, -0.80145, 0.13008], [-0.62974, -0.8009, 0.11362], [-0.57902, -0.79449, 0.09034], [-0.5349, -0.78222, 0.06951], [-0.49134, -0.76896, 0.04439], [-0.44932, -0.75266, 0.02331], [-0.40606, -0.72953, -0.00241], [-0.37165, -0.70183, -0.02323], [-0.3376, -0.67436, -0.04435], [-0.30603, -0.64439, -0.06978], [-0.27555, -0.60729, -0.08968], [-0.25286, -0.56943, -0.11302], [-0.23231, -0.5307, -0.13156], [-0.21275, -0.49224, -0.15106], [-0.19922, -0.44539, -0.17094], [-0.18915, -0.40161, -0.18564], [-0.18315, -0.35637, -0.20326], [-0.17706, -0.31201, -0.21561], [-0.17286, -0.26451, -0.22459], [-0.17613, -0.21687, -0.23577], [-0.17718, -0.17043, -0.24264], [-0.17876, -0.12238, -0.24793], [-0.18165, -0.07609, -0.25138], [-0.18856, -0.02943, -0.25616], [-0.18728, 0.01729, -0.25616], [-0.1792, 0.06404, -0.25086], [-0.17508, 0.11068, -0.24684], [-0.1717, 0.15936, -0.24184], [-0.16905, 0.20653, -0.23419], [-0.16442, 0.25496, -0.22088], [-0.16344, 0.3029, -0.20938], [-0.16508, 0.35401, -0.18894], [-0.18072, 0.39992, -0.17843], [-0.19664, 0.44657, -0.16777], [-0.21596, 0.49635, -0.15042], [-0.2433, 0.53801, -0.13726], [-0.27115, 0.58044, -0.12386], [-0.29935, 0.62709, -0.10096], [-0.33354, 0.66113, -0.07791], [-0.3917, 0.71421, -0.04019], [-0.46078, 0.75982, -0.00537], [-0.39823, 0.72388, 0.00208]], "4-5": [[-0.39823, 0.72388, 0.00208], [-0.4005, 0.71319, -0.06938], [-0.35431, 0.6875, -0.03668], [-0.30876, 0.65486, -0.03319], [-0.26506, 0.61648, -0.02691], [-0.22901, 0.57756, -0.01969], [-0.19334, 0.5391, -0.01235], [-0.15695, 0.49645, -0.00472], [-0.13061, 0.45088, 0.01257], [-0.10208, 0.40187, 0.00571], [-0.07237, 0.35049, 0.0013], [-0.06051, 0.31083, -0.01214], [-0.04881, 0.27257, -0.01879], [-0.05676, 0.21306, 0.00534], [-0.04857, 0.19539, -0.00544], [-0.01466, 0.16929, 0.00425], [-0.00632, 0.13402, 0.01635], [0.02724, 0.08858, 0.02715], [0.03237, 0.04183, 0.01546], [0.03666, 0.03861, -0.052], [0.01303, 0.00208, -0.08478], [0.02062, -0.00035, -0.10837], [0.04111, -0.0011, -0.1443], [0.06833, 0.01667, -0.17765], [0.10004, 0.03142, -0.20722], [0.11846, 0.05435, -0.21885], [0.13721, 0.07822, -0.23065], [0.16231, 0.10258, -0.24153], [0.18447, 0.12848, -0.25018], [0.21264, 0.15586, -0.25764], [0.22698, 0.1928, -0.25812], [0.24203, 0.2309, -0.25866], [0.25802, 0.271, -0.25912], [0.27441, 0.31133, -0.25785], [0.29115, 0.35279, -0.25651], [0.30493, 0.39715, -0.2528], [0.32484, 0.44096, -0.2467], [0.34412, 0.48398, -0.24023], [0.36098, 0.52992, -0.2316], [0.39773, 0.56178, -0.2309], [0.43343, 0.59133, -0.22877], [0.46918, 0.62096, -0.22661], [0.50814, 0.64941, -0.22332], [0.54555, 0.67474, -0.21753], [0.58267, 0.69977, -0.21185], [0.61941, 0.72443, -0.20632], [0.65893, 0.74902, -0.19299], [0.69657, 0.76784, -0.18118], [0.73366, 0.78635, -0.16956], [0.76533, 0.81125, -0.14509], [0.80197, 0.82729, -0.12016], [0.83455, 0.84278, -0.08063], [0.79922, 0.85553, -0.01042], [0.75987, 0.8452, 0.06658], [0.78042, 0.85611, -0.00487]], "1-4": [[0.86033, 0.50067, 0.25316], [0.84106, 0.43795, 0.22018], [0.88428, 0.41536, 0.20368], [0.92413, 0.39038, 0.18346], [0.96621, 0.36641, 0.16704], [1.00298, 0.33814, 0.14911], [1.03946, 0.3123, 0.13392], [1.07382, 0.27868, 0.12173], [1.10156, 0.24402, 0.10609], [1.13021, 0.20627, 0.09378], [1.15032, 0.16708, 0.08228], [1.16699, 0.12652, 0.07048], [1.17819, 0.0804, 0.05933], [1.18299, 0.03687, 0.04414], [1.18491, -0.0066, 0.03216], [1.17872, -0.05324, 0.0199], [1.16694, -0.09501, 0.00737], [1.15289, -0.13594, -0.0097], [1.13092, -0.17695, -0.02388], [1.10653, -0.21162, -0.03896], [1.08047, -0.24479, -0.0586], [1.0435, -0.27636, -0.07038], [1.00734, -0.30197, -0.08324], [0.96598, -0.32519, -0.09684], [0.92583, -0.34187, -0.11567], [0.88491, -0.35654, -0.12999], [0.84019, -0.36576, -0.14606], [0.79829, -0.37491, -0.16548], [0.75308, -0.37958, -0.18108], [0.71094, -0.38139, -0.19817], [0.6636, -0.38498, -0.21519], [0.62032, -0.38355, -0.22937], [0.57314, -0.38116, -0.24226], [0.52823, -0.37354, -0.25131], [0.4812, -0.36834, -0.26016], [0.43571, -0.35773, -0.26586], [0.38701, -0.34824, -0.26742], [0.34212, -0.33337, -0.26742], [0.29398, -0.31808, -0.26075], [0.24555, -0.30039, -0.25143], [0.20643, -0.27556, -0.24055], [0.16549, -0.25171, -0.22237], [0.12988, -0.22532, -0.20358], [0.09453, -0.19827, -0.17737], [0.06129, -0.16781, -0.14946], [0.03655, -0.13692, -0.118], [0.02124, -0.10196, -0.09447], [0.01914, -0.07113, -0.05353], [0.00419, -0.03288, -0.04492], [0.03791, 0.00677, -0.01792], [0.03034, 0.07802, -0.02138], [0.02271, 0.13359, 0.0065], [-0.00724, 0.17928, 0.02569], [-0.04384, 0.21454, 0.03793], [-0.04126, 0.26498, 0.02851], [-0.05441, 0.2987, 0.03984], [-0.07418, 0.34189, 0.05187], [-0.09568, 0.38509, 0.05643], [-0.12081, 0.42877, 0.05431], [-0.14772, 0.47252, 0.05184], [-0.17549, 0.51399, 0.04613], [-0.20587, 0.54872, 0.03981], [-0.23645, 0.58367, 0.03352], [-0.26718, 0.61879, 0.02718], [-0.30464, 0.65358, 0.01995], [-0.34197, 0.68247, 0.0062], [-0.39823, 0.72388, 0.00208]],