{"graph": "k5e", "genus": 2, "class": 23, "representative": {"1": [3, 4, 5], "2": [3, 5, 4], "3": [1, 2, 4, 5], "4": [1, 2, 3, 5], "5": [1, 3, 4, 2]}, "vertices": {"1": [1.41003, -0.28408, -0.24723], "2": [-0.5846, 0.31238, -0.1752], "3": [0.85889, 0.84111, 0.0], "4": [0.0, -0.15105, -0.03005], "5": [0.85889, -0.84111, 0.0]}, "edges": {"1-3": [[1.41003, -0.28408, -0.24723], [1.40759, -0.34024, -0.243], [1.3968, -0.39679, -0.23686], [1.37519, -0.45124, -0.23059], [1.36859, -0.47633, -0.2254], [1.35488, -0.50786, -0.21926], [1.33169, -0.54799, -0.21123], [1.33625, -0.55165, -0.20754], [1.34076, -0.55521, -0.2037], [1.3452, -0.55867, -0.19971], [1.35963, -0.54691, -0.19908], [1.37383, -0.53712, -0.19714], [1.38781, -0.52694, -0.19517], [1.40594, -0.51342, -0.19224], [1.4231, -0.50034, -0.189], [1.43991, -0.48665, -0.18568], [1.49576, -0.41404, -0.18413], [1.54069, -0.31817, -0.19046], [1.57774, -0.24381, -0.18463], [1.62983, -0.06306, -0.17048], [1.63093, 0.10455, -0.16436], [1.58085, 0.30729, -0.15783], [1.43457, 0.56699, -0.12399], [1.19559, 0.76018, -0.06881], [0.85889, 0.84111, 0.0]], "2-5": [[-0.5846, 0.31238, -0.1752], [-0.60977, 0.34262, -0.18283], [-0.63504, 0.36874, -0.18969], [-0.64335, 0.38438, -0.19722], [-0.65095, 0.39787, -0.20329], [-0.66472, 0.41136, -0.20736], [-0.69182, 0.4235, -0.20761], [-0.71432, 0.43212, -0.20788], [-0.73588, 0.44572, -0.21214], [-0.7575, 0.45971, -0.21705], [-0.76989, 0.46812, -0.22017], [-0.78267, 0.47627, -0.22314], [-0.79584, 0.48415, -0.22595], [-0.80995, 0.49196, -0.22869], [-0.82216, 0.49651, -0.23015], [-0.83458, 0.50078, -0.23155], [-0.85493, 0.50442, -0.23273], [-0.87595, 0.50738, -0.23393], [-0.89721, 0.50947, -0.23508], [-1.24869, 0.5376, -0.23822], [-1.58829, 0.30701, -0.14924], [-1.64927, -0.28768, 0.0], [-0.95643, 0.49158, -0.23147], [-0.51273, 0.23283, 0.17666], [0.0, -0.0495, 0.14583], [0.131, -0.42101, -0.01103], [0.42602, -0.72109, -0.00618], [0.85889, -0.84111, 0.0]], "1-4": [[1.41003, -0.28408, -0.24723], [1.36793, -0.37481, -0.24557], [1.33485, -0.44509, -0.24161], [1.27628, -0.51983, -0.23742], [1.21739, -0.59323, -0.22744], [1.13064, -0.6618, -0.2162], [1.05288, -0.70356, -0.20734], [1.005, -0.7218, -0.20279], [0.94984, -0.73989, -0.19608], [0.89325, -0.75303, -0.18925], [0.86268, -0.75807, -0.18553], [0.83157, -0.76188, -0.18161], [0.79869, -0.76376, -0.17801], [0.76504, -0.76277, -0.17564], [0.73459, -0.76114, -0.17289], [0.70541, -0.75881, -0.16978], [0.64843, -0.7522, -0.16206], [0.58769, -0.73678, -0.15726], [0.52587, -0.7186, -0.14839], [0.4454, -0.68724, -0.13384], [0.37188, -0.64605, -0.12218], [0.30655, -0.59218, -0.12087], [0.18416, -0.47957, -0.08032], [0.09863, -0.34144, -0.06144], [0.0, -0.15105, -0.03005]], "2-3": [[-0.5846, 0.31238, -0.1752], [-0.59154, 0.37569, -0.21135], [-0.60462, 0.43349, -0.23202], [-0.63335, 0.49851, -0.24464], [-0.64955, 0.54716, -0.2487], [-0.67478, 0.58761, -0.24767], [-0.70993, 0.65052, -0.2372], [-0.76036, 0.68723, -0.22694], [-0.81176, 0.71265, -0.21689], [-0.87302, 0.73859, -0.20115], [-0.9116, 0.75009, -0.19083], [-0.94221, 0.76129, -0.17829], [-0.96562, 0.77203, -0.16404], [-0.99372, 0.78123, -0.14736], [-1.02697, 0.78767, -0.12842], [-1.07647, 0.78465, -0.11243], [-1.19813, 0.75616, -0.0774], [-1.25343, 0.73943, -0.03855], [-1.37673, 0.66281, 0.0], [-0.68011, 0.81838, 0.04118], [-0.2217, 0.54279, 0.04488], [0.0, 0.15401, -0.0], [0.08716, -0.13082, -0.16012], [0.24182, -0.10957, -0.24639], [0.44246, 0.0, -0.17591], [0.30254, 0.29637, -0.24586], [0.42776, 0.65778, -0.15556], [0.85889, 0.84111, 0.0]], "3-4": [[0.85889, 0.84111, 0.0], [0.41575, 0.6731, -0.12764], [0.22968, 0.33384, -0.21795], [0.33094, 0.0, -0.2403], [0.16668, -0.07498, -0.22604], [0.06253, -0.09762, -0.13341], [0.0, 0.13812, 0.06812], [-0.11949, 0.39666, 0.03179], [-0.38315, 0.69248, 0.02195], [-0.82953, 0.8406, 0.0], [-0.37333, 0.63796, -0.13434], [-0.20724, 0.28281, -0.219], [-0.30975, 0.0, -0.245], [-0.3931, -0.18783, -0.23189], [-0.51207, -0.31797, -0.21691], [-0.67404, -0.39467, -0.19337], [-0.88221, -0.40427, -0.16364], [-1.02426, -0.3399, -0.1263], [-1.1296, -0.22509, -0.06454], [-1.16114, -0.17372, -0.04994], [-1.18339, -0.11981, -0.03416], [-1.19779, -0.05632, -0.00105], [-1.20295, 0.00685, 0.01692], [-1.20113, 0.05244, 0.03648], [-1.19647, 0.0903, 0.05384], [-1.17026, 0.17465, 0.08071], [-1.12686, 0.25448, 0.11073], [-1.06282, 0.3214, 0.13069], [-0.97955, 0.38712, 0.16426], [-0.90416, 0.44154, 0.19961], [-0.80207, 0.48391, 0.22549], [-0.46052, 0.49452, 0.24509], [-0.18751, 0.35815, 0.18294], [0.0, -0.15105, -0.03005]], "4-5": [[0.0, -0.15105, -0.03005], [0.15375, -0.43269, -0.08173], [0.36094, -0.61929, -0.14477], [0.6013, -0.69583, -0.19874], [0.73795, -0.66036, -0.2359], [0.82248, -0.5834, -0.24866], [0.91611, -0.47454, -0.22094], [0.95423, -0.40395, -0.17453], [0.97759, -0.3512, -0.11303], [0.9809, -0.32404, -0.03651], [1.00435, -0.31129, 0.00493], [1.00143, -0.3173, 0.04602], [1.01241, -0.32628, 0.09049], [1.02418, -0.34098, 0.12787], [1.03467, -0.35481, 0.15275], [1.04948, -0.38225, 0.18601], [1.07255, -0.4328, 0.22331], [1.09567, -0.49509, 0.24494], [1.13665, -0.54677, 0.2479], [1.13647, -0.62369, 0.2318], [1.12686, -0.70007, 0.19276], [1.08138, -0.75571, 0.15392], [1.00362, -0.80512, 0.10467], [0.98422, -0.82564, 0.05436], [0.85889, -0.84111, 0.0]], "2-4": [[-0.5846, 0.31238, -0.1752], [-0.56317, 0.24283, -0.13386], [-0.58184, 0.21869, -0.06776], [-0.5675, 0.18211, 0.00559], [-0.5453, 0.15061, 0.0462], [-0.52212, 0.12403, 0.08598], [-0.49646, 0.10668, 0.12597], [-0.47902, 0.0983, 0.14802], [-0.46407, 0.09491, 0.16491], [-0.44876, 0.09399, 0.18015], [-0.43398, 0.08787, 0.19181], [-0.41333, 0.07435, 0.20523], [-0.39252, 0.06093, 0.21681], [-0.37697, 0.05626, 0.22452], [-0.36016, 0.04574, 0.23134], [-0.34269, 0.03446, 0.23721], [-0.32396, 0.04196, 0.24245], [-0.30816, 0.03558, 0.24547], [-0.29248, 0.02831, 0.2475], [-0.27085, 0.01525, 0.24875], [-0.24689, 0.00699, 0.248], [-0.22335, 0.0, 0.245], [-0.13509, -0.15167, 0.20057], [-0.09129, -0.27347, 0.11125], [-0.14558, -0.44572, 0.0], [-1.30224, -0.03393, -0.2002], [-0.7837, 0.4583, 0.21338], [0.0, -0.15105, -0.03005]], "3-5": [[0.85889, 0.84111, 0.0], [0.92613, 0.83842, 0.0], [0.99256, 0.83042, 0.0], [1.05974, 0.81678, 0.00031], [1.1662, 0.78296, 0.00202], [1.26742, 0.73521, 0.00369], [1.36287, 0.67333, 0.00541], [1.45338, 0.59489, 0.00679], [1.53364, 0.50197, 0.00775], [1.60246, 0.39283, 0.00857], [1.63385, 0.32653, 0.00902], [1.65952, 0.25719, 0.00948], [1.67997, 0.18156, 0.01], [1.69354, 0.10228, 0.01047], [1.69947, 0.02213, 0.01089], [1.69774, -0.0582, 0.01109], [1.66053, -0.25437, 0.00638], [1.57817, -0.436, 0.00164], [1.45364, -0.59476, 0.0], [1.37092, -0.6673, 0.0], [1.27944, -0.72843, 0.0], [1.18077, -0.77709, 0.0], [1.07658, -0.81245, 0.0], [0.96867, -0.83392, 0.0], [0.85889, -0.84111, 0.0], [0.85889, -0.84111, 0.0]],