{"graph": "k5e", "genus": 2, "class": 18, "representative": {"1": [3, 4, 5], "2": [3, 4, 5], "3": [1, 2, 5, 4], "4": [1, 3, 5, 2], "5": [1, 4, 2, 3]}, "vertices": {"1": [-1.46995, -0.55177, 0.12708], "2": [0.53511, -0.00208, -0.00208], "3": [0.00832, -0.03489, -0.16828], "4": [-1.35545, 0.07939, 0.25381], "5": [0.01979, -0.11198, 0.10103]}, "edges": {"1-3": [[-1.46995, -0.55177, 0.12708], [-1.51463, -0.53451, 0.07384], [-1.54684, -0.4884, 0.08926], [-1.56934, -0.44148, 0.10155], [-1.58932, -0.39351, 0.1166], [-1.60992, -0.34644, 0.12652], [-1.62625, -0.29336, 0.13204], [-1.6397, -0.24379, 0.13645], [-1.65294, -0.19475, 0.14091], [-1.66251, -0.14128, 0.14333], [-1.66717, -0.0913, 0.14434], [-1.67129, -0.04159, 0.14627], [-1.67328, 0.01167, 0.14827], [-1.66853, 0.06043, 0.14762], [-1.66335, 0.10895, 0.14776], [-1.65786, 0.15721, 0.14848], [-1.64548, 0.2081, 0.14609], [-1.62655, 0.25604, 0.15164], [-1.60514, 0.30288, 0.16051], [-1.5812, 0.35187, 0.16257], [-1.55608, 0.39634, 0.16203], [-1.53106, 0.44061, 0.1615], [-1.50478, 0.48811, 0.15619], [-1.46699, 0.52083, 0.16375], [-1.431, 0.55493, 0.16813], [-1.39488, 0.58864, 0.17292], [-1.35215, 0.62029, 0.17342], [-1.31124, 0.64897, 0.17436], [-1.26999, 0.67697, 0.17614], [-1.22335, 0.70259, 0.17528], [-1.17831, 0.72419, 0.1737], [-1.13298, 0.74504, 0.17302], [-1.08348, 0.76394, 0.17098], [-1.0361, 0.77801, 0.16661], [-0.9887, 0.79163, 0.16274], [-0.93816, 0.80716, 0.15521], [-0.88741, 0.80393, 0.15982], [-0.83684, 0.80282, 0.16106], [-0.78639, 0.80147, 0.16257], [-0.73292, 0.79477, 0.1602], [-0.68239, 0.78881, 0.15327], [-0.63235, 0.78016, 0.14989], [-0.58201, 0.76389, 0.14946], [-0.53634, 0.74337, 0.14975], [-0.49066, 0.72278, 0.15015], [-0.44248, 0.69891, 0.14994], [-0.40129, 0.67154, 0.14635], [-0.36024, 0.64404, 0.14307], [-0.31937, 0.61646, 0.14008], [-0.27968, 0.58141, 0.13377], [-0.24406, 0.54785, 0.12678], [-0.20871, 0.51445, 0.11994], [-0.1715, 0.48083, 0.10502], [-0.14271, 0.44268, 0.09572], [-0.11398, 0.40183, 0.08685], [-0.08898, 0.35981, 0.07644], [-0.07019, 0.31357, 0.06399], [-0.05914, 0.27046, 0.05278], [-0.0486, 0.2356, 0.03631], [-0.02937, 0.18641, -0.01268], [-0.02149, 0.11852, -0.00722], [-0.01277, 0.08202, -0.03492], [-0.00277, 0.04645, -0.0681], [0.00693, 0.02533, -0.10611], [0.00832, -0.03489, -0.16828]], "2-4": [[0.53511, -0.00208, -0.00208], [0.54193, 0.06742, 0.00674], [0.52838, 0.02604, -0.06828], [0.50281, 0.00236, -0.12622], [0.46786, -0.01615, -0.17805], [0.42308, -0.03729, -0.21972], [0.37074, -0.05623, -0.24899], [0.31409, -0.07177, -0.2649], [0.25681, -0.0827, -0.26742], [0.20276, -0.08791, -0.25787], [0.15503, -0.08667, -0.23904], [0.1149, -0.07888, -0.21439], [0.0819, -0.06523, -0.18705], [0.05738, -0.04668, -0.16199], [0.03547, -0.02445, -0.13196], [0.01827, 0.00208, -0.1009], [0.01286, 0.04184, -0.07139], [0.02974, 0.08396, -0.04174], [0.02361, 0.12744, -0.02315], [-0.02556, 0.15654, -0.00327], [-0.05389, 0.20754, 0.00562], [-0.05048, 0.27194, -0.0125], [-0.05891, 0.31675, 0.01215], [-0.07682, 0.35706, 0.021], [-0.10347, 0.40322, 0.02432], [-0.12978, 0.44786, 0.02926], [-0.15673, 0.49116, 0.03187], [-0.19135, 0.53365, 0.03308], [-0.22539, 0.5714, 0.03341], [-0.25916, 0.60894, 0.03319], [-0.29783, 0.64704, 0.03225], [-0.33731, 0.67597, 0.0303], [-0.37608, 0.7044, 0.02827], [-0.41387, 0.73211, 0.02636], [-0.45745, 0.75619, 0.02412], [-0.49712, 0.7741, 0.02198], [-0.53484, 0.79107, 0.02043], [-0.56773, 0.8069, 0.01011], [-0.60405, 0.82115, -0.00411], [-0.63695, 0.82718, -0.01307], [-0.6087, 0.81924, -0.03122], [-0.57653, 0.8064, -0.04869], [-0.5492, 0.7876, -0.07231], [-0.5205, 0.76796, -0.09169], [-0.4915, 0.74522, -0.11505], [-0.46213, 0.72061, -0.1334], [-0.43086, 0.69047, -0.14994], [-0.40839, 0.65043, -0.17426], [-0.38621, 0.61172, -0.19467], [-0.3699, 0.56766, -0.21548], [-0.3569, 0.51992, -0.23372], [-0.34721, 0.47551, -0.24379], [-0.34463, 0.42832, -0.25636], [-0.3445, 0.3831, -0.26281], [-0.35215, 0.33554, -0.26742], [-0.36085, 0.29195, -0.26742], [-0.37719, 0.24763, -0.26311], [-0.39642, 0.20515, -0.25423], [-0.41425, 0.16819, -0.2416], [-0.43577, 0.13015, -0.22359], [-0.45246, 0.09499, -0.20406], [-0.47866, 0.06611, -0.17188], [-0.5, 0.0352, -0.13707], [-0.5155, 0.00418, -0.10086], [-0.52749, -0.02381, -0.07032], [-0.53763, -0.05762, -0.03782], [-0.54834, -0.08919, -0.01285], [-0.56055, -0.12678, 0.01283], [-0.57668, -0.16092, 0.03147], [-0.59572, -0.19566, 0.04717], [-0.6227, -0.23123, 0.06466], [-0.65123, -0.26201, 0.07637], [-0.68669, -0.29201, 0.08698], [-0.7245, -0.31335, 0.09771], [-0.76428, -0.33158, 0.10728], [-0.80891, -0.34814, 0.12022], [-0.8518, -0.35645, 0.12985], [-0.89859, -0.36126, 0.13822], [-0.94189, -0.35743, 0.148], [-0.98487, -0.35059, 0.15609], [-1.03095, -0.34016, 0.16707], [-1.07196, -0.32412, 0.17458], [-1.11397, -0.30188, 0.18206], [-1.15148, -0.27613, 0.19105], [-1.19313, -0.24716, 0.20251], [-1.21513, -0.21266, 0.2033], [-1.23778, -0.17363, 0.20338], [-1.25544, -0.1331, 0.20581], [-1.27167, -0.08811, 0.20693], [-1.28201, -0.04272, 0.21092], [-1.29061, 0.00393, 0.21421], [-1.295, 0.05338, 0.22117], [-1.35545, 0.07939, 0.25381]], "1-5": [[-1.46995, -0.55177, 0.12708], [-1.42696, -0.60643, 0.11903], [-1.38965, -0.639, 0.11728], [-1.35354, -0.66741, 0.11422], [-1.31715, -0.69603, 0.11115], [-1.28138, -0.72619, 0.10211], [-1.2357, -0.75002, 0.09404], [-1.19289, -0.77167, 0.08672], [-1.15005, -0.79323, 0.0797], [-1.10227, -0.81269, 0.0721], [-1.05775, -0.82505, 0.06333], [-1.01448, -0.83723, 0.051], [-0.97254, -0.84696, 0.04336], [-0.92791, -0.85285, 0.03606], [-0.88996, -0.85358, 0.02903], [-0.85454, -0.85425, 0.02269], [-0.82114, -0.85485, 0.01689], [-0.79394, -0.85559, -0.00983], [-0.82695, -0.85431, -0.02207], [-0.8616, -0.85324, -0.0323], [-0.89891, -0.85245, -0.03984], [-0.93466, -0.84804, -0.06434], [-0.97744, -0.83662, -0.07997], [-1.01831, -0.82344, -0.09359], [-1.0605, -0.8082, -0.11115], [-1.10372, -0.79256, -0.12214], [-1.14971, -0.76955, -0.13058], [-1.19179, -0.74569, -0.13872], [-1.23394, -0.72163, -0.14715], [-1.26953, -0.68568, -0.16857], [-1.29988, -0.64902, -0.18176], [-1.3298, -0.61239, -0.19523], [-1.35597, -0.57144, -0.20977], [-1.38338, -0.52898, -0.21762], [-1.4077, -0.48781, -0.22455], [-1.43147, -0.44697, -0.2316], [-1.44467, -0.3952, -0.24089], [-1.45845, -0.34733, -0.24627], [-1.47137, -0.29989, -0.25187], [-1.46923, -0.24775, -0.25887], [-1.46897, -0.19876, -0.26216], [-1.46863, -0.15048, -0.26542], [-1.44911, -0.10238, -0.26742], [-1.43289, -0.05673, -0.26742], [-1.4111, -0.01213, -0.26514], [-1.39163, 0.02933, -0.26139], [-1.36916, 0.06956, -0.25751], [-1.3403, 0.10538, -0.24857], [-1.31092, 0.14042, -0.24091], [-1.27533, 0.17156, -0.22831], [-1.24198, 0.19859, -0.21515], [-1.20494, 0.22425, -0.20109], [-1.1672, 0.24363, -0.1798], [-1.12775, 0.26266, -0.16129], [-1.09025, 0.27649, -0.13547], [-1.04989, 0.2897, -0.11276], [-1.01316, 0.29939, -0.08327], [-0.97256, 0.30744, -0.05296], [-0.93686, 0.31489, -0.02543], [-0.89706, 0.32137, 0.00692], [-0.86105, 0.3253, 0.03575], [-0.8247, 0.33162, 0.06851], [-0.78474, 0.33281, 0.09783], [-0.74657, 0.33959, 0.12891], [-0.70507, 0.34165, 0.16029], [-0.66202, 0.34426, 0.18252], [-0.6202, 0.34698, 0.20781], [-0.57584, 0.34488, 0.22561], [-0.5296, 0.34511, 0.24195], [-0.48132, 0.34068, 0.25618], [-0.43544, 0.33096, 0.26208], [-0.38704, 0.32057, 0.26742], [-0.3427, 0.30395, 0.26742], [-0.29595, 0.28613, 0.26453], [-0.25456, 0.262, 0.25916], [-0.21235, 0.23677, 0.24843], [-0.17674, 0.20744, 0.23734], [-0.14066, 0.17661, 0.22207], [-0.11105, 0.13975, 0.20694], [-0.08379, 0.10381, 0.18465], [-0.06172, 0.06636, 0.16452], [-0.03984, 0.02752, 0.1392], [0.01154, -0.00648, 0.11182], [0.01671, -0.04998, 0.11711], [0.01979, -0.11198, 0.10103]],