{"graph": "k5e", "genus": 2, "class": 11, "representative": {"1": [3, 4, 5], "2": [3, 4, 5], "3": [1, 2, 4, 5], "4": [1, 3, 2, 5], "5": [1, 4, 3, 2]}, "vertices": {"1": [-1.37118, 0.24741, 0.24768], "2": [1.21336, 0.20092, 0.16647], "3": [-0.6983, 0.46218, 0.22643], "4": [-0.50033, 0.0, 0.08509], "5": [-1.53936, 0.49439, 0.0]}, "edges": {"1-3": [[-1.37118, 0.24741, 0.24768], [-1.35145, 0.27344, 0.24709], [-1.33209, 0.29568, 0.2464], [-1.31091, 0.32297, 0.24605], [-1.27561, 0.3519, 0.24432], [-1.24545, 0.37458, 0.24284], [-1.21845, 0.39379, 0.24166], [-1.19214, 0.41152, 0.24072], [-1.16449, 0.42807, 0.23976], [-1.13609, 0.44281, 0.23875], [-1.11791, 0.44953, 0.23767], [-1.10582, 0.45441, 0.23715], [-1.09364, 0.45897, 0.23662], [-1.08274, 0.46274, 0.23614], [-1.07188, 0.46621, 0.23564], [-1.06097, 0.46943, 0.23514], [-1.03931, 0.47574, 0.23434], [-1.00879, 0.48257, 0.23307], [-0.97869, 0.48875, 0.23227], [-0.94447, 0.49377, 0.23146], [-0.91018, 0.49643, 0.23064], [-0.87758, 0.4972, 0.23002], [-0.81436, 0.4892, 0.22731], [-0.74073, 0.48141, 0.22925], [-0.6983, 0.46218, 0.22643]], "2-4": [[1.21336, 0.20092, 0.16647], [1.27841, 0.20472, 0.21479], [1.35498, 0.21176, 0.24308], [1.44124, 0.19674, 0.24777], [1.50734, 0.17943, 0.2354], [1.57547, 0.15722, 0.20476], [1.63842, 0.10689, 0.15512], [1.67257, 0.08046, 0.10546], [1.69356, 0.03942, 0.05206], [1.7, -0.0, 0.0], [1.64158, -0.30694, -0.01386], [1.4715, -0.57471, -0.02357], [1.22842, -0.75273, -0.03566], [0.61775, -0.8032, -0.03521], [0.20654, -0.52766, -0.0321], [0.0, -0.12675, 0.08749], [-0.03349, 0.07674, 0.07681], [-0.04657, 0.11549, 0.0992], [-0.05718, 0.10699, 0.1226], [-0.09877, 0.08804, 0.17891], [-0.16108, 0.11394, 0.22076], [-0.23714, 0.09208, 0.24613], [-0.34328, 0.04505, 0.23728], [-0.43991, 0.02888, 0.17939], [-0.50033, 0.0, 0.08509]], "4-5": [[-0.50033, 0.0, 0.08509], [-0.46923, -0.0757, 0.15399], [-0.43664, -0.18216, 0.21058], [-0.42632, -0.28861, 0.23804], [-0.45461, -0.39367, 0.24719], [-0.47409, -0.48564, 0.24728], [-0.51122, -0.55611, 0.24054], [-0.55256, -0.61011, 0.23179], [-0.58884, -0.65849, 0.21827], [-0.65171, -0.70884, 0.20132], [-0.68489, -0.72993, 0.19213], [-0.71501, -0.74587, 0.18414], [-0.76701, -0.76681, 0.17177], [-0.81985, -0.78148, 0.16046], [-0.87386, -0.79146, 0.14895], [-0.91709, -0.79618, 0.13952], [-1.02909, -0.79324, 0.11811], [-1.13909, -0.77289, 0.09534], [-1.22287, -0.74399, 0.07897], [-1.37214, -0.65938, 0.05212], [-1.45348, -0.5933, 0.0239], [-1.53936, -0.49439, 0.0], [-1.68162, -0.17488, 0.0], [-1.68162, 0.17488, 0.0], [-1.53936, 0.49439, 0.0]], "1-4": [[-1.37118, 0.24741, 0.24768], [-1.37502, 0.11933, 0.24078], [-1.37897, 0.01334, 0.23811], [-1.34024, -0.09307, 0.22688], [-1.30134, -0.15249, 0.21548], [-1.24849, -0.21971, 0.20212], [-1.18236, -0.27819, 0.18558], [-1.14086, -0.30246, 0.17295], [-1.09699, -0.3318, 0.16751], [-1.06154, -0.34825, 0.16129], [-1.0391, -0.35947, 0.16034], [-1.0123, -0.36907, 0.15742], [-0.98423, -0.37659, 0.15394], [-0.9542, -0.37739, 0.14368], [-0.91492, -0.37617, 0.13016], [-0.88392, -0.37434, 0.12139], [-0.84116, -0.37149, 0.11536], [-0.79163, -0.36241, 0.10878], [-0.74756, -0.34642, 0.09846], [-0.69152, -0.32204, 0.09627], [-0.64683, -0.2934, 0.09402], [-0.60695, -0.25926, 0.0928], [-0.5447, -0.18131, 0.09581], [-0.50651, -0.09206, 0.09924], [-0.50033, 0.0, 0.08509]], "3-5": [[-0.6983, 0.46218, 0.22643], [-0.7912, 0.40477, 0.16967], [-0.86428, 0.35278, 0.06727], [-0.9079, 0.34449, -0.04664], [-0.94463, 0.35805, -0.10791], [-0.98958, 0.38571, -0.16624], [-1.04944, 0.41594, -0.20908], [-1.09849, 0.43886, -0.23101], [-1.15123, 0.46384, -0.24485], [-1.21554, 0.47876, -0.24874], [-1.2524, 0.47829, -0.24731], [-1.27369, 0.4856, -0.24443], [-1.29434, 0.49185, -0.24025], [-1.31756, 0.49462, -0.2348], [-1.3572, 0.48596, -0.22613], [-1.39642, 0.47393, -0.21551], [-1.40879, 0.49798, -0.19882], [-1.43517, 0.49781, -0.18239], [-1.43865, 0.53008, -0.1567], [-1.48143, 0.51437, -0.1248], [-1.53147, 0.47393, -0.09371], [-1.55092, 0.4607, -0.06897], [-1.55007, 0.47168, -0.0462], [-1.54625, 0.48312, -0.02167], [-1.53936, 0.49439, 0.0]], "2-3": [[1.21336, 0.20092, 0.16647], [1.21966, 0.1082, 0.12399], [1.21154, 0.02591, 0.07002], [1.19879, -0.05055, 0.00671], [1.19332, -0.10207, -0.05482], [1.1715, -0.20263, -0.11654], [1.13429, -0.30301, -0.16867], [1.09674, -0.38513, -0.20587], [1.01978, -0.47116, -0.23015], [0.92334, -0.5489, -0.2456], [0.83472, -0.5989, -0.24868], [0.76062, -0.6245, -0.24557], [0.70887, -0.65058, -0.23711], [0.60136, -0.65163, -0.22395], [0.53796, -0.64412, -0.21374], [0.43144, -0.60906, -0.19714], [0.26171, -0.51634, -0.15178], [0.10804, -0.33678, -0.0934], [0.0, -0.03686, -0.14953], [-0.08379, 0.27502, 0.09458], [-0.14774, 0.36401, 0.13866], [-0.24526, 0.44999, 0.18293], [-0.4085, 0.50162, 0.23495], [-0.54303, 0.4992, 0.24878], [-0.6983, 0.46218, 0.22643]], "3-4": [[-0.6983, 0.46218, 0.22643], [-0.66183, 0.43745, 0.22187], [-0.61206, 0.40923, 0.2209], [-0.58151, 0.36996, 0.21215], [-0.56645, 0.3341, 0.19973], [-0.55274, 0.29735, 0.1857], [-0.54532, 0.2685, 0.17223], [-0.54284, 0.2489, 0.16054], [-0.54083, 0.23025, 0.14838], [-0.53958, 0.21083, 0.13384], [-0.53936, 0.20123, 0.12564], [-0.53913, 0.19188, 0.11724], [-0.53886, 0.18278, 0.10868], [-0.53847, 0.17385, 0.1], [-0.53666, 0.16213, 0.0908], [-0.53492, 0.15063, 0.08146], [-0.53062, 0.1315, 0.07005], [-0.53069, 0.12004, 0.05388], [-0.52726, 0.0963, 0.0296], [-0.52076, 0.06297, -0.01378], [-0.51228, 0.03664, -0.04955], [-0.50033, 0.0, -0.08509], [-0.51365, 0.0, -0.02888], [-0.51365, 0.0, 0.02888], [-0.50033, 0.0, 0.08509], [-0.50033, 0.0, 0.08509]], "2-5": [[1.21336, 0.20092, 0.16647], [1.12452, 0.29387, 0.15296], [1.05411, 0.33614, 0.14294], [0.96598, 0.36036, 0.12274], [0.85328, 0.3673, 0.10616], [0.76447, 0.34487, 0.0823], [0.68758, 0.30861, 0.0678], [0.62354, 0.26268, 0.0668], [0.57197, 0.19416, 0.03773], [0.53934, 0.12965, 0.02531], [0.5257, 0.08604, 0.01669], [0.51761, 0.0408, 0.00868], [0.51533, 0.0, 0.0], [0.50659, -0.01676, -0.0668], [0.48171, -0.0246, -0.12626], [0.44507, -0.0453, -0.17578], [0.35545, -0.0564, -0.23353], [0.25458, -0.09635, -0.24801], [0.16135, -0.12317, -0.22009], [0.08948, -0.08965, -0.16931], [0.049, -0.12209, -0.10247], [0.0, 0.12675, 0.08749], [-0.2825, 0.60807, 0.04025], [-0.8733, 0.83937, 0.0284], [-1.53936, 0.49439, 0.0]], "1-5": [[-1.37118, 0.24741, 0.24768], [-1.38825, 0.28957, 0.24853], [-1.36839, 0.36276, 0.24657], [-1.3685, 0.41656, 0.2399], [-1.34686, 0.46134, 0.23584], [-1.31998, 0.51194, 0.22924], [-1.28394, 0.58043, 0.21387], [-1.23411, 0.64005, 0.19878], [-1.20004, 0.67533, 0.18683], [-1.17277, 0.69976, 0.17722], [-1.16168, 0.71001, 0.17221], [-1.14964, 0.71962, 0.16765], [-1.13701, 0.72876, 0.16329], [-1.12668, 0.73663, 0.15886], [-1.11614, 0.74425, 0.15434], [-1.10539, 0.75162, 0.14973], [-1.07525, 0.77025, 0.1369], [-1.034, 0.79017, 0.12166], [-0.99102, 0.80676, 0.10578], [-0.98414, 0.81455, 0.09037], [-0.98286, 0.82009, 0.07543], [-0.98189, 0.82455, 0.0604], [-1.19553, 0.76363, 0.05679], [-1.3795, 0.65855, 0.02849], [-1.53936, 0.49439, 0.0]]}}