{"graph": "k5e", "genus": 2, "class": 30, "representative": {"1": [3, 4, 5], "2": [3, 5, 4], "3": [1, 2, 4, 5], "4": [1, 3, 5, 2], "5": [1, 3, 2, 4]}, "vertices": {"1": [0.0, -0.07286, 0.13568], "2": [-1.28706, -0.09391, -0.1954], "3": [0.85889, 0.84111, 0.0], "4": [0.17833, 0.0, 0.23261], "5": [0.85889, -0.84111, 0.0]}, "edges": {"1-3": [[0.0, -0.07286, 0.13568], [-0.05296, 0.05579, 0.12428], [-0.13515, 0.03389, 0.21075], [-0.26655, 0.0, 0.24878], [-0.29334, -0.28948, 0.24504], [-0.47289, -0.53908, 0.23853], [-0.76093, -0.68148, 0.22945], [-1.07989, -0.67265, 0.22025], [-1.37334, -0.52574, 0.20341], [-1.58062, -0.22709, 0.18682], [-1.62739, 0.00522, 0.17564], [-1.60814, 0.19221, 0.17048], [-1.51862, 0.42659, 0.1566], [-1.33663, 0.62771, 0.15258], [-1.15347, 0.74324, 0.13776], [-0.90542, 0.81525, 0.10773], [-0.50042, 0.74288, 0.08849], [-0.1814, 0.48819, 0.05458], [0.0, 0.15393, -0.00474], [0.0795, -0.13123, -0.1506], [0.21374, -0.10951, -0.24092], [0.40787, 0.0, -0.20474], [0.27366, 0.30831, -0.23898], [0.42955, 0.66745, -0.14622], [0.85889, 0.84111, 0.0]], "2-5": [[-1.28706, -0.09391, -0.1954], [-1.25494, -0.21457, -0.20435], [-1.19331, -0.31238, -0.20915], [-1.11597, -0.38271, -0.21131], [-1.01926, -0.46076, -0.22579], [-0.9113, -0.49532, -0.23024], [-0.79585, -0.51639, -0.2381], [-0.63127, -0.48894, -0.24307], [-0.52406, -0.43016, -0.24426], [-0.41742, -0.34241, -0.2465], [-0.35837, -0.26754, -0.24754], [-0.32305, -0.21278, -0.24828], [-0.29807, -0.1701, -0.2487], [-0.28493, -0.11343, -0.24867], [-0.27071, -0.05126, -0.24877], [-0.26655, 0.0, -0.24878], [-0.52479, 0.11732, 0.07164], [-0.24371, 0.25653, 0.23746], [0.0, -0.14183, -0.06003], [0.17702, -0.45471, -0.10127], [0.37011, -0.58343, -0.18277], [0.56724, -0.59435, -0.23881], [0.83557, -0.36445, -0.10149], [0.88549, -0.52324, 0.23919], [0.85889, -0.84111, 0.0]], "2-3": [[-1.28706, -0.09391, -0.1954], [-1.33661, -0.09498, -0.22541], [-1.3802, -0.0997, -0.24104], [-1.41833, -0.09161, -0.24748], [-1.45772, -0.08075, -0.24849], [-1.49146, -0.07083, -0.24482], [-1.53448, -0.05965, -0.23348], [-1.56102, -0.05321, -0.22224], [-1.5874, -0.03271, -0.20772], [-1.6146, 0.01006, -0.18755], [-1.62755, 0.01625, -0.17532], [-1.64065, 0.01651, -0.16107], [-1.65257, 0.01683, -0.14587], [-1.66149, 0.01776, -0.13264], [-1.66955, 0.01869, -0.11887], [-1.67665, 0.01974, -0.10471], [-1.68511, 0.01726, -0.08427], [-1.69176, 0.01509, -0.06297], [-1.69647, 0.01266, -0.04121], [-1.69855, 0.00782, -0.02644], [-1.69973, 0.00294, -0.01157], [-1.7, 0.0, 0.0], [-1.18561, 0.77036, 0.04624], [-0.37967, 0.68512, 0.04981], [0.0, 0.14525, 0.05118], [0.05838, -0.11212, -0.12346], [0.14518, -0.08594, -0.2142], [0.29654, 0.0, -0.24697], [0.21778, 0.33998, -0.21003], [0.41299, 0.67579, -0.12112], [0.85889, 0.84111, 0.0]], "3-4": [[0.85889, 0.84111, 0.0], [0.9517, 0.81292, 0.1043], [1.03746, 0.73336, 0.18842], [1.10247, 0.61223, 0.23971], [1.11312, 0.52487, 0.24861], [1.08507, 0.46612, 0.23745], [1.09566, 0.38476, 0.20527], [1.07699, 0.36557, 0.18472], [1.06629, 0.35182, 0.16751], [1.05662, 0.3395, 0.1487], [1.04604, 0.33994, 0.142], [1.036, 0.3402, 0.13527], [1.02615, 0.34037, 0.12841], [1.01173, 0.34498, 0.12515], [1.00006, 0.34891, 0.12354], [0.9883, 0.35247, 0.12192], [0.95565, 0.36796, 0.1304], [0.92235, 0.38595, 0.14632], [0.87108, 0.39507, 0.15183], [0.80052, 0.40354, 0.16679], [0.71047, 0.40825, 0.19222], [0.6258, 0.38092, 0.2016], [0.45646, 0.32239, 0.23666], [0.30074, 0.21283, 0.24873], [0.17833, 0.0, 0.23261]], "4-5": [[0.17833, 0.0, 0.23261], [0.35384, -0.16666, 0.24131], [0.49165, -0.17067, 0.16365], [0.60372, -0.23133, 0.02069], [0.60191, -0.22871, -0.01505], [0.60706, -0.24247, -0.05442], [0.62054, -0.27204, -0.09321], [0.62714, -0.28064, -0.09867], [0.63206, -0.28726, -0.10331], [0.63549, -0.2931, -0.10865], [0.64209, -0.29644, -0.10597], [0.64873, -0.29966, -0.10328], [0.65508, -0.30262, -0.10072], [0.66173, -0.30429, -0.09541], [0.6683, -0.30592, -0.09005], [0.67481, -0.30751, -0.08465], [0.6909, -0.31102, -0.06959], [0.70519, -0.31327, -0.05147], [0.72559, -0.31848, -0.029], [0.74752, -0.32946, 0.04563], [0.75309, -0.35874, 0.11928], [0.7555, -0.3932, 0.16547], [0.76902, -0.58036, 0.24873], [0.83253, -0.75513, 0.18772], [0.85889, -0.84111, 0.0]], "1-4": [[0.0, -0.07286, 0.13568], [0.09918, -0.35537, -0.03451], [0.29576, -0.61654, -0.05479], [0.50476, -0.75124, -0.07183], [0.69093, -0.80754, -0.08856], [0.88201, -0.81661, -0.10699], [1.1043, -0.75355, -0.14773], [1.2329, -0.67906, -0.16863], [1.38156, -0.52163, -0.20136], [1.47689, -0.35574, -0.21751], [1.49876, -0.28137, -0.22475], [1.5082, -0.19737, -0.23333], [1.50498, -0.11681, -0.24034], [1.49096, -0.03589, -0.24542], [1.46436, 0.03564, -0.24838], [1.42947, 0.09502, -0.24839], [1.34495, 0.20714, -0.24041], [1.2523, 0.26733, -0.21972], [1.15082, 0.30455, -0.1812], [1.03567, 0.33814, -0.13217], [0.90025, 0.34582, -0.04828], [0.79083, 0.33985, 0.03881], [0.61988, 0.32355, 0.1605], [0.40313, 0.24133, 0.23669], [0.17833, 0.0, 0.23261]], "3-5": [[0.85889, 0.84111, 0.0], [0.96867, 0.83392, 0.0], [1.07658, 0.81245, 0.0], [1.18077, 0.77709, 0.0], [1.27944, 0.72843, 0.0], [1.37092, 0.6673, 0.0], [1.45364, 0.59476, 0.0], [1.52619, 0.51204, 0.0], [1.58731, 0.42056, 0.0], [1.63597, 0.32188, 0.0], [1.67134, 0.2177, 0.0], [1.6928, 0.10979, 0.0], [1.7, -0.0, 0.0], [1.6928, -0.10979, 0.0], [1.67134, -0.2177, 0.0], [1.63597, -0.32188, 0.0], [1.58731, -0.42056, 0.0], [1.52619, -0.51204, 0.0], [1.45364, -0.59476, 0.0], [1.37092, -0.6673, 0.0], [1.27944, -0.72843, 0.0], [1.18077, -0.77709, 0.0], [1.07658, -0.81245, 0.0], [0.96867, -0.83392, 0.0], [0.85889, -0.84111, 0.0], [0.85889, -0.84111, 0.0]], "2-4": [[-1.28706, -0.09391, -0.1954], [-1.25755, -0.03661, -0.15821], [-1.22335, 0.05622, -0.10914], [-1.18355, 0.13209, -0.0584], [-1.14452, 0.19091, 0.00237], [-1.09877, 0.25935, 0.06889], [-1.03459, 0.33215, 0.12242], [-0.9836, 0.38831, 0.1669], [-0.92322, 0.44821, 0.20596], [-0.87464, 0.50475, 0.23295], [-0.79184, 0.53747, 0.24356], [-0.71134, 0.55947, 0.2484], [-0.62889, 0.56003, 0.24844], [-0.56795, 0.57267, 0.2437], [-0.51992, 0.57714, 0.23657], [-0.46799, 0.56757, 0.22917], [-0.35711, 0.53761, 0.20353], [-0.24667, 0.47161, 0.17124], [-0.13903, 0.36578, 0.12496], [-0.09753, 0.30362, 0.10105], [-0.03518, 0.1109, -0.04209], [0.0, -0.0283, -0.15138], [0.11912, -0.3257, -0.12351], [0.2466, -0.40718, -0.20359], [0.38904, -0.38985, -0.24811], [0.54505, -0.22666, -0.14065], [0.49186, -0.13232, 0.14495], [0.17833, 0.0, 0.23261]], "1-5": [[0.0, -0.07286, 0.13568], [0.10319, -0.36482, -0.03123], [0.31009, -0.6317, -0.04619], [0.52708, -0.76692, -0.05199], [0.66904, -0.8113, -0.0622], [0.83965, -0.83084, -0.07], [0.97992, -0.82051, -0.07548], [1.04785, -0.80337, -0.08731], [1.11492, -0.77974, -0.0987], [1.18284, -0.75225, -0.10245], [1.20436, -0.74256, -0.10255], [1.2256, -0.73226, -0.10264], [1.24653, -0.72135, -0.10273], [1.25668, -0.71644, -0.1015], [1.26841, -0.71065, -0.09983], [1.28085, -0.70442, -0.09769], [1.28438, -0.70597, -0.08996], [1.28805, -0.70715, -0.08207], [1.2916, -0.70808, -0.07407], [1.26939, -0.72636, -0.05769], [1.22228, -0.75245, -0.05206], [1.16612, -0.7779, -0.04831], [1.06447, -0.81302, -0.03521], [0.96417, -0.83425, -0.0111], [0.85889, -0.84111, 0.0]]}}