{"graph": "k5e", "genus": 2, "class": 18, "representative": {"1": [3, 4, 5], "2": [3, 4, 5], "3": [1, 2, 5, 4], "4": [1, 3, 5, 2], "5": [1, 4, 2, 3]}, "vertices": {"1": [-1.46037, -0.54315, 0.11968], "2": [0.51533, 0.0, 0.0], "3": [0.0, -0.03202, -0.15064], "4": [-1.36374, 0.08026, 0.23518], "5": [0.0, -0.11445, 0.10305]}, "edges": {"1-3": [[-1.46037, -0.54315, 0.11968], [-1.52793, -0.4519, 0.12511], [-1.59844, -0.32777, 0.12237], [-1.63564, -0.21933, 0.12552], [-1.66554, -0.06391, 0.12193], [-1.66227, 0.0456, 0.12963], [-1.6435, 0.14931, 0.13895], [-1.6066, 0.25795, 0.1498], [-1.54889, 0.39006, 0.14756], [-1.46195, 0.51614, 0.14598], [-1.3983, 0.57272, 0.15522], [-1.34793, 0.61528, 0.15621], [-1.2992, 0.65216, 0.15505], [-1.24309, 0.68899, 0.15253], [-1.1916, 0.7149, 0.15296], [-1.13806, 0.73682, 0.15373], [-1.026, 0.77504, 0.14726], [-0.89305, 0.79707, 0.14026], [-0.76174, 0.79112, 0.14135], [-0.59951, 0.75474, 0.13987], [-0.4496, 0.691, 0.13214], [-0.32489, 0.59939, 0.13272], [-0.1756, 0.44914, 0.10541], [-0.08598, 0.29103, 0.07677], [0.0, -0.03202, -0.15064]], "2-4": [[0.51533, 0.0, 0.0], [0.36838, -0.08161, -0.22989], [0.12445, -0.14773, -0.19314], [0.0, 0.15316, 0.0161], [-0.1045, 0.36427, 0.04091], [-0.32954, 0.65134, 0.02983], [-0.71283, 0.82834, 0.0], [-0.53378, 0.76294, -0.0757], [-0.40271, 0.64246, -0.15372], [-0.32889, 0.50362, -0.20648], [-0.32159, 0.39499, -0.23736], [-0.30241, 0.26058, -0.24779], [-0.37078, 0.19267, -0.23942], [-0.40626, 0.11548, -0.21498], [-0.44515, 0.08472, -0.18162], [-0.46372, 0.05662, -0.15682], [-0.49043, 0.032, -0.1113], [-0.50874, 0.01722, -0.05866], [-0.51533, 0.0, 0.0], [-0.52581, -0.09463, 0.03658], [-0.5597, -0.18929, 0.07145], [-0.62406, -0.271, 0.08517], [-0.72372, -0.34605, 0.11458], [-0.86968, -0.38906, 0.14364], [-1.01586, -0.39241, 0.18192], [-1.17007, -0.30966, 0.19591], [-1.31668, -0.14375, 0.22189], [-1.36374, 0.08026, 0.23518]], "1-5": [[-1.46037, -0.54315, 0.11968], [-1.35378, -0.64852, 0.10938], [-1.25404, -0.72455, 0.08728], [-1.12781, -0.78791, 0.06477], [-1.01662, -0.82192, 0.04547], [-0.8742, -0.83995, 0.02258], [-0.71283, -0.82834, 0.0], [-0.98157, -0.82107, -0.07292], [-1.25804, -0.69341, -0.13686], [-1.38366, -0.51602, -0.20312], [-1.46344, -0.37476, -0.2185], [-1.47709, -0.23874, -0.23862], [-1.46357, -0.11452, -0.24771], [-1.44466, 0.01108, -0.2487], [-1.38033, 0.10278, -0.24122], [-1.32017, 0.20744, -0.23324], [-1.16805, 0.28982, -0.18296], [-1.03368, 0.32604, -0.1115], [-0.93427, 0.33697, -0.02939], [-0.80977, 0.3547, 0.08377], [-0.64847, 0.38015, 0.1923], [-0.518, 0.39161, 0.23779], [-0.2791, 0.31682, 0.2392], [-0.09625, 0.15933, 0.16434], [0.0, -0.11445, 0.10305]], "2-5": [[0.51533, 0.0, 0.0], [0.51583, 0.04328, -0.03318], [0.51729, 0.09185, -0.0704], [0.52849, 0.1398, -0.08563], [0.54996, 0.22641, -0.13444], [0.58657, 0.30602, -0.16887], [0.64755, 0.3852, -0.19619], [0.74541, 0.47354, -0.22536], [0.86086, 0.52002, -0.23804], [0.954, 0.54044, -0.24493], [1.03309, 0.54826, -0.24819], [1.15282, 0.53835, -0.24789], [1.2395, 0.48918, -0.24726], [1.32662, 0.43636, -0.24423], [1.41179, 0.37799, -0.23642], [1.48106, 0.29816, -0.22884], [1.56989, 0.1235, -0.21253], [1.60197, -0.12706, -0.18921], [1.54092, -0.34669, -0.17901], [1.34577, -0.62289, -0.15027], [1.09152, -0.77664, -0.11913], [0.78234, -0.82216, -0.08618], [0.42807, -0.71357, -0.06094], [0.14601, -0.44154, -0.03571], [0.0, -0.11445, 0.10305]], "3-4": [[0.0, -0.03202, -0.15064], [-0.01154, 0.03196, -0.11656], [-0.06971, 0.23615, 0.04865], [-0.10419, 0.32334, 0.09789], [-0.11268, 0.33847, 0.1017], [-0.14198, 0.38262, 0.11562], [-0.20659, 0.4599, 0.13979], [-0.24461, 0.49879, 0.14937], [-0.27466, 0.5253, 0.15658], [-0.30768, 0.55075, 0.16423], [-0.33053, 0.56631, 0.16942], [-0.35941, 0.58403, 0.17568], [-0.39473, 0.60301, 0.18291], [-0.43799, 0.62275, 0.19108], [-0.48355, 0.63963, 0.19901], [-0.52601, 0.6621, 0.19942], [-0.59636, 0.68978, 0.20164], [-0.652, 0.69931, 0.2077], [-0.73454, 0.70298, 0.21706], [-0.87004, 0.69045, 0.22858], [-1.00978, 0.65108, 0.23689], [-1.12039, 0.58184, 0.24457], [-1.26224, 0.4363, 0.24877], [-1.33862, 0.28073, 0.24609], [-1.36374, 0.08026, 0.23518]], "4-5": [[-1.36374, 0.08026, 0.23518], [-1.33207, 0.16021, 0.23084], [-1.29454, 0.22024, 0.22592], [-1.24189, 0.29578, 0.22392], [-1.18217, 0.33111, 0.21237], [-1.1393, 0.36415, 0.21042], [-1.10012, 0.39447, 0.21215], [-1.05697, 0.41572, 0.21098], [-1.00866, 0.43304, 0.20953], [-0.9563, 0.44888, 0.21024], [-0.92353, 0.45769, 0.21205], [-0.89853, 0.46428, 0.2143], [-0.87923, 0.46914, 0.21638], [-0.86211, 0.47473, 0.21923], [-0.8446, 0.47976, 0.22196], [-0.81836, 0.48222, 0.22392], [-0.74132, 0.49165, 0.23314], [-0.67258, 0.48997, 0.23927], [-0.62038, 0.48102, 0.24253], [-0.51671, 0.46025, 0.24807], [-0.42255, 0.43077, 0.24791], [-0.32035, 0.38456, 0.2389], [-0.18902, 0.277, 0.21053], [-0.06944, 0.15967, 0.12837], [0.0, -0.11445, 0.10305]], "2-3": [[0.51533, 0.0, 0.0], [0.47626, -0.06732, -0.14263], [0.38222, -0.12937, -0.22848], [0.26761, -0.22964, -0.24521], [0.26576, -0.25279, -0.2432], [0.26533, -0.27801, -0.24065], [0.26109, -0.29536, -0.23738], [0.26192, -0.30638, -0.23601], [0.2647, -0.3197, -0.23474], [0.2678, -0.33301, -0.23341], [0.26769, -0.34083, -0.2319], [0.2677, -0.34866, -0.23034], [0.26783, -0.35652, -0.2287], [0.2672, -0.36461, -0.22661], [0.26671, -0.37272, -0.22442], [0.26637, -0.38079, -0.22215], [0.26207, -0.39242, -0.21685], [0.25712, -0.40036, -0.21184], [0.25205, -0.407, -0.20676], [0.24093, -0.41157, -0.19838], [0.23071, -0.41912, -0.1881], [0.21454, -0.419, -0.17557], [0.12519, -0.33991, -0.12295], [0.07166, -0.24205, -0.09608], [0.0, -0.03202, -0.15064]], "3-5": [[0.0, -0.03202, -0.15064], [0.26202, -0.49272, -0.17001], [0.54687, -0.5382, -0.24699], [0.86404, -0.42354, -0.18278], [0.95831, -0.33018, -0.02512], [1.06402, -0.32865, 0.14107], [1.28563, -0.34691, 0.24515], [1.47638, -0.30448, 0.22945], [1.62121, -0.23741, 0.13933], [1.7, -0.0, 0.0], [1.69496, -0.09194, -0.00127], [1.6798, -0.18304, -0.00454], [1.65471, -0.27191, -0.0078], [1.6269, -0.34237, -0.01103], [1.5899, -0.41511, -0.01516], [1.53774, -0.4955, -0.01812], [1.43165, -0.61437, -0.02406], [1.3147, -0.70496, -0.02841], [1.17649, -0.77491, -0.04242], [0.95581, -0.83369, -0.02997], [0.74124, -0.82807, -0.04827], [0.54706, -0.77839, -0.0358], [0.30261, -0.62606, -0.04229], [0.09951, -0.35566, -0.03574], [0.0, -0.11445, 0.10305]], "1-4": [[-1.46037, -0.54315, 0.11968], [-1.455, -0.53718, 0.13321], [-1.44443, -0.53418, 0.1476], [-1.44721, -0.52005, 0.15711], [-1.44886, -0.5072, 0.16557], [-1.44997, -0.49409, 0.17374], [-1.45055, -0.48017, 0.18196], [-1.44791, -0.47069, 0.1891], [-1.44514, -0.46065, 0.19598], [-1.44423, -0.44779, 0.2024], [-1.44443, -0.4386, 0.20615], [-1.44442, -0.42938, 0.20976], [-1.44403, -0.42047, 0.2132], [-1.44435, -0.40949, 0.21674], [-1.44491, -0.39754, 0.22018], [-1.44517, -0.38559, 0.22344], [-1.44708, -0.35824, 0.22936], [-1.44529, -0.3391, 0.23379], [-1.44382, -0.31717, 0.23781], [-1.44762, -0.2648, 0.24302], [-1.44143, -0.20381, 0.24754], [-1.43492, -0.16143, 0.24871], [-1.42944, -0.08388, 0.24829], [-1.41211, -0.00635, 0.24569], [-1.36374, 0.08026, 0.23518]]}}