{"graph": "k5e", "genus": 2, "class": 19, "representative": {"1": [3, 4, 5], "2": [3, 4, 5], "3": [1, 2, 5, 4], "4": [1, 5, 2, 3], "5": [1, 4, 2, 3]}, "vertices": {"1": [-0.55426, -0.30533, 0.21488], "2": [1.1854, -0.18516, 0.16105], "3": [0.01982, 0.00343, -0.16115], "4": [-1.38798, -0.62378, -0.14044], "5": [0.48264, 0.00156, 0.15957]}, "edges": {"1-3": [[-0.55426, -0.30533, 0.21488], [-0.55751, -0.37117, 0.24275], [-0.61145, -0.3792, 0.2306], [-0.66038, -0.38967, 0.21928], [-0.71187, -0.39957, 0.21059], [-0.76167, -0.40635, 0.20538], [-0.81381, -0.41264, 0.20195], [-0.86005, -0.40399, 0.19304], [-0.90536, -0.39761, 0.187], [-0.95225, -0.38497, 0.18409], [-0.99512, -0.36992, 0.18115], [-1.03861, -0.34889, 0.17945], [-1.07707, -0.32473, 0.17848], [-1.11569, -0.29546, 0.17739], [-1.14794, -0.26297, 0.17827], [-1.17817, -0.22855, 0.17829], [-1.20424, -0.18782, 0.18076], [-1.22586, -0.14799, 0.18271], [-1.24345, -0.10327, 0.18596], [-1.25586, -0.06004, 0.18978], [-1.26451, -0.01305, 0.1939], [-1.27082, 0.03171, 0.20194], [-1.27128, 0.07922, 0.20591], [-1.267, 0.12387, 0.21175], [-1.25907, 0.17049, 0.21677], [-1.24744, 0.21383, 0.22417], [-1.23614, 0.26099, 0.2337], [-1.21146, 0.29902, 0.23589], [-1.18433, 0.33781, 0.23849], [-1.15589, 0.37378, 0.24255], [-1.1237, 0.40902, 0.24684], [-1.09034, 0.44126, 0.25163], [-1.05481, 0.4761, 0.25748], [-1.01646, 0.50576, 0.26023], [-0.9751, 0.53411, 0.26432], [-0.93258, 0.56596, 0.26742], [-0.88904, 0.58291, 0.26742], [-0.84365, 0.59865, 0.26742], [-0.79729, 0.61097, 0.26742], [-0.7506, 0.62148, 0.26457], [-0.70437, 0.62362, 0.26206], [-0.65738, 0.6231, 0.26008], [-0.60914, 0.61941, 0.25665], [-0.56015, 0.61654, 0.24992], [-0.51288, 0.60742, 0.24504], [-0.46493, 0.59381, 0.23773], [-0.41706, 0.58141, 0.2276], [-0.37237, 0.56344, 0.21903], [-0.32765, 0.54055, 0.20831], [-0.28438, 0.51895, 0.19303], [-0.24521, 0.49326, 0.17973], [-0.20519, 0.46403, 0.1663], [-0.17086, 0.43495, 0.14629], [-0.1418, 0.40035, 0.13467], [-0.11059, 0.36566, 0.11977], [-0.08822, 0.32874, 0.10933], [-0.06689, 0.30231, 0.06075], [-0.05742, 0.26851, 0.04757], [-0.04079, 0.20706, 0.00229], [-0.02879, 0.16652, -0.03051], [-0.01163, 0.13259, -0.05905], [-0.00317, 0.08603, -0.08008], [0.00595, 0.05569, -0.10733], [0.01982, 0.00343, -0.16115]], "2-4": [[1.1854, -0.18516, 0.16105], [1.17878, -0.24512, 0.19053], [1.13066, -0.25094, 0.15323], [1.09251, -0.26092, 0.11584], [1.05133, -0.27269, 0.07545], [1.01641, -0.2859, 0.03528], [0.97749, -0.29953, -0.00293], [0.94368, -0.31444, -0.0348], [0.90545, -0.32918, -0.06908], [0.87034, -0.34096, -0.09782], [0.83075, -0.35542, -0.12805], [0.7941, -0.36483, -0.154], [0.75194, -0.37784, -0.17944], [0.71152, -0.38896, -0.20362], [0.66794, -0.39546, -0.2209], [0.6233, -0.40427, -0.23743], [0.578, -0.40606, -0.25], [0.52923, -0.40901, -0.25962], [0.48318, -0.40634, -0.26528], [0.43303, -0.40314, -0.26742], [0.38646, -0.39404, -0.26742], [0.33803, -0.38428, -0.26162], [0.28967, -0.37019, -0.25291], [0.2476, -0.35169, -0.24075], [0.20332, -0.333, -0.22456], [0.16893, -0.30972, -0.2113], [0.1337, -0.28243, -0.18993], [0.11205, -0.24815, -0.17876], [0.08264, -0.21525, -0.15886], [0.03505, -0.16571, -0.10338], [0.02087, -0.11205, -0.09006], [0.05323, -0.06596, -0.07452], [0.01305, 0.00208, -0.08483], [0.0363, 0.03911, -0.06118], [0.03075, 0.07684, -0.04256], [0.02521, 0.11597, -0.03176], [-0.01685, 0.14137, -0.01981], [-0.03765, 0.17708, -0.00023], [-0.04606, 0.25916, -0.0123], [-0.05579, 0.30723, 0.00182], [-0.07284, 0.35015, 0.00997], [-0.09654, 0.39179, 0.01426], [-0.12013, 0.43249, 0.01881], [-0.14559, 0.47395, 0.02741], [-0.19295, 0.52498, 0.07014], [-0.22692, 0.56115, 0.07337], [-0.26097, 0.5975, 0.0764], [-0.30005, 0.63568, 0.08071], [-0.34054, 0.6643, 0.08271], [-0.38066, 0.69243, 0.08527], [-0.42047, 0.72004, 0.08855], [-0.46691, 0.74446, 0.0907], [-0.51114, 0.76353, 0.09244], [-0.55537, 0.78247, 0.09456], [-0.60227, 0.79905, 0.10488], [-0.64783, 0.8034, 0.11592], [-0.69313, 0.80856, 0.12353], [-0.73996, 0.81309, 0.13276], [-0.80862, 0.81493, 0.14167], [-0.85847, 0.79456, 0.17028], [-0.90825, 0.78806, 0.17754], [-0.98084, 0.7769, 0.18064], [-1.03072, 0.76563, 0.18138], [-1.08057, 0.75425, 0.18223], [-1.1513, 0.73115, 0.17887], [-1.19962, 0.71405, 0.17437], [-1.25446, 0.71412, 0.14456], [-1.31743, 0.67918, 0.1346], [-1.3597, 0.65543, 0.1248], [-1.40373, 0.63744, 0.10175], [-1.44035, 0.60484, 0.09906], [-1.47116, 0.57256, 0.09503], [-1.5018, 0.54046, 0.09101], [-1.53025, 0.50861, 0.09155], [-1.55681, 0.47018, 0.09073], [-1.57831, 0.43375, 0.08951], [-1.59959, 0.39749, 0.08855], [-1.61903, 0.35951, 0.09522], [-1.63105, 0.2904, 0.12569], [-1.64035, 0.24387, 0.13533], [-1.62982, 0.19105, 0.17288], [-1.63808, 0.11422, 0.17888], [-1.6391, 0.0632, 0.1837], [-1.6073, -0.0153, 0.21603], [-1.60229, -0.06598, 0.2158], [-1.59958, -0.11695, 0.21387], [-1.62063, -0.20272, 0.17861], [-1.63614, -0.25991, 0.13367], [-1.6406, -0.31397, 0.08775], [-1.6071, -0.39193, 0.07704], [-1.59128, -0.43724, 0.03565], [-1.56846, -0.47814, 0.02903], [-1.52851, -0.53278, 0.02378], [-1.50332, -0.56145, 0.01934], [-1.48338, -0.58398, 0.01687], [-1.46365, -0.60627, 0.01448], [-1.44898, -0.62214, -0.01719], [-1.42966, -0.63843, -0.04419], [-1.40875, -0.64475, -0.07433], [-1.38798, -0.62378, -0.14044]], "1-4": [[-0.55426, -0.30533, 0.21488], [-0.60166, -0.28101, 0.16534], [-0.63844, -0.28319, 0.13372], [-0.67596, -0.28957, 0.1004], [-0.70824, -0.29637, 0.07016], [-0.74408, -0.30492, 0.03535], [-0.77628, -0.31168, 0.00458], [-0.81211, -0.32207, -0.03054], [-0.84459, -0.3305, -0.06545], [-0.88162, -0.34004, -0.09499], [-0.91557, -0.3509, -0.12734], [-0.95374, -0.3588, -0.15462], [-0.99088, -0.37244, -0.1818], [-1.03209, -0.38346, -0.20762], [-1.07353, -0.3923, -0.22583], [-1.11567, -0.40488, -0.24323], [-1.16036, -0.41569, -0.25724], [-1.20256, -0.42306, -0.26382], [-1.24617, -0.43356, -0.26742], [-1.28541, -0.44025, -0.26742], [-1.32569, -0.44961, -0.26086], [-1.36365, -0.45846, -0.2512], [-1.39616, -0.46329, -0.23894], [-1.4024, -0.48873, -0.22697], [-1.38823, -0.52168, -0.21855], [-1.37389, -0.55449, -0.2103], [-1.35803, -0.59016, -0.19678], [-1.38798, -0.62378, -0.14044]],