{"graph": "k5e", "genus": 2, "class": 20, "representative": {"1": [3, 4, 5], "2": [3, 4, 5], "3": [1, 4, 2, 5], "4": [1, 3, 2, 5], "5": [1, 3, 2, 4]}, "vertices": {"1": [0.78128, -0.83753, 0.0], "2": [0.07713, -0.09972, -0.15353], "3": [0.32368, -0.34152, -0.24511], "4": [0.0, -0.13607, 0.07214], "5": [1.08907, 0.80901, 0.0]}, "edges": {"1-3": [[0.78128, -0.83753, 0.0], [0.71822, -0.8053, 0.10582], [0.72148, -0.75058, 0.18096], [0.64853, -0.65442, 0.2299], [0.66103, -0.55578, 0.24877], [0.67093, -0.46769, 0.23259], [0.67557, -0.39392, 0.19229], [0.66766, -0.33577, 0.13959], [0.68118, -0.31352, 0.08993], [0.68256, -0.2996, 0.04487], [0.67597, -0.29158, 0.01803], [0.66754, -0.28553, -0.00894], [0.65744, -0.28165, -0.03668], [0.65028, -0.28318, -0.06322], [0.6419, -0.28594, -0.08616], [0.62735, -0.28485, -0.1056], [0.59306, -0.27763, -0.13653], [0.57271, -0.28532, -0.16267], [0.5516, -0.29363, -0.18411], [0.52639, -0.30227, -0.20359], [0.50539, -0.32748, -0.22291], [0.48253, -0.35297, -0.23677], [0.40532, -0.31936, -0.24592], [0.36643, -0.33508, -0.24876], [0.32368, -0.34152, -0.24511]], "3-4": [[0.32368, -0.34152, -0.24511], [0.24063, -0.33079, -0.2237], [0.18718, -0.32737, -0.19467], [0.11485, -0.27781, -0.14539], [0.08348, -0.2507, -0.1111], [0.05066, -0.15145, -0.10223], [0.0, 0.0794, -0.13196], [-0.2224, 0.50813, 0.11209], [-0.59089, 0.72561, 0.17048], [-1.00486, 0.70518, 0.21345], [-1.2134, 0.57575, 0.23424], [-1.32704, 0.42592, 0.24545], [-1.39945, 0.26521, 0.24859], [-1.40882, 0.10321, 0.24661], [-1.39145, -0.07452, 0.24272], [-1.30719, -0.22493, 0.23163], [-1.11943, -0.36852, 0.20495], [-0.94658, -0.41167, 0.18029], [-0.74953, -0.36497, 0.13126], [-0.62701, -0.27646, 0.09108], [-0.54062, -0.14555, 0.05613], [-0.51533, 0.0, 0.0], [-0.37439, 0.06662, 0.22633], [-0.1256, 0.12071, 0.19785], [0.0, -0.13607, 0.07214]], "2-5": [[0.07713, -0.09972, -0.15353], [0.08733, -0.09305, -0.16654], [0.09618, -0.09078, -0.17607], [0.10562, -0.08877, -0.18517], [0.11984, -0.09931, -0.19589], [0.13488, -0.10931, -0.20573], [0.15114, -0.10226, -0.21638], [0.16753, -0.09212, -0.22548], [0.18422, -0.08383, -0.23288], [0.20141, -0.07693, -0.23884], [0.21255, -0.07436, -0.24186], [0.22403, -0.07096, -0.2444], [0.23623, -0.06509, -0.24649], [0.24986, -0.05935, -0.24801], [0.2636, -0.0538, -0.24872], [0.27678, -0.05011, -0.24865], [0.30179, -0.0495, -0.24658], [0.33129, -0.03583, -0.24053], [0.36184, -0.0275, -0.23012], [0.40327, -0.02133, -0.20817], [0.43714, -0.00712, -0.18114], [0.46782, 0.0, -0.14623], [0.35087, 0.33825, -0.24813], [0.54197, 0.71494, -0.16096], [1.08907, 0.80901, 0.0]], "1-5": [[0.78128, -0.83753, 0.0], [1.03977, -0.82037, -0.02271], [1.28823, -0.72068, -0.03327], [1.46917, -0.56811, -0.05994], [1.58134, -0.40788, -0.07468], [1.62167, -0.31072, -0.09157], [1.65859, -0.18113, -0.10039], [1.67585, -0.04478, -0.10432], [1.66358, 0.09382, -0.1202], [1.62946, 0.21614, -0.13652], [1.61223, 0.2627, -0.14022], [1.59215, 0.30793, -0.14387], [1.5594, 0.36473, -0.15135], [1.51973, 0.42081, -0.15927], [1.48056, 0.46826, -0.16526], [1.45086, 0.50262, -0.16718], [1.40319, 0.55246, -0.16829], [1.33243, 0.60698, -0.1743], [1.23835, 0.65855, -0.18375], [1.17883, 0.69743, -0.17685], [1.0953, 0.73262, -0.17433], [1.02747, 0.75861, -0.16658], [1.08531, 0.78352, -0.10978], [1.08639, 0.80213, -0.06001], [1.08907, 0.80901, 0.0]], "1-4": [[0.78128, -0.83753, 0.0], [0.87933, -0.83994, -0.02145], [0.96494, -0.83229, -0.03225], [1.04462, -0.81258, -0.06094], [1.04497, -0.80941, -0.07182], [1.04558, -0.8056, -0.08274], [1.04832, -0.80034, -0.09453], [1.01749, -0.80694, -0.09472], [0.98643, -0.81235, -0.0949], [0.95519, -0.81657, -0.09509], [0.92659, -0.81968, -0.0945], [0.89968, -0.82108, -0.09542], [0.87275, -0.82159, -0.09633], [0.83619, -0.82158, -0.0959], [0.79966, -0.81993, -0.09546], [0.75278, -0.81526, -0.0953], [0.65477, -0.79839, -0.09051], [0.55886, -0.76899, -0.0869], [0.4417, -0.71864, -0.07037], [0.26087, -0.58194, -0.05728], [0.09765, -0.34988, -0.04051], [0.0, -0.11738, 0.0997], [0.0, -0.12427, 0.09097], [0.0, -0.13051, 0.08177], [0.0, -0.13607, 0.07214], [0.0, -0.13607, 0.07214]], "2-4": [[0.07713, -0.09972, -0.15353], [0.06431, -0.10711, -0.13429], [0.05485, -0.11868, -0.11537], [0.04965, -0.12316, -0.10353], [0.04317, -0.1028, -0.09524], [0.03637, -0.08248, -0.08363], [0.03036, -0.06226, -0.07069], [0.02615, -0.04755, -0.05629], [0.0068, 0.08031, 0.04375], [0.0, 0.11738, 0.0997], [-0.38249, 0.69026, 0.03457], [-1.21417, 0.76006, 0.03238], [-1.7, 0.0, 0.0], [-1.65757, 0.23013, -0.0696], [-1.52112, 0.45144, -0.13474], [-1.40796, 0.51312, -0.19119], [-1.16463, 0.56915, -0.24291], [-0.93124, 0.52141, -0.23989], [-0.77238, 0.40804, -0.1766], [-0.71014, 0.31527, -0.04982], [-0.61281, 0.27315, 0.10681], [-0.48998, 0.25697, 0.20375], [-0.29184, 0.27128, 0.24612], [-0.10043, 0.15788, 0.1692], [0.0, -0.13607, 0.07214]], "4-5": [[0.0, -0.13607, 0.07214], [0.12532, -0.40053, -0.05122], [0.32557, -0.62305, -0.09999], [0.55447, -0.74621, -0.12757], [0.75515, -0.77042, -0.16629], [0.93781, -0.73279, -0.20238], [1.10364, -0.63354, -0.23313], [1.17589, -0.53649, -0.24686], [1.22295, -0.43894, -0.2478], [1.21895, -0.35951, -0.23434], [1.24779, -0.302, -0.22782], [1.25249, -0.24077, -0.21154], [1.24239, -0.19042, -0.18694], [1.23872, -0.13952, -0.16329], [1.22739, -0.10362, -0.13411], [1.2158, -0.07803, -0.10183], [1.20303, -0.01485, -0.02129], [1.20808, 0.03599, 0.06059], [1.22771, 0.10023, 0.13317], [1.27401, 0.17344, 0.20397], [1.31297, 0.29948, 0.24403], [1.3374, 0.43115, 0.24333], [1.28107, 0.60719, 0.20055], [1.21339, 0.74021, 0.09864], [1.08907, 0.80901, 0.0]], "2-3": [[0.07713, -0.09972, -0.15353], [0.0825, -0.10521, -0.15923], [0.08686, -0.11339, -0.16297], [0.09103, -0.12231, -0.16611], [0.09504, -0.12997, -0.16909], [0.09918, -0.13756, -0.17202], [0.10343, -0.14506, -0.1749], [0.10729, -0.151, -0.17753], [0.11122, -0.15688, -0.18012], [0.11645, -0.16519, -0.18325], [0.12007, -0.17057, -0.18537], [0.12398, -0.17601, -0.18764], [0.12797, -0.1814, -0.18987], [0.13263, -0.18758, -0.19236], [0.13773, -0.19443, -0.19493], [0.14293, -0.20119, -0.19745], [0.15396, -0.21425, -0.20257], [0.16539, -0.22687, -0.20744], [0.17719, -0.23906, -0.21207], [0.19368, -0.2534, -0.2182], [0.20744, -0.26409, -0.22284], [0.22153, -0.27424, -0.22712], [0.24625, -0.29371, -0.23305], [0.27905, -0.314, -0.23957], [0.32368, -0.34152, -0.24511]], "3-5": [[0.32368, -0.34152, -0.24511], [0.3689, -0.28132, -0.24727], [0.44994, -0.25579, -0.22315], [0.48527, -0.19855, -0.18235], [0.5071, -0.17902, -0.15112], [0.52802, -0.1582, -0.10487], [0.53609, -0.14375, -0.06914], [0.53762, -0.13319, -0.04565], [0.53915, -0.12773, -0.01924], [0.53796, -0.12304, 0.00865], [0.53411, -0.11567, 0.02448], [0.52846, -0.10592, 0.0412], [0.52186, -0.09576, 0.0578], [0.51549, -0.08601, 0.07134], [0.50867, -0.07612, 0.08464], [0.50273, -0.06685, 0.09492], [0.49597, -0.05582, 0.10581], [0.48988, -0.04796, 0.11573], [0.48341, -0.03972, 0.12557], [0.47782, -0.02584, 0.13277], [0.4725, -0.0116, 0.13981], [0.46782, 0.0, 0.14623], [0.50614, 0.23098, -0.18098], [0.55511, 0.64792, -0.2161], [1.08907, 0.80901, 0.0]]}}