{"graph": "k5e", "genus": 2, "class": 6, "representative": {"1": [3, 4, 5], "2": [3, 4, 5], "3": [1, 2, 4, 5], "4": [1, 2, 5, 3], "5": [1, 3, 4, 2]}, "vertices": {"1": [-1.21411, 0.76827, 0.06963], "2": [-1.44238, -0.09484, -0.26742], "3": [0.01979, -0.11198, 0.10103], "4": [-0.00739, 0.11685, 0.06746], "5": [1.6643, -0.29256, -0.00208]}, "edges": {"1-3": [[-1.21411, 0.76827, 0.06963], [-1.24962, 0.73153, 0.12029], [-1.30028, 0.71307, 0.10058], [-1.34251, 0.68783, 0.08695], [-1.38377, 0.66299, 0.07411], [-1.42354, 0.63872, 0.06251], [-1.45969, 0.60585, 0.04528], [-1.48888, 0.5753, 0.0333], [-1.51618, 0.54669, 0.02243], [-1.54165, 0.51998, 0.01228], [-1.56544, 0.489, -0.00208], [-1.58145, 0.45965, -0.00984], [-1.58161, 0.4568, -0.02217], [-1.56516, 0.48162, -0.0397], [-1.543, 0.50881, -0.06181], [-1.5171, 0.52944, -0.07865], [-1.4895, 0.55126, -0.09695], [-1.45754, 0.57152, -0.12011], [-1.42389, 0.59181, -0.14003], [-1.38248, 0.60974, -0.16304], [-1.34138, 0.62166, -0.17925], [-1.30027, 0.63213, -0.19677], [-1.25579, 0.63561, -0.21486], [-1.21136, 0.64019, -0.22896], [-1.16037, 0.62757, -0.24491], [-1.11061, 0.61179, -0.25796], [-1.06397, 0.59646, -0.26502], [-1.01724, 0.57373, -0.26742], [-0.97448, 0.55202, -0.26742], [-0.93333, 0.52328, -0.26019], [-0.89673, 0.49212, -0.24933], [-0.86214, 0.4633, -0.23643], [-0.83055, 0.4307, -0.21489], [-0.80499, 0.39818, -0.18934], [-0.77874, 0.36868, -0.16321], [-0.75443, 0.34075, -0.12736], [-0.73558, 0.31518, -0.08894], [-0.71298, 0.29249, -0.04771], [-0.69249, 0.27773, -0.00891], [-0.66762, 0.26302, 0.03494], [-0.63901, 0.25392, 0.07836], [-0.6112, 0.24971, 0.12062], [-0.57664, 0.24559, 0.15964], [-0.53902, 0.24303, 0.18895], [-0.49833, 0.24482, 0.21778], [-0.45272, 0.2437, 0.24104], [-0.40474, 0.24137, 0.25734], [-0.35911, 0.23486, 0.2651], [-0.30908, 0.22793, 0.26742], [-0.25923, 0.21683, 0.26309], [-0.21163, 0.20161, 0.25299], [-0.17134, 0.18077, 0.23872], [-0.12804, 0.15895, 0.21728], [-0.09013, 0.12928, 0.18872], [-0.05895, 0.09867, 0.15738], [-0.04513, 0.06429, 0.14226], [-0.03111, 0.02735, 0.12409], [0.00959, -0.00605, 0.10334], [0.01488, -0.04565, 0.10589], [0.01979, -0.11198, 0.10103]], "2-4": [[-1.44238, -0.09484, -0.26742], [-1.513, -0.10849, -0.25784], [-1.49827, -0.16566, -0.25839], [-1.48385, -0.22157, -0.25763], [-1.46967, -0.27772, -0.25657], [-1.45923, -0.33397, -0.24895], [-1.44591, -0.38748, -0.24214], [-1.43422, -0.44392, -0.2316], [-1.41064, -0.48671, -0.22349], [-1.3869, -0.52912, -0.21564], [-1.36026, -0.5723, -0.20741], [-1.33416, -0.61278, -0.19201], [-1.3042, -0.64893, -0.17902], [-1.27316, -0.68465, -0.16712], [-1.23663, -0.7199, -0.14799], [-1.1966, -0.74565, -0.13538], [-1.15613, -0.77162, -0.12273], [-1.11312, -0.80036, -0.10246], [-1.07032, -0.81592, -0.08288], [-1.02682, -0.83144, -0.06389], [-0.98245, -0.84517, -0.04039], [-0.9327, -0.85447, -0.02057], [-0.88715, -0.85614, 0.00459], [-0.84187, -0.8539, 0.02597], [-0.79697, -0.85156, 0.04835], [-0.74863, -0.84002, 0.07504], [-0.70613, -0.82381, 0.09677], [-0.66536, -0.80331, 0.12242], [-0.62582, -0.78229, 0.14391], [-0.58652, -0.75238, 0.16632], [-0.55337, -0.722, 0.18225], [-0.52397, -0.68892, 0.20166], [-0.49726, -0.65657, 0.21531], [-0.47223, -0.62212, 0.22723], [-0.46026, -0.57081, 0.24483], [-0.45285, -0.51892, 0.25856], [-0.44728, -0.47021, 0.26629], [-0.44869, -0.41763, 0.26742], [-0.45435, -0.36642, 0.26415], [-0.45976, -0.31954, 0.25658], [-0.47157, -0.27336, 0.24037], [-0.48502, -0.22837, 0.22019], [-0.49875, -0.18639, 0.19426], [-0.50972, -0.15267, 0.16541], [-0.52222, -0.11758, 0.12995], [-0.53102, -0.08591, 0.0898], [-0.53709, -0.06147, 0.04682], [-0.53855, -0.03509, 0.00654], [-0.53253, -0.01075, -0.03941], [-0.52104, 0.00825, -0.08514], [-0.50419, 0.03172, -0.12916], [-0.48039, 0.05626, -0.16882], [-0.45116, 0.08232, -0.20275], [-0.42205, 0.10714, -0.22794], [-0.38732, 0.13867, -0.24898], [-0.35112, 0.17342, -0.26216], [-0.31526, 0.21116, -0.26742], [-0.28136, 0.25157, -0.2653], [-0.25169, 0.29573, -0.25486], [-0.23884, 0.33275, -0.24159], [-0.22544, 0.37318, -0.22388], [-0.21867, 0.41213, -0.20536], [-0.2128, 0.45198, -0.18039], [-0.21348, 0.49258, -0.15161], [-0.22221, 0.52335, -0.12704], [-0.23043, 0.5532, -0.09789], [-0.24182, 0.57854, -0.07163], [-0.25384, 0.60188, -0.04054], [-0.26732, 0.61991, -0.02097], [-0.24503, 0.59612, -0.01481], [-0.22209, 0.57159, -0.00878], [-0.1981, 0.54583, -0.00311], [-0.17362, 0.51814, 0.00634], [-0.1506, 0.48575, 0.00909], [-0.12806, 0.4464, 0.01363], [-0.10068, 0.39945, 0.00568], [-0.07248, 0.35064, 0.00176], [-0.06122, 0.31446, -0.00782], [-0.05496, 0.27338, -0.01558], [-0.06578, 0.22895, 0.02087], [-0.00981, 0.18402, 0.02255], [-0.00739, 0.11685, 0.06746]], "4-5": [[-0.00739, 0.11685, 0.06746], [0.02715, 0.08945, 0.02703], [0.03069, 0.07101, -0.00793], [0.03429, 0.05446, -0.04908], [0.03747, 0.02915, -0.0839], [0.04639, -0.02393, -0.09306], [0.03767, -0.05597, -0.13231], [0.07829, -0.06604, -0.18295], [0.12331, -0.04629, -0.22299], [0.16991, -0.03922, -0.24788], [0.21584, -0.03677, -0.2618], [0.26182, -0.03075, -0.26742], [0.30548, -0.02114, -0.2656], [0.34097, -0.00881, -0.25777], [0.37716, 0.00477, -0.24372], [0.41104, 0.02121, -0.22724], [0.42452, 0.04797, -0.21948], [0.42355, 0.08474, -0.223], [0.42391, 0.12031, -0.22962], [0.42017, 0.16141, -0.23814], [0.4183, 0.20187, -0.24502], [0.41381, 0.24739, -0.25631], [0.41102, 0.29347, -0.26175], [0.40433, 0.3432, -0.26742], [0.42191, 0.38479, -0.26742], [0.4403, 0.42712, -0.26742], [0.45729, 0.47352, -0.26698], [0.48187, 0.51174, -0.26345], [0.50838, 0.54956, -0.26024], [0.53821, 0.58633, -0.25694], [0.56874, 0.62346, -0.24865], [0.60355, 0.6546, -0.24226], [0.64235, 0.68403, -0.23678], [0.6812, 0.71221, -0.22503], [0.72248, 0.73449, -0.21538], [0.7648, 0.75569, -0.20666], [0.81088, 0.77622, -0.19077], [0.85938, 0.78039, -0.18611], [0.90796, 0.7842, -0.18185], [0.95971, 0.78508, -0.17662], [1.00767, 0.78174, -0.16913], [1.05567, 0.77734, -0.16279], [1.10407, 0.77392, -0.15378], [1.15375, 0.75897, -0.14454], [1.19982, 0.74238, -0.1383], [1.24569, 0.7254, -0.13283], [1.29304, 0.7027, -0.12643], [1.33461, 0.67785, -0.11889], [1.37591, 0.6524, -0.11247], [1.4174, 0.62717, -0.10261], [1.45535, 0.59052, -0.0942], [1.48967, 0.5546, -0.08964], [1.52378, 0.51869, -0.08556], [1.55679, 0.47659, -0.08087], [1.5828, 0.435, -0.07551], [1.60855, 0.39321, -0.07117], [1.63402, 0.35126, -0.06782], [1.6533, 0.3012, -0.06259], [1.67003, 0.25451, -0.05799], [1.68656, 0.20786, -0.04991], [1.699, 0.15575, -0.04608], [1.70451, 0.10738, -0.04205], [1.70995, 0.05941, -0.03826], [1.71533, 0.01194, -0.03453], [1.71288, -0.03994, -0.0299], [1.70847, -0.08689, -0.02489], [1.70414, -0.13332, -0.0197], [1.69843, -0.18336, -0.01432], [1.68548, -0.226, -0.00617], [1.6643, -0.29256, -0.00208]],