{"graph": "k5e", "genus": 2, "class": 26, "representative": {"1": [3, 4, 5], "2": [3, 5, 4], "3": [1, 2, 4, 5], "4": [1, 2, 5, 3], "5": [1, 3, 2, 4]}, "vertices": {"1": [0.98582, 0.39544, -0.1748], "2": [0.79168, -0.41702, -0.1817], "3": [0.39094, 0.0, -0.21545], "4": [0.0, -0.08498, 0.12844], "5": [0.17566, 0.0, 0.23158]}, "edges": {"1-3": [[0.98582, 0.39544, -0.1748], [0.94427, 0.40831, -0.17663], [0.90008, 0.41652, -0.17802], [0.86929, 0.43269, -0.19091], [0.84288, 0.44395, -0.1999], [0.79496, 0.45176, -0.20827], [0.74549, 0.45488, -0.21594], [0.70952, 0.45099, -0.21941], [0.676, 0.43771, -0.21904], [0.64364, 0.42195, -0.21866], [0.62458, 0.40948, -0.21761], [0.60982, 0.4029, -0.21866], [0.59558, 0.3964, -0.21984], [0.58072, 0.38737, -0.22038], [0.56617, 0.37777, -0.2209], [0.55138, 0.36609, -0.221], [0.51732, 0.33209, -0.22011], [0.49959, 0.30192, -0.21623], [0.4785, 0.26778, -0.21384], [0.43591, 0.17309, -0.20877], [0.44483, 0.07767, -0.18064], [0.44892, 0.0, -0.16921], [0.43117, 0.0, -0.18653], [0.41177, 0.0, -0.20199], [0.39094, 0.0, -0.21545], [0.39094, 0.0, -0.21545]], "2-5": [[0.79168, -0.41702, -0.1817], [0.7545, -0.42384, -0.19393], [0.7295, -0.44176, -0.21086], [0.68296, -0.45856, -0.22727], [0.64337, -0.46345, -0.23515], [0.61297, -0.4643, -0.23961], [0.58719, -0.46396, -0.2427], [0.58147, -0.4495, -0.24038], [0.58688, -0.43708, -0.23639], [0.58026, -0.41574, -0.2312], [0.57968, -0.40561, -0.22784], [0.57954, -0.39613, -0.2243], [0.57951, -0.3868, -0.2205], [0.58012, -0.37741, -0.21617], [0.57893, -0.36362, -0.20997], [0.57766, -0.34934, -0.20297], [0.57738, -0.32221, -0.18665], [0.57633, -0.29444, -0.16716], [0.57619, -0.27007, -0.1461], [0.59936, -0.25917, -0.10495], [0.58511, -0.21512, -0.04775], [0.59423, -0.21923, 0.00723], [0.49218, -0.15958, 0.1577], [0.35403, -0.15957, 0.24071], [0.17566, 0.0, 0.23158]], "3-5": [[0.39094, 0.0, -0.21545], [0.2613, 0.31475, -0.2345], [0.42503, 0.66863, -0.14135], [0.85889, 0.84111, 0.0], [0.82819, 0.84048, 0.00604], [0.79778, 0.83847, 0.01454], [0.76453, 0.83472, 0.02314], [0.71294, 0.82609, 0.03325], [0.66217, 0.81388, 0.04331], [0.61348, 0.79848, 0.05329], [0.601, 0.7928, 0.06032], [0.59166, 0.78775, 0.06729], [0.58248, 0.7824, 0.07421], [0.57136, 0.77563, 0.082], [0.55761, 0.76735, 0.08972], [0.52512, 0.75035, 0.09745], [0.45546, 0.70742, 0.11222], [0.39594, 0.65993, 0.12723], [0.37243, 0.63334, 0.1391], [0.31964, 0.57196, 0.15606], [0.25431, 0.46591, 0.18076], [0.19931, 0.36924, 0.18746], [0.16999, 0.26591, 0.20136], [0.15534, 0.15126, 0.21375], [0.17566, 0.0, 0.23158]], "2-4": [[0.79168, -0.41702, -0.1817], [0.8555, -0.3645, 0.09994], [0.8594, -0.63724, 0.24469], [0.85889, -0.84111, 0.0], [0.83644, -0.84081, -0.00108], [0.81447, -0.83992, -0.00318], [0.79254, -0.83844, -0.00529], [0.76204, -0.8354, -0.00778], [0.73167, -0.83122, -0.01027], [0.70148, -0.82592, -0.01277], [0.67872, -0.82116, -0.01451], [0.65611, -0.81576, -0.01625], [0.6341, -0.81005, -0.0151], [0.60792, -0.80245, -0.01302], [0.58693, -0.79557, -0.01305], [0.56864, -0.78902, -0.01416], [0.52014, -0.76929, -0.0164], [0.46703, -0.74347, -0.0187], [0.41589, -0.71396, -0.02099], [0.33984, -0.66037, -0.02418], [0.28353, -0.61139, -0.02795], [0.21516, -0.53945, -0.02483], [0.11396, -0.38758, -0.02629], [0.05881, -0.2588, -0.01063], [0.0, -0.08498, 0.12844]], "4-5": [[0.0, -0.08498, 0.12844], [-0.04355, 0.08271, 0.10137], [-0.08977, 0.05853, 0.17277], [-0.16199, 0.0886, 0.22306], [-0.21791, 0.08091, 0.24291], [-0.27761, 0.07053, 0.24869], [-0.33909, 0.0478, 0.23863], [-0.38166, 0.04756, 0.22177], [-0.42145, 0.04894, 0.19682], [-0.44765, 0.03197, 0.17188], [-0.46208, 0.02677, 0.15496], [-0.47508, 0.02209, 0.13664], [-0.48642, 0.01776, 0.1172], [-0.49413, 0.01343, 0.10105], [-0.5023, 0.01706, 0.08065], [-0.50808, 0.01158, 0.0604], [-0.51209, 0.00637, 0.04037], [-0.51452, 0.0013, 0.02006], [-0.51533, 0.0, 0.0], [-1.19442, -0.30626, 0.20697], [-0.96816, 0.68098, 0.22894], [0.0, -0.01124, -0.1536], [0.11515, -0.31586, -0.12397], [0.23746, -0.39338, -0.20348], [0.38108, -0.39178, -0.24746], [0.54005, -0.22069, -0.14157], [0.49171, -0.1303, 0.14419], [0.17566, 0.0, 0.23158]], "1-4": [[0.98582, 0.39544, -0.1748], [1.0486, 0.38421, -0.18721], [1.10458, 0.37017, -0.19993], [1.16778, 0.35802, -0.21821], [1.2703, 0.29218, -0.2328], [1.34323, 0.23103, -0.24246], [1.40547, 0.14912, -0.24744], [1.44527, 0.08456, -0.24878], [1.48508, 0.00126, -0.24647], [1.50515, -0.09059, -0.24138], [1.51078, -0.15097, -0.23663], [1.50927, -0.21204, -0.23125], [1.50158, -0.27387, -0.22494], [1.48401, -0.33606, -0.21934], [1.46517, -0.3937, -0.21176], [1.42374, -0.46824, -0.20471], [1.29822, -0.62318, -0.18151], [1.19455, -0.70851, -0.15861], [1.06594, -0.77283, -0.13685], [0.83944, -0.81956, -0.10077], [0.63649, -0.79689, -0.08163], [0.4347, -0.71775, -0.06017], [0.25186, -0.57619, -0.04536], [0.09348, -0.34328, -0.03344], [0.0, -0.08498, 0.12844]], "2-3": [[0.79168, -0.41702, -0.1817], [0.56087, -0.57319, -0.24292], [0.29134, -0.55184, -0.14894], [0.0, -0.14576, -0.04973], [-0.08368, 0.23657, 0.11958], [-0.20082, 0.35791, 0.19318], [-0.32343, 0.42908, 0.23041], [-0.45787, 0.45491, 0.24838], [-0.60185, 0.45907, 0.23981], [-0.73238, 0.42465, 0.19905], [-0.79086, 0.41008, 0.17517], [-0.8207, 0.37705, 0.12794], [-0.88988, 0.35372, 0.07483], [-0.93691, 0.33617, 0.02778], [-0.97385, 0.32475, -0.02169], [-1.00876, 0.32201, -0.07516], [-1.11476, 0.31319, -0.16304], [-1.2444, 0.30776, -0.22822], [-1.40383, 0.21937, -0.24873], [-1.55514, 0.04773, -0.22528], [-1.63124, -0.21019, -0.13631], [-1.53936, -0.49439, 0.0], [-1.42402, 0.61235, 0.06194], [-0.46317, 0.73134, 0.06838], [0.0, 0.15145, -0.02797], [0.07715, -0.14529, -0.14411], [0.20069, -0.11844, -0.23675], [0.39094, 0.0, -0.21545]], "3-4": [[0.39094, 0.0, -0.21545], [0.20253, -0.09918, -0.23829], [0.07466, -0.12025, -0.14651], [0.0, 0.15308, 0.01684], [-0.27564, 0.59817, 0.05277], [-0.83595, 0.83704, 0.04309], [-1.53936, 0.49439, 0.0], [-1.2982, 0.6864, -0.11106], [-1.03496, 0.7331, -0.18913], [-0.79379, 0.64477, -0.24246], [-0.70955, 0.54211, -0.24696], [-0.64846, 0.43398, -0.22312], [-0.63125, 0.34716, -0.17462], [-0.60798, 0.29193, -0.1374], [-0.61212, 0.27174, -0.10557], [-0.62434, 0.26267, -0.06483], [-0.61237, 0.24088, -0.02352], [-0.58813, 0.2127, 0.01943], [-0.56702, 0.19359, 0.05727], [-0.54534, 0.19508, 0.11016], [-0.50215, 0.18181, 0.15828], [-0.45568, 0.17622, 0.19671], [-0.37149, 0.16062, 0.23585], [-0.28521, 0.17253, 0.24869], [-0.20098, 0.15405, 0.2344], [-0.10552, 0.09663, 0.18421], [-0.05032, 0.10473, 0.11031], [0.0, -0.08498, 0.12844]], "1-5": [[0.98582, 0.39544, -0.1748], [0.94001, 0.37154, -0.13011], [0.8902, 0.35608, -0.082], [0.86571, 0.34736, -0.04374], [0.83027, 0.34246, -0.0069], [0.80804, 0.3425, 0.03652], [0.78464, 0.34872, 0.07932], [0.76573, 0.35121, 0.09727], [0.74822, 0.36041, 0.12462], [0.72007, 0.37813, 0.16116], [0.70165, 0.38535, 0.17569], [0.6837, 0.38484, 0.18211], [0.66538, 0.38385, 0.1884], [0.64471, 0.38563, 0.19755], [0.62136, 0.39148, 0.20933], [0.59644, 0.39638, 0.21958], [0.5532, 0.39179, 0.22976], [0.51424, 0.37848, 0.23541], [0.48423, 0.38356, 0.24236], [0.42998, 0.36421, 0.24701], [0.36364, 0.32236, 0.24878], [0.32178, 0.30439, 0.24752], [0.25462, 0.20974, 0.24424], [0.20435, 0.09317, 0.23908], [0.17566, 0.0, 0.23158]]}}