{"graph": "k5e", "genus": 2, "class": 27, "representative": {"1": [3, 4, 5], "2": [3, 5, 4], "3": [1, 2, 4, 5], "4": [1, 2, 5, 3], "5": [1, 4, 2, 3]}, "vertices": {"1": [0.1677, -0.16484, -0.23938], "2": [-0.29256, 0.0, 0.26742], "3": [0.01979, -0.11479, 0.09759], "4": [-0.62642, 0.62237, -0.25757], "5": [1.09265, 0.82585, -0.00208]}, "edges": {"1-3": [[0.1677, -0.16484, -0.23938], [0.16804, -0.23505, -0.2279], [0.24634, -0.21222, -0.26077], [0.32141, -0.17718, -0.26742], [0.37385, -0.1706, -0.25735], [0.42351, -0.16535, -0.23727], [0.46866, -0.16184, -0.2079], [0.50653, -0.1575, -0.1706], [0.53992, -0.15837, -0.12805], [0.56579, -0.16327, -0.08082], [0.58351, -0.1726, -0.0308], [0.59295, -0.18668, 0.01992], [0.59385, -0.20148, 0.06941], [0.59254, -0.2249, 0.11586], [0.58844, -0.25262, 0.15346], [0.57889, -0.28762, 0.18917], [0.56541, -0.32562, 0.21871], [0.55475, -0.36913, 0.24274], [0.54517, -0.41593, 0.25882], [0.53807, -0.46444, 0.26742], [0.53703, -0.50979, 0.26742], [0.53798, -0.55891, 0.26228], [0.54312, -0.60644, 0.25095], [0.55402, -0.64743, 0.23617], [0.56691, -0.6885, 0.21469], [0.58235, -0.72619, 0.19113], [0.60101, -0.75653, 0.16866], [0.62375, -0.78426, 0.1398], [0.64358, -0.80378, 0.11372], [0.66248, -0.81925, 0.08247], [0.68027, -0.83226, 0.05176], [0.69846, -0.83896, 0.02523], [0.66458, -0.8327, 0.01639], [0.62975, -0.82624, 0.00755], [0.58933, -0.81702, -0.00566], [0.55398, -0.80031, -0.01416], [0.51378, -0.78238, -0.01442], [0.47184, -0.76363, -0.01515], [0.42512, -0.7416, -0.01612], [0.38647, -0.71351, -0.01626], [0.34725, -0.68498, -0.01647], [0.3078, -0.65628, -0.01673], [0.26788, -0.62122, -0.0166], [0.2354, -0.58523, -0.01602], [0.20298, -0.54928, -0.01569], [0.17057, -0.51329, -0.01564], [0.14137, -0.46955, -0.01504], [0.107, -0.4095, -0.03475], [0.08234, -0.36197, -0.04672], [0.05967, -0.31535, -0.03083], [0.04326, -0.27494, -0.00787], [0.03621, -0.23384, 0.01863], [0.0289, -0.20365, 0.04135], [0.01931, -0.16412, 0.0568], [0.01979, -0.11479, 0.09759]], "2-5": [[-0.29256, 0.0, 0.26742], [-0.23643, -0.04706, 0.26594], [-0.22549, -0.09138, 0.26263], [-0.21496, -0.13601, 0.25939], [-0.20235, -0.18325, 0.25158], [-0.19565, -0.2288, 0.24243], [-0.18672, -0.27643, 0.23153], [-0.18744, -0.32494, 0.21745], [-0.18959, -0.37157, 0.20178], [-0.19279, -0.41931, 0.17928], [-0.19758, -0.46777, 0.15619], [-0.22022, -0.51162, 0.13815], [-0.24258, -0.55257, 0.11937], [-0.26621, -0.59402, 0.09567], [-0.29701, -0.63232, 0.08359], [-0.33031, -0.66226, 0.0692], [-0.36421, -0.69289, 0.05063], [-0.40061, -0.72124, 0.0359], [-0.44244, -0.74988, 0.02088], [-0.48373, -0.77008, 0.00503], [-0.52616, -0.78778, -0.01538], [-0.56874, -0.80488, -0.03167], [-0.61685, -0.81922, -0.04762], [-0.66399, -0.82325, -0.07135], [-0.71085, -0.82685, -0.0906], [-0.75704, -0.82617, -0.11668], [-0.80765, -0.81913, -0.13436], [-0.85393, -0.80935, -0.15139], [-0.89935, -0.79392, -0.17099], [-0.94688, -0.7785, -0.18678], [-0.98856, -0.7548, -0.20189], [-1.02934, -0.73153, -0.21232], [-1.06901, -0.70786, -0.22321], [-1.1096, -0.68155, -0.2316], [-1.14056, -0.64212, -0.24257], [-1.17156, -0.60613, -0.25164], [-1.19399, -0.55906, -0.26054], [-1.21472, -0.51523, -0.26551], [-1.23033, -0.46725, -0.26742], [-1.24567, -0.42226, -0.26742], [-1.25495, -0.37405, -0.26389], [-1.26469, -0.32857, -0.25893], [-1.26816, -0.28197, -0.25081], [-1.27394, -0.23701, -0.24299], [-1.27871, -0.19255, -0.23489], [-1.26155, -0.14964, -0.21379], [-1.24622, -0.10654, -0.19003], [-1.23415, -0.06895, -0.1667], [-1.21947, -0.02901, -0.13888], [-1.20692, 0.00611, -0.11297], [-1.19199, 0.04391, -0.08209], [-1.17748, 0.07706, -0.05024], [-1.1624, 0.11386, -0.02177], [-1.14716, 0.14611, 0.01095], [-1.12985, 0.18202, 0.03936], [-1.11337, 0.21414, 0.07135], [-1.09329, 0.24928, 0.09796], [-1.07477, 0.28193, 0.12729], [-1.05095, 0.31582, 0.15064], [-1.02905, 0.34911, 0.17534], [-1.00056, 0.38053, 0.19445], [-0.97347, 0.41324, 0.21294], [-0.93982, 0.44074, 0.22748], [-0.9062, 0.47063, 0.23971], [-0.8675, 0.49346, 0.24993], [-0.82647, 0.51809, 0.25822], [-0.78432, 0.53596, 0.26285], [-0.73885, 0.55454, 0.26742], [-0.69306, 0.56562, 0.26742], [-0.64646, 0.57315, 0.26742], [-0.59766, 0.58092, 0.26317], [-0.55035, 0.58118, 0.259], [-0.50003, 0.58037, 0.25183], [-0.45389, 0.57204, 0.24271], [-0.40784, 0.56067, 0.23472], [-0.35885, 0.54652, 0.22232], [-0.31615, 0.5266, 0.20888], [-0.27178, 0.50614, 0.19216], [-0.23097, 0.48077, 0.17725], [-0.19042, 0.4496, 0.16007], [-0.15417, 0.41838, 0.1373], [-0.11679, 0.38581, 0.11235], [-0.08971, 0.34979, 0.091], [-0.06887, 0.30716, 0.06473], [-0.05442, 0.25826, 0.04255], [-0.03918, 0.20315, -0.00105], [-0.02375, 0.18489, -0.0265], [-0.01986, 0.15366, -0.04191], [-0.02481, 0.13043, -0.0795], [0.00121, 0.0964, -0.09113], [0.00839, 0.0598, -0.1138], [0.02971, 0.02287, -0.13408], [0.05186, -0.01487, -0.15957], [0.08513, -0.04899, -0.19254], [0.12721, -0.08151, -0.22314], [0.17458, -0.1133, -0.24649], [0.22221, -0.16902, -0.25872], [0.2744, -0.1765, -0.26742], [0.30964, -0.22156, -0.26742], [0.35723, -0.237, -0.26567], [0.39512, -0.26362, -0.2615], [0.43258, -0.29154, -0.25755], [0.47681, -0.31053, -0.24915], [0.51735, -0.33418, -0.24275], [0.55571, -0.35701, -0.2381], [0.595, -0.37967, -0.23597], [0.63212, -0.40027, -0.23401], [0.67056, -0.41933, -0.23481], [0.70839, -0.43769, -0.23543], [0.74419, -0.43869, -0.23113], [0.78043, -0.44424, -0.2296], [0.81081, -0.42479, -0.21109], [0.83919, -0.40115, -0.18987], [0.86963, -0.38163, -0.16806], [0.89671, -0.36161, -0.13876], [0.92721, -0.33997, -0.11295], [0.95914, -0.32118, -0.07941], [0.9873, -0.30017, -0.04676], [1.02173, -0.2816, -0.01841], [1.05092, -0.25953, 0.01213], [1.08193, -0.23852, 0.03627], [1.1127, -0.21053, 0.06237], [1.14015, -0.18412, 0.08138], [1.16539, -0.151, 0.09777], [1.18613, -0.11875, 0.11499], [1.20449, -0.08068, 0.12491], [1.2151, -0.04312, 0.13389], [1.22171, -0.00068, 0.1376], [1.21996, 0.03953, 0.14164], [1.21607, 0.08007, 0.14376], [1.20422, 0.1224, 0.14692], [1.19088, 0.16069, 0.14971], [1.17127, 0.19971, 0.15411], [1.15312, 0.23603, 0.16245], [1.12738, 0.27104, 0.16724], [1.11099, 0.29448, 0.17342], [1.08906, 0.32741, 0.18878], [1.10229, 0.40768, 0.24072], [1.12179, 0.48097, 0.26426], [1.19122, 0.70473, 0.18769], [1.18387, 0.75599, 0.12795], [1.16378, 0.7888, 0.07495], [1.14468, 0.80602, 0.03868], [1.15894, 0.80231, 0.01559], [1.09265, 0.82585, -0.00208]],