{"graph": "k5e", "genus": 2, "class": 22, "representative": {"1": [3, 4, 5], "2": [3, 5, 4], "3": [1, 2, 4, 5], "4": [1, 2, 3, 5], "5": [1, 3, 2, 4]}, "vertices": {"1": [-0.25409, 0.57649, 0.1041], "2": [-0.3661, 0.34129, 0.26742], "3": [-1.23631, -0.03067, 0.16464], "4": [-1.6643, -0.29256, 0.00208], "5": [1.5788, 0.13188, 0.22783]}, "edges": {"1-3": [[-0.25409, 0.57649, 0.1041], [-0.24792, 0.52723, 0.1558], [-0.29255, 0.58306, 0.1485], [-0.348, 0.62281, 0.15957], [-0.39714, 0.66163, 0.15606], [-0.4472, 0.6943, 0.1601], [-0.49949, 0.72469, 0.15337], [-0.54839, 0.74799, 0.15094], [-0.59518, 0.76954, 0.1498], [-0.646, 0.78533, 0.14604], [-0.69919, 0.788, 0.15976], [-0.75087, 0.79015, 0.16941], [-0.80518, 0.78835, 0.17721], [-0.85541, 0.78234, 0.18392], [-0.90469, 0.77492, 0.19221], [-0.95541, 0.76022, 0.20304], [-1.0018, 0.74345, 0.20799], [-1.04687, 0.72457, 0.21463], [-1.09268, 0.70257, 0.2226], [-1.13305, 0.67638, 0.22808], [-1.1695, 0.64406, 0.23651], [-1.20467, 0.61223, 0.24312], [-1.2379, 0.57601, 0.24811], [-1.26642, 0.53845, 0.25421], [-1.28836, 0.49474, 0.2598], [-1.30931, 0.45174, 0.26316], [-1.32551, 0.40783, 0.26687], [-1.3337, 0.35928, 0.26742], [-1.34068, 0.31242, 0.26742], [-1.33981, 0.26246, 0.26456], [-1.33904, 0.21392, 0.25922], [-1.3305, 0.16402, 0.25251], [-1.32456, 0.11423, 0.24309], [-1.3151, 0.06516, 0.23519], [-1.30171, 0.01367, 0.22301], [-1.28913, -0.03542, 0.21554], [-1.23631, -0.03067, 0.16464]], "2-5": [[-0.3661, 0.34129, 0.26742], [-0.29477, 0.33303, 0.2593], [-0.24975, 0.3201, 0.24865], [-0.20944, 0.30373, 0.23669], [-0.1678, 0.28398, 0.21669], [-0.13037, 0.26296, 0.19311], [-0.10015, 0.23804, 0.16962], [-0.06914, 0.2117, 0.14434], [-0.03711, 0.17724, 0.06448], [-0.02768, 0.13732, 0.04511], [-0.01921, 0.09668, 0.03428], [-0.01101, 0.05338, 0.01576], [-0.00371, 0.00904, -0.00292], [0.00373, -0.03441, -0.02408], [0.01129, -0.08142, -0.03986], [0.01716, -0.12198, -0.04986], [-0.00504, -0.17293, -0.06464], [0.02045, -0.21683, -0.07565], [0.04213, -0.25942, -0.07711], [0.06223, -0.30277, -0.07558], [0.08285, -0.34638, -0.0765], [0.10453, -0.39078, -0.07673], [0.12911, -0.4345, -0.0746], [0.15869, -0.47556, -0.08108], [0.19222, -0.51693, -0.08513], [0.22655, -0.55369, -0.08796], [0.26081, -0.59043, -0.09067], [0.29836, -0.6295, -0.09311], [0.33822, -0.65868, -0.09258], [0.37957, -0.68766, -0.09523], [0.42095, -0.7167, -0.0978], [0.46937, -0.74287, -0.09829], [0.51582, -0.76383, -0.0975], [0.56226, -0.78481, -0.09664], [0.61273, -0.80307, -0.09944], [0.66087, -0.81311, -0.10002], [0.70898, -0.8231, -0.10075], [0.75697, -0.83305, -0.10151], [0.80926, -0.83748, -0.09703], [0.86034, -0.8361, -0.1013], [0.91027, -0.8356, -0.10285], [0.96397, -0.83158, -0.10391], [1.01225, -0.82144, -0.10354], [1.06036, -0.81122, -0.10353], [1.10825, -0.80105, -0.10349], [1.15823, -0.78182, -0.10166], [1.20402, -0.76134, -0.10192], [1.24969, -0.74076, -0.10263], [1.297, -0.71502, -0.10167], [1.33748, -0.68571, -0.10141], [1.37775, -0.65646, -0.1014], [1.4178, -0.6272, -0.1018], [1.45524, -0.58791, -0.09985], [1.48917, -0.55091, -0.09843], [1.52287, -0.5138, -0.09777], [1.5549, -0.46993, -0.09624], [1.58055, -0.42691, -0.09408], [1.60599, -0.38372, -0.0927], [1.632, -0.33621, -0.09178], [1.64816, -0.28952, -0.08887], [1.66413, -0.24264, -0.0867], [1.67992, -0.19557, -0.08524], [1.6907, -0.14258, -0.08255], [1.69694, -0.09294, -0.07939], [1.70298, -0.04315, -0.0769], [1.70714, 0.01092, -0.07451], [1.70335, 0.0603, -0.0702], [1.69937, 0.10979, -0.06643], [1.69525, 0.15938, -0.06308], [1.68461, 0.21254, -0.0538], [1.66951, 0.26018, -0.05041], [1.65438, 0.30785, -0.04714], [1.63566, 0.35865, -0.04384], [1.61152, 0.4013, -0.03988], [1.58758, 0.44356, -0.03607], [1.56401, 0.48515, -0.03238], [1.53372, 0.5263, -0.0282], [1.50389, 0.56012, -0.02381], [1.47538, 0.5924, -0.01984], [1.44954, 0.62232, -0.01208], [1.41948, 0.65098, -0.00431], [1.39078, 0.67135, 0.00802], [1.3627, 0.69072, 0.01604], [1.37226, 0.68151, 0.03355], [1.39279, 0.66292, 0.05787], [1.41264, 0.64108, 0.07643], [1.43543, 0.6126, 0.09428], [1.45294, 0.58097, 0.11506], [1.47149, 0.54667, 0.13102], [1.49125, 0.51063, 0.14746], [1.51013, 0.4678, 0.16656], [1.52369, 0.42528, 0.17719], [1.53692, 0.38244, 0.18832], [1.54659, 0.33785, 0.20245], [1.55683, 0.29122, 0.21028], [1.56362, 0.24637, 0.21569], [1.57011, 0.20161, 0.22128], [1.5788, 0.13188, 0.22783]], "1-5": [[-0.25409, 0.57649, 0.1041], [-0.22192, 0.56654, 0.0399], [-0.18668, 0.52618, 0.04767], [-0.15445, 0.4814, 0.05951], [-0.12558, 0.43669, 0.0526], [-0.09722, 0.39014, 0.05271], [-0.07455, 0.34903, 0.03597], [-0.05541, 0.3072, 0.01965], [-0.04809, 0.26142, -0.01329], [-0.03803, 0.20595, 0.00032], [-0.03417, 0.17048, -0.02742], [-0.02097, 0.13757, -0.05325], [0.02343, 0.11407, -0.07763], [0.029, 0.07355, -0.08991], [0.03604, 0.03041, -0.09778], [0.01933, -0.01199, -0.10447], [0.02472, -0.08844, -0.10669], [0.03631, -0.14017, -0.11638], [0.05067, -0.19056, -0.12451], [0.06674, -0.23825, -0.13041], [0.09162, -0.28162, -0.14415], [0.11491, -0.32414, -0.15501], [0.15292, -0.35341, -0.17751], [0.18883, -0.38009, -0.19734], [0.23091, -0.40196, -0.21682], [0.27403, -0.42159, -0.23535], [0.31804, -0.44066, -0.24453], [0.36088, -0.45618, -0.25413], [0.40758, -0.4655, -0.26105], [0.45104, -0.47558, -0.26584], [0.50401, -0.47251, -0.26742], [0.55559, -0.46591, -0.26616], [0.60202, -0.45911, -0.25946], [0.64934, -0.44537, -0.24932], [0.69284, -0.43301, -0.23635], [0.73293, -0.41522, -0.21608], [0.7727, -0.39569, -0.19412], [0.80914, -0.38109, -0.16971], [0.84075, -0.36231, -0.14004], [0.87403, -0.34599, -0.11163], [0.90222, -0.33198, -0.07547], [0.93318, -0.31704, -0.03818], [0.96059, -0.30715, -0.00381], [0.99218, -0.29667, 0.03518], [1.02585, -0.29028, 0.0735], [1.05627, -0.28413, 0.11145], [1.09303, -0.27834, 0.14091], [1.12931, -0.27503, 0.17183], [1.16711, -0.26573, 0.19624], [1.20992, -0.25807, 0.21697], [1.25032, -0.24755, 0.23619], [1.2892, -0.22996, 0.24733], [1.33015, -0.21033, 0.25719], [1.36555, -0.1856, 0.26274], [1.4032, -0.1577, 0.26742], [1.43467, -0.12541, 0.26742], [1.46413, -0.09071, 0.26742], [1.49617, -0.05475, 0.26262], [1.52281, -0.0173, 0.25779], [1.55177, 0.02211, 0.24694], [1.57527, 0.06033, 0.23469], [1.5788, 0.13188, 0.22783]], "1-4": [[-0.25409, 0.57649, 0.1041], [-0.30639, 0.62652, 0.11263], [-0.33982, 0.65462, 0.10564], [-0.37466, 0.68114, 0.10261], [-0.40988, 0.70772, 0.10013], [-0.45037, 0.73459, 0.09776], [-0.49067, 0.75372, 0.09442], [-0.53176, 0.77277, 0.09228], [-0.57364, 0.79173, 0.09138], [-0.62179, 0.80803, 0.09025], [-0.66782, 0.81841, 0.08845], [-0.71443, 0.82876, 0.08712], [-0.76438, 0.84243, 0.07787], [-0.81656, 0.85372, 0.02767], [-0.86289, 0.85429, 0.02225], [-0.91127, 0.85424, 0.02273], [-0.96569, 0.85029, 0.02588], [-1.01557, 0.83946, 0.02801], [-1.06716, 0.82812, 0.0315], [-1.13446, 0.80079, 0.07795], [-1.17692, 0.77901, 0.08606], [-1.21727, 0.7607, 0.08705], [-1.25784, 0.74278, 0.08664], [-1.30089, 0.71869, 0.08539], [-1.33845, 0.69219, 0.08342], [-1.37653, 0.6649, 0.08249], [-1.41499, 0.63683, 0.08281], [-1.45241, 0.5996, 0.08216], [-1.48536, 0.56299, 0.08218], [-1.51823, 0.52589, 0.08342], [-1.55133, 0.4835, 0.08483], [-1.57597, 0.4408, 0.08486], [-1.60037, 0.39811, 0.08552], [-1.62453, 0.35549, 0.08669], [-1.64389, 0.30567, 0.086], [-1.65944, 0.25876, 0.08511], [-1.67488, 0.21164, 0.08472], [-1.68847, 0.15942, 0.08394], [-1.69451, 0.10981, 0.0814], [-1.70054, 0.05934, 0.07918], [-1.7066, 0.0076, 0.07724], [-1.70354, -0.05085, 0.07267], [-1.69968, -0.1077, 0.06616], [-1.6976, -0.16669, 0.04851], [-1.68345, -0.23168, -0.00786], [-1.65716, -0.28275, -0.06886], [-1.6643, -0.29256, 0.00208]],