{"graph": "k5e", "genus": 2, "class": 4, "representative": {"1": [3, 4, 5], "2": [3, 4, 5], "3": [1, 2, 4, 5], "4": [1, 2, 3, 5], "5": [1, 4, 3, 2]}, "vertices": {"1": [-1.23051, -0.75257, 0.02975], "2": [-0.51533, 0.0, 0.0], "3": [0.0, -0.12353, 0.09197], "4": [-0.43599, 0.72105, 0.05058], "5": [-0.37003, 0.64482, 0.12194]}, "edges": {"1-3": [[-1.23051, -0.75257, 0.02975], [-1.11024, -0.80188, 0.01952], [-0.98508, -0.83144, 0.00883], [-0.85889, -0.84111, 0.0], [-1.1708, -0.76699, -0.07974], [-1.40585, -0.55276, -0.166], [-1.50928, -0.27115, -0.22198], [-1.49408, -0.09017, -0.24386], [-1.44109, 0.08615, -0.24875], [-1.35959, 0.20753, -0.24364], [-1.28634, 0.25889, -0.23091], [-1.21681, 0.30059, -0.21514], [-1.14931, 0.31445, -0.18682], [-1.08831, 0.32224, -0.15223], [-1.0299, 0.33537, -0.12364], [-0.97672, 0.33951, -0.0873], [-0.9135, 0.34005, -0.02062], [-0.84132, 0.34735, 0.04573], [-0.74197, 0.36191, 0.13017], [-0.61866, 0.38051, 0.20404], [-0.51977, 0.39225, 0.23758], [-0.36742, 0.36687, 0.2479], [-0.20294, 0.26589, 0.22037], [-0.07371, 0.15518, 0.13644], [0.0, -0.12353, 0.09197]], "2-4": [[-0.51533, 0.0, 0.0], [-0.51267, 0.0122, -0.03774], [-0.50506, 0.02832, -0.07445], [-0.49268, 0.03573, -0.10743], [-0.46686, 0.06809, -0.15519], [-0.44139, 0.11094, -0.1902], [-0.39686, 0.17565, -0.22864], [-0.36915, 0.27468, -0.24686], [-0.34092, 0.33164, -0.24774], [-0.35304, 0.43739, -0.23676], [-0.35339, 0.4873, -0.22324], [-0.39685, 0.55491, -0.21227], [-0.44756, 0.63112, -0.18967], [-0.48769, 0.68408, -0.16525], [-0.53595, 0.73335, -0.13499], [-0.60247, 0.77792, -0.10234], [-0.70729, 0.81832, -0.06585], [-0.79272, 0.83667, -0.03016], [-0.85889, 0.84111, 0.0], [-0.8111, 0.8397, 0.00528], [-0.76395, 0.83547, 0.01158], [-0.71716, 0.82844, 0.01786], [-0.65237, 0.81424, 0.02327], [-0.59263, 0.79677, 0.02268], [-0.54931, 0.78031, 0.02853], [-0.51113, 0.763, 0.0359], [-0.47401, 0.74363, 0.04324], [-0.43599, 0.72105, 0.05058]], "3-5": [[0.0, -0.12353, 0.09197], [0.11322, -0.38319, -0.03693], [0.35697, -0.66869, -0.0497], [0.64114, -0.80711, -0.05033], [0.83589, -0.83466, -0.05494], [1.03082, -0.81786, -0.05146], [1.23658, -0.74561, -0.05107], [1.33578, -0.688, -0.04441], [1.42307, -0.61905, -0.04186], [1.51148, -0.52632, -0.03676], [1.54971, -0.47565, -0.03432], [1.58866, -0.41407, -0.03187], [1.61562, -0.36351, -0.02818], [1.63358, -0.32431, -0.02517], [1.64791, -0.28836, -0.02284], [1.66264, -0.2453, -0.01947], [1.68337, -0.16488, -0.01232], [1.69587, -0.08273, -0.00517], [1.7, -0.0, 0.0], [1.06503, -0.34411, 0.15916], [0.64518, -0.51256, -0.24601], [0.0, 0.01788, -0.15297], [-0.09848, 0.32617, 0.08143], [-0.21051, 0.49849, 0.10504], [-0.37003, 0.64482, 0.12194]], "2-3": [[-0.51533, 0.0, 0.0], [-0.58472, -0.2081, 0.01792], [-0.76117, -0.32977, 0.01384], [-0.97088, -0.32983, 0.04852], [-1.09174, -0.26406, 0.06451], [-1.19071, -0.13126, 0.08021], [-1.22669, -0.01371, 0.10768], [-1.23623, 0.09884, 0.14486], [-1.19458, 0.2082, 0.15152], [-1.13045, 0.31477, 0.17522], [-1.09799, 0.35616, 0.18763], [-1.05166, 0.39326, 0.1951], [-0.99192, 0.42512, 0.20079], [-0.91773, 0.45886, 0.21228], [-0.87829, 0.4806, 0.22247], [-0.8317, 0.49684, 0.23003], [-0.66789, 0.51378, 0.24482], [-0.54082, 0.49501, 0.24875], [-0.41029, 0.45638, 0.24418], [-0.22951, 0.3554, 0.21183], [-0.08294, 0.1935, 0.13744], [0.0, -0.14141, 0.061], [0.0, -0.13626, 0.07177], [0.0, -0.13029, 0.08212], [0.0, -0.12353, 0.09197], [0.0, -0.12353, 0.09197]], "3-4": [[0.0, -0.12353, 0.09197], [0.35381, -0.65972, -0.0707], [0.92553, -0.81354, -0.10839], [1.44676, -0.48846, -0.17975], [1.57276, -0.05225, -0.21599], [1.45312, 0.26788, -0.24156], [1.19968, 0.46491, -0.24827], [0.98359, 0.48544, -0.23149], [0.79643, 0.44339, -0.20246], [0.63571, 0.31966, -0.14456], [0.60636, 0.26934, -0.11002], [0.56032, 0.20606, -0.09588], [0.53734, 0.13433, -0.04923], [0.52461, 0.08905, -0.03436], [0.51744, 0.04269, -0.01649], [0.51533, 0.0, 0.0], [0.3731, -0.06973, -0.2271], [0.12526, -0.12635, -0.19688], [0.0, 0.14141, 0.061], [-0.05392, 0.24456, 0.02658], [-0.07719, 0.30359, 0.03546], [-0.0959, 0.34573, 0.04128], [-0.17513, 0.48564, 0.03475], [-0.31107, 0.62973, 0.05629], [-0.43599, 0.72105, 0.05058]], "4-5": [[-0.43599, 0.72105, 0.05058], [-0.42086, 0.71033, 0.05685], [-0.40492, 0.69845, 0.06296], [-0.3894, 0.68609, 0.06902], [-0.38209, 0.67961, 0.07293], [-0.37477, 0.67297, 0.07668], [-0.36758, 0.66619, 0.0804], [-0.36347, 0.66201, 0.083], [-0.35941, 0.65779, 0.08558], [-0.3554, 0.65352, 0.08816], [-0.3538, 0.65162, 0.08952], [-0.3522, 0.64971, 0.09087], [-0.35062, 0.64779, 0.09222], [-0.34955, 0.64629, 0.09352], [-0.34849, 0.64477, 0.09482], [-0.34744, 0.64325, 0.09611], [-0.34674, 0.64148, 0.09836], [-0.34606, 0.63968, 0.1006], [-0.34488, 0.63744, 0.10284], [-0.34633, 0.63698, 0.10561], [-0.34781, 0.63648, 0.10835], [-0.3493, 0.63596, 0.11108], [-0.35616, 0.63904, 0.11473], [-0.36307, 0.64199, 0.11835], [-0.37003, 0.64482, 0.12194]], "1-4": [[-1.23051, -0.75257, 0.02975], [-1.38834, -0.65043, 0.03472], [-1.48262, -0.55984, 0.03839], [-1.56504, -0.44982, 0.04364], [-1.61425, -0.35676, 0.05313], [-1.66655, -0.21713, 0.0485], [-1.69348, -0.0721, 0.04105], [-1.69639, 0.02827, 0.03933], [-1.6872, 0.11467, 0.04914], [-1.66799, 0.20425, 0.05707], [-1.65626, 0.24604, 0.05711], [-1.64238, 0.28716, 0.05716], [-1.62637, 0.32751, 0.05721], [-1.6062, 0.37133, 0.05706], [-1.57285, 0.43188, 0.0573], [-1.5346, 0.48947, 0.05754], [-1.46841, 0.56961, 0.05805], [-1.39364, 0.64002, 0.05898], [-1.32786, 0.69035, 0.05668], [-1.21026, 0.75592, 0.06071], [-1.07275, 0.80507, 0.06306], [-0.95094, 0.83195, 0.04489], [-0.76326, 0.82753, 0.06288], [-0.57136, 0.78557, 0.04749], [-0.43599, 0.72105, 0.05058]], "2-5": [[-0.51533, 0.0, 0.0], [-0.56033, -0.21034, 0.10152], [-0.71821, -0.37244, 0.15548], [-0.96889, -0.43825, 0.20532], [-1.13303, -0.40887, 0.22777], [-1.31573, -0.27924, 0.24218], [-1.41851, -0.11725, 0.24793], [-1.46058, 0.01244, 0.2486], [-1.46507, 0.16414, 0.24621], [-1.42585, 0.30943, 0.24294], [-1.38524, 0.37991, 0.24221], [-1.35555, 0.43344, 0.23962], [-1.30599, 0.48712, 0.23906], [-1.26488, 0.54408, 0.23325], [-1.20985, 0.60575, 0.22424], [-1.13335, 0.66223, 0.21537], [-1.0376, 0.70997, 0.2058], [-0.94317, 0.74025, 0.19641], [-0.84089, 0.75796, 0.18545], [-0.735, 0.75845, 0.17566], [-0.64091, 0.74789, 0.16445], [-0.53824, 0.71561, 0.15842], [-0.48059, 0.69882, 0.14479], [-0.42363, 0.67592, 0.13083], [-0.37003, 0.64482, 0.12194]], "1-5": [[-1.23051, -0.75257, 0.02975], [-1.2689, -0.73074, 0.03981], [-1.31251, -0.70227, 0.04999], [-1.35047, -0.67344, 0.05999], [-1.40994, -0.62025, 0.07455], [-1.44657, -0.57936, 0.08743], [-1.52223, -0.49166, 0.08625], [-1.56615, -0.41989, 0.09439], [-1.59896, -0.3492, 0.10401], [-1.62901, -0.26866, 0.10966], [-1.64321, -0.21665, 0.11353], [-1.6548, -0.16128, 0.11662], [-1.66939, -0.07874, 0.11232], [-1.67357, -0.00958, 0.11149], [-1.66852, 0.04254, 0.1191], [-1.65981, 0.09338, 0.12685], [-1.6371, 0.18285, 0.13789], [-1.59198, 0.29503, 0.15075], [-1.52701, 0.43285, 0.14275], [-1.37099, 0.59616, 0.15627], [-1.2402, 0.69103, 0.15203], [-1.10963, 0.74714, 0.15353], [-0.83234, 0.79886, 0.13805], [-0.58192, 0.75285, 0.13364], [-0.37003, 0.64482, 0.12194]]}}