{"graph": "k5e", "genus": 2, "class": 5, "representative": {"1": [3, 4, 5], "2": [3, 4, 5], "3": [1, 2, 4, 5], "4": [1, 2, 5, 3], "5": [1, 3, 2, 4]}, "vertices": {"1": [1.03141, 0.73006, 0.1923], "2": [-0.23636, 0.05779, 0.2466], "3": [0.26655, 0.0, 0.24878], "4": [-0.29607, -0.62507, 0.0], "5": [0.26655, 0.0, -0.24878]}, "edges": {"1-3": [[1.03141, 0.73006, 0.1923], [1.00411, 0.69945, 0.21679], [1.00335, 0.6509, 0.23739], [0.97678, 0.60883, 0.24722], [0.99226, 0.56126, 0.2483], [0.97518, 0.53141, 0.24404], [0.96565, 0.49557, 0.23367], [0.93299, 0.48292, 0.22611], [0.90049, 0.46916, 0.21719], [0.88278, 0.45744, 0.20943], [0.86811, 0.45506, 0.20754], [0.85362, 0.45225, 0.20561], [0.84315, 0.44721, 0.20227], [0.83003, 0.44303, 0.1997], [0.81714, 0.4385, 0.19706], [0.80356, 0.43478, 0.19535], [0.75951, 0.43352, 0.20029], [0.70735, 0.42454, 0.20458], [0.66247, 0.40138, 0.20181], [0.58671, 0.37628, 0.21336], [0.51902, 0.33793, 0.2216], [0.4597, 0.29058, 0.22841], [0.39209, 0.22059, 0.23687], [0.31299, 0.11384, 0.24635], [0.26655, 0.0, 0.24878]], "2-4": [[-0.23636, 0.05779, 0.2466], [-0.24569, 0.03719, 0.24781], [-0.25573, 0.01725, 0.24853], [-0.26655, 0.0, 0.24878], [-0.2692, -0.14471, 0.24834], [-0.31656, -0.2997, 0.24728], [-0.41088, -0.44804, 0.24533], [-0.48938, -0.51702, 0.24501], [-0.60534, -0.58367, 0.24485], [-0.73668, -0.63521, 0.24273], [-0.80357, -0.65321, 0.24062], [-0.87457, -0.66609, 0.23754], [-0.94245, -0.66843, 0.23512], [-0.99946, -0.65761, 0.23552], [-1.05523, -0.64193, 0.23592], [-1.09984, -0.63269, 0.23392], [-1.1498, -0.62638, 0.22853], [-1.21307, -0.5964, 0.22722], [-1.27543, -0.57401, 0.21961], [-1.28679, -0.58432, 0.21093], [-1.31003, -0.58919, 0.19867], [-1.31224, -0.60738, 0.18567], [-1.00537, -0.78194, 0.14352], [-0.6369, -0.79876, 0.07659], [-0.29607, -0.62507, 0.0]], "4-5": [[-0.29607, -0.62507, 0.0], [-0.34337, -0.661, -0.03759], [-0.3969, -0.68853, -0.07618], [-0.4677, -0.71548, -0.11008], [-0.49586, -0.71018, -0.14058], [-0.53685, -0.70307, -0.17069], [-0.56345, -0.68917, -0.19259], [-0.55653, -0.6671, -0.20559], [-0.56725, -0.64409, -0.22076], [-0.56339, -0.61788, -0.23092], [-0.54957, -0.60027, -0.23455], [-0.53697, -0.58227, -0.23783], [-0.52525, -0.56561, -0.24032], [-0.50348, -0.54886, -0.24105], [-0.48252, -0.53129, -0.24174], [-0.46276, -0.51095, -0.24281], [-0.41275, -0.4493, -0.24541], [-0.36822, -0.37937, -0.24721], [-0.33723, -0.31278, -0.24827], [-0.30096, -0.22386, -0.24862], [-0.27773, -0.11397, -0.24878], [-0.26655, 0.0, -0.24878], [-0.20186, 0.23287, -0.22566], [-0.31388, 0.53156, -0.1826], [-0.55954, 0.75404, -0.11811], [-0.78951, 0.8253, -0.07909], [-1.04068, 0.81857, -0.0359], [-1.27944, 0.72843, 0.0], [-0.59652, 0.79659, 0.03471], [-0.19516, 0.51046, 0.04329], [0.0, 0.15186, -0.02562], [0.05972, -0.15318, -0.1135], [0.12672, -0.10545, -0.20042], [0.26655, 0.0, -0.24878]], "1-4": [[1.03141, 0.73006, 0.1923], [1.16602, 0.64034, 0.21909], [1.24366, 0.52811, 0.24116], [1.30161, 0.40424, 0.24868], [1.30897, 0.26647, 0.23894], [1.2884, 0.12533, 0.20223], [1.24365, 0.06831, 0.14584], [1.20476, -0.04355, 0.04987], [1.1932, -0.0983, -0.04918], [1.17892, -0.20983, -0.13394], [1.16702, -0.28928, -0.18192], [1.14239, -0.36556, -0.21228], [1.08841, -0.46014, -0.2362], [1.05553, -0.5384, -0.24804], [0.9718, -0.63936, -0.24218], [0.86109, -0.6927, -0.22764], [0.5547, -0.71119, -0.17049], [0.23081, -0.5305, -0.0953], [0.0, -0.15392, -0.00515], [-0.09623, 0.27186, 0.12108], [-0.26388, 0.49803, 0.16789], [-0.55091, 0.68569, 0.19105], [-1.33546, 0.54985, 0.20877], [-1.50161, -0.44947, 0.15826], [-0.29607, -0.62507, 0.0]], "2-5": [[-0.23636, 0.05779, 0.2466], [-0.27381, 0.06575, 0.24875], [-0.30686, 0.08553, 0.24648], [-0.34846, 0.06249, 0.2362], [-0.39269, 0.08697, 0.21896], [-0.43394, 0.10368, 0.19466], [-0.46214, 0.1059, 0.16994], [-0.48531, 0.10704, 0.14278], [-0.50629, 0.11076, 0.11078], [-0.52273, 0.12084, 0.08132], [-0.53256, 0.13003, 0.06152], [-0.54248, 0.14144, 0.0387], [-0.55073, 0.15336, 0.01801], [-0.55676, 0.16374, -0.00651], [-0.55398, 0.16384, -0.03574], [-0.55317, 0.1773, -0.06932], [-0.53071, 0.19378, -0.13144], [-0.51036, 0.23596, -0.18027], [-0.51884, 0.32077, -0.21517], [-0.52091, 0.44043, -0.24599], [-0.55819, 0.56206, -0.24466], [-0.6971, 0.70973, -0.20857], [-0.96873, 0.77714, -0.15755], [-1.27186, 0.7168, -0.08188], [-1.53936, 0.49439, 0.0], [-0.79999, 0.83226, 0.05764], [-0.25354, 0.57141, 0.06514], [0.0, 0.1397, -0.06483], [0.06297, -0.16621, -0.11472], [0.12599, -0.11485, -0.19885], [0.26655, 0.0, -0.24878]], "3-5": [[0.26655, 0.0, 0.24878], [0.29902, 0.0, 0.24665], [0.33094, 0.0, 0.2403], [0.36175, 0.0, 0.22984], [0.39094, 0.0, 0.21545], [0.418, 0.0, 0.19737], [0.44246, 0.0, 0.17591], [0.46392, 0.0, 0.15145], [0.482, 0.0, 0.12439], [0.49639, 0.0, 0.0952], [0.51089, 0.02808, 0.05238], [0.52029, 0.05881, 0.00738], [0.52414, 0.08999, -0.03899], [0.52105, 0.10746, -0.07302], [0.52036, 0.12513, -0.0913], [0.51978, 0.14351, -0.108], [0.50289, 0.16173, -0.14615], [0.48154, 0.18489, -0.17962], [0.47092, 0.20611, -0.19616], [0.44432, 0.21063, -0.21372], [0.4149, 0.20803, -0.2269], [0.38559, 0.20323, -0.23648], [0.33796, 0.14188, -0.24319], [0.2967, 0.07198, -0.24746], [0.26655, 0.0, -0.24878]], "2-3": [[-0.23636, 0.05779, 0.2466], [-0.19379, 0.06426, 0.23693], [-0.15355, 0.07365, 0.21964], [-0.11712, 0.07335, 0.19614], [-0.0905, 0.051, 0.17406], [-0.06342, 0.05829, 0.14056], [-0.04694, 0.08277, 0.10861], [-0.03396, 0.04014, 0.08567], [-0.02512, 0.03356, 0.05725], [0.0, -0.07848, 0.13251], [0.00847, -0.11048, 0.07389], [0.03201, -0.15826, -0.00467], [0.04068, -0.19423, -0.00914], [0.05553, -0.24893, -0.00603], [0.07132, -0.29472, -0.01028], [0.08928, -0.33787, -0.01737], [0.13817, -0.43258, -0.01654], [0.2067, -0.53037, -0.01578], [0.29554, -0.62409, -0.01359], [0.40955, -0.71087, -0.00847], [0.55483, -0.7842, -0.00396], [0.71283, -0.82834, 0.0], [0.31817, -0.60482, 0.11813], [0.18042, -0.2697, 0.20715], [0.26655, 0.0, 0.24878]], "3-4": [[0.26655, 0.0, 0.24878], [0.55315, -0.21844, -0.12242], [0.29866, -0.44625, -0.21573], [0.0, -0.08716, -0.12697], [-0.05698, 0.18708, 0.02379], [-0.11169, 0.33823, 0.09988], [-0.23238, 0.50188, 0.13274], [-0.29647, 0.56486, 0.14128], [-0.37821, 0.62826, 0.14968], [-0.47614, 0.68405, 0.15879], [-0.55222, 0.71826, 0.16218], [-0.63221, 0.75002, 0.15918], [-0.70983, 0.76705, 0.1617], [-0.80809, 0.77966, 0.1618], [-0.91566, 0.77906, 0.16201], [-1.01321, 0.76232, 0.16583], [-1.20907, 0.68814, 0.17196], [-1.41164, 0.53654, 0.17381], [-1.57817, 0.27591, 0.17375], [-1.60878, -0.28782, 0.13196], [-1.16449, -0.76793, 0.08401], [-0.43833, -0.72843, 0.0], [-0.38854, -0.69732, 0.0], [-0.34104, -0.66281, 0.0], [-0.29607, -0.62507, 0.0], [-0.29607, -0.62507, 0.0]], "1-5": [[1.03141, 0.73006, 0.1923], [0.94272, 0.79398, 0.13939], [0.81583, 0.82889, 0.0735], [0.71283, 0.82834, 0.0], [0.71174, 0.82751, -0.01765], [0.72992, 0.82829, -0.03753], [0.74673, 0.82687, -0.05722], [0.72918, 0.8206, -0.07094], [0.71232, 0.81325, -0.08442], [0.71518, 0.80838, -0.09787], [0.6991, 0.80141, -0.10647], [0.67678, 0.79181, -0.11587], [0.65498, 0.78122, -0.12507], [0.62646, 0.76745, -0.13411], [0.59965, 0.75252, -0.14299], [0.58033, 0.74022, -0.14988], [0.53729, 0.71366, -0.16008], [0.49089, 0.67846, -0.17226], [0.44729, 0.6391, -0.18364], [0.37694, 0.56905, -0.19588], [0.32384, 0.48812, -0.21093], [0.2861, 0.40097, -0.22467], [0.23172, 0.26282, -0.23282], [0.23147, 0.11654, -0.24453], [0.26655, 0.0, -0.24878]]}}