{"graph": "k5e", "genus": 2, "class": 34, "representative": {"1": [3, 4, 5], "2": [3, 5, 4], "3": [1, 2, 4, 5], "4": [1, 5, 2, 3], "5": [1, 4, 2, 3]}, "vertices": {"1": [0.26655, 0.0, 0.24878], "2": [-1.37257, -0.15722, -0.24259], "3": [0.0, -0.07848, 0.13251], "4": [-0.56062, 0.78646, 0.0], "5": [1.15715, -0.78646, 0.0]}, "edges": {"1-3": [[0.26655, 0.0, 0.24878], [0.5307, -0.13502, -0.0742], [0.24849, -0.28991, -0.23438], [0.0, 0.11761, -0.09943], [-0.33605, 0.63852, 0.08736], [-1.08324, 0.79879, 0.07449], [-1.7, 0.0, 0.0], [-1.64786, 0.25034, -0.08048], [-1.49022, 0.46809, -0.15623], [-1.38455, 0.50207, -0.20924], [-1.28688, 0.53492, -0.23085], [-1.1959, 0.55224, -0.24271], [-1.097, 0.54268, -0.24878], [-1.00623, 0.52632, -0.24453], [-0.93423, 0.50297, -0.23426], [-0.87291, 0.46708, -0.21507], [-0.7865, 0.39513, -0.15985], [-0.73959, 0.34476, -0.10064], [-0.69248, 0.30057, 0.00096], [-0.60831, 0.27308, 0.11285], [-0.51278, 0.24455, 0.18298], [-0.41039, 0.27324, 0.23954], [-0.21836, 0.2074, 0.23525], [-0.07977, 0.09646, 0.15732], [0.0, -0.07848, 0.13251]], "2-5": [[-1.37257, -0.15722, -0.24259], [-1.35847, -0.34037, -0.24848], [-1.2661, -0.55145, -0.23067], [-1.06597, -0.731, -0.18401], [-0.84338, -0.80091, -0.13538], [-0.59363, -0.7872, -0.07128], [-0.38108, -0.69222, 0.0], [-0.89235, -0.83214, 0.06374], [-1.30164, -0.68371, 0.11186], [-1.58427, -0.33735, 0.13701], [-1.6391, -0.13184, 0.14937], [-1.64066, 0.05631, 0.15885], [-1.57482, 0.2679, 0.17966], [-1.46902, 0.46919, 0.17447], [-1.32448, 0.60003, 0.18426], [-1.18459, 0.69183, 0.17942], [-0.93634, 0.76721, 0.17301], [-0.67926, 0.75308, 0.16974], [-0.45995, 0.66096, 0.17206], [-0.25011, 0.5095, 0.14588], [-0.09508, 0.2967, 0.10164], [0.0, -0.11761, -0.09943], [0.57984, -0.54664, -0.24786], [0.9026, -0.37335, 0.12267], [1.15715, -0.78646, 0.0]], "1-4": [[0.26655, 0.0, 0.24878], [0.52541, -0.11933, -0.07193], [0.2443, -0.26078, -0.23711], [0.0, 0.1397, -0.06483], [-0.03388, 0.20438, -0.01797], [-0.08638, 0.31851, 0.05212], [-0.10427, 0.35891, 0.052], [-0.11015, 0.3716, 0.05078], [-0.11647, 0.38463, 0.04954], [-0.12816, 0.40716, 0.04769], [-0.13454, 0.41882, 0.04661], [-0.14356, 0.43487, 0.04432], [-0.15296, 0.45071, 0.04202], [-0.16054, 0.46299, 0.03999], [-0.16835, 0.47512, 0.03796], [-0.17638, 0.48711, 0.03593], [-0.20964, 0.53007, 0.03833], [-0.24578, 0.57061, 0.04196], [-0.28444, 0.60871, 0.04525], [-0.38708, 0.69432, 0.02872], [-0.56034, 0.78592, 0.01412], [-0.7575, 0.83498, 0.0], [-0.69064, 0.82412, 0.0], [-0.62487, 0.80791, 0.0], [-0.56062, 0.78646, 0.0], [-0.56062, 0.78646, 0.0]], "4-5": [[-0.56062, 0.78646, 0.0], [-0.33001, 0.40674, -0.23725], [-0.48781, 0.08208, -0.1297], [-0.42947, 0.0, 0.18802], [-0.48979, -0.24013, 0.19694], [-0.6427, -0.41116, 0.21344], [-0.91902, -0.48522, 0.22627], [-1.15616, -0.41699, 0.23549], [-1.352, -0.22287, 0.24346], [-1.42705, 0.03429, 0.2477], [-1.40363, 0.20527, 0.24857], [-1.3626, 0.31595, 0.24877], [-1.29687, 0.42223, 0.24826], [-1.22321, 0.51078, 0.2463], [-1.12655, 0.59188, 0.2421], [-1.00825, 0.65521, 0.23567], [-0.78228, 0.69212, 0.22599], [-0.58748, 0.67066, 0.21139], [-0.40128, 0.58894, 0.19579], [-0.22536, 0.45066, 0.1662], [-0.09088, 0.27027, 0.11261], [0.0, -0.1397, -0.06483], [0.61026, -0.57468, -0.24647], [0.92294, -0.36941, 0.12093], [1.15715, -0.78646, 0.0]], "2-4": [[-1.37257, -0.15722, -0.24259], [-1.36171, -0.12005, -0.23709], [-1.33235, -0.07395, -0.22157], [-1.30081, -0.04311, -0.19974], [-1.27957, -0.06045, -0.1841], [-1.26086, -0.07799, -0.16867], [-1.24395, -0.0923, -0.15276], [-1.23209, -0.11347, -0.14485], [-1.22283, -0.12537, -0.13739], [-1.21252, -0.13919, -0.12971], [-1.20038, -0.16139, -0.12581], [-1.18194, -0.18551, -0.11653], [-1.16219, -0.20796, -0.10703], [-1.13866, -0.24309, -0.11287], [-1.1138, -0.2764, -0.12285], [-1.09227, -0.29725, -0.12617], [-1.02319, -0.3467, -0.13545], [-0.94925, -0.37689, -0.14129], [-0.84302, -0.38735, -0.14145], [-0.63929, -0.33323, -0.15666], [-0.49646, -0.19856, -0.17269], [-0.42947, 0.0, -0.18802], [-0.25012, 0.15983, -0.24601], [-0.28108, 0.51924, -0.16689], [-0.56062, 0.78646, 0.0]], "3-5": [[0.0, -0.07848, 0.13251], [0.09273, -0.34441, -0.02341], [0.27222, -0.60045, -0.02854], [0.52343, -0.76997, -0.02482], [0.66409, -0.81628, -0.03077], [0.84484, -0.83882, -0.03287], [1.01869, -0.82387, -0.0306], [1.12276, -0.7959, -0.03593], [1.22825, -0.75395, -0.02776], [1.32075, -0.70176, -0.02236], [1.35896, -0.67508, -0.0222], [1.39908, -0.6436, -0.02069], [1.43721, -0.60973, -0.01917], [1.46834, -0.57877, -0.01778], [1.4978, -0.54622, -0.01639], [1.52628, -0.51112, -0.01562], [1.5668, -0.45343, -0.01464], [1.59607, -0.40438, -0.01221], [1.62191, -0.35348, -0.00978], [1.62929, -0.33726, -0.00765], [1.63552, -0.32279, -0.00584], [1.64337, -0.30335, -0.00323], [1.52915, -0.50815, -0.00125], [1.36286, -0.67341, 0.0], [1.15715, -0.78646, 0.0]], "1-5": [[0.26655, 0.0, 0.24878], [0.25523, 0.03434, 0.24848], [0.25406, 0.08831, 0.24806], [0.2545, 0.13897, 0.24722], [0.23367, 0.18174, 0.24174], [0.22788, 0.23687, 0.23499], [0.24721, 0.32991, 0.22662], [0.27769, 0.41859, 0.21572], [0.31077, 0.49186, 0.20279], [0.35391, 0.56165, 0.18799], [0.3915, 0.6052, 0.17943], [0.43493, 0.64669, 0.17074], [0.48833, 0.68632, 0.16336], [0.53388, 0.71672, 0.15495], [0.56708, 0.74124, 0.142], [0.6252, 0.77014, 0.1294], [0.72347, 0.80598, 0.10626], [0.81048, 0.82543, 0.08304], [0.9101, 0.83233, 0.05944], [0.99227, 0.82738, 0.03888], [1.07271, 0.81277, 0.01855], [1.15715, 0.78646, 0.0], [1.63256, 0.33, 0.0], [1.62728, -0.34211, 0.0], [1.15715, -0.78646, 0.0]], "2-3": [[-1.37257, -0.15722, -0.24259], [-1.3529, -0.00043, -0.22853], [-1.30952, 0.10413, -0.21222], [-1.24536, 0.19406, -0.19061], [-1.16468, 0.25643, -0.15667], [-1.08878, 0.29662, -0.12157], [-1.01219, 0.32029, -0.07486], [-0.96184, 0.33074, -0.03749], [-0.93132, 0.33585, -0.00263], [-0.86999, 0.3448, 0.02657], [-0.84494, 0.34782, 0.04733], [-0.81221, 0.35147, 0.07315], [-0.77146, 0.35653, 0.10563], [-0.73911, 0.35728, 0.12428], [-0.70665, 0.35231, 0.13565], [-0.67051, 0.35643, 0.16155], [-0.61632, 0.35832, 0.19081], [-0.56984, 0.35085, 0.20716], [-0.52773, 0.34929, 0.22263], [-0.45532, 0.34199, 0.24058], [-0.35997, 0.30714, 0.2487], [-0.27904, 0.27607, 0.24373], [-0.14775, 0.18299, 0.2043], [-0.05888, 0.11054, 0.12469], [0.0, -0.07848, 0.13251]], "3-4": [[0.0, -0.07848, 0.13251], [0.16839, -0.47857, -0.02211], [0.50687, -0.76017, -0.04096], [0.93603, -0.8323, -0.05082], [1.29368, -0.69885, -0.09304], [1.57447, -0.38905, -0.11194], [1.66901, -0.01207, -0.12008], [1.60964, 0.26227, -0.14394], [1.43995, 0.51265, -0.16901], [1.18364, 0.66883, -0.19758], [1.06326, 0.71507, -0.19743], [0.93585, 0.74463, -0.19358], [0.81412, 0.72745, -0.208], [0.70792, 0.69789, -0.21698], [0.6056, 0.65133, -0.22483], [0.52607, 0.59762, -0.23126], [0.39044, 0.5041, -0.22959], [0.3213, 0.38947, -0.23828], [0.26632, 0.2509, -0.24346], [0.25216, 0.16041, -0.24627], [0.25445, 0.07675, -0.2482], [0.26655, 0.0, -0.24878], [0.12957, -0.07603, -0.20501], [0.05422, -0.10375, -0.11803], [0.0, 0.13506, 0.07401], [-0.09418, 0.34499, 0.033], [-0.26792, 0.59714, 0.02215], [-0.56062, 0.78646, 0.0]]}}