{"graph": "k5e", "genus": 2, "class": 13, "representative": {"1": [3, 4, 5], "2": [3, 4, 5], "3": [1, 2, 4, 5], "4": [1, 3, 5, 2], "5": [1, 4, 3, 2]}, "vertices": {"1": [0.25973, -0.52948, -0.13762], "2": [-0.5529, 0.15919, -0.02599], "3": [0.26655, 0.0, 0.24878], "4": [0.0, 0.12136, -0.09482], "5": [1.42391, 0.32738, 0.24127]}, "edges": {"1-3": [[0.25973, -0.52948, -0.13762], [0.35406, -0.59591, -0.16216], [0.4937, -0.65693, -0.19111], [0.62372, -0.7065, -0.19673], [0.75034, -0.70523, -0.21726], [0.89544, -0.68286, -0.23134], [1.03211, -0.61486, -0.2444], [1.12074, -0.53851, -0.2487], [1.19314, -0.459, -0.24757], [1.22023, -0.39228, -0.24168], [1.25024, -0.34554, -0.23865], [1.2855, -0.28835, -0.23643], [1.29485, -0.21499, -0.22495], [1.29814, -0.1563, -0.21445], [1.29665, -0.11434, -0.20573], [1.29004, -0.06883, -0.19402], [1.25308, 0.0498, -0.15448], [1.21108, 0.13038, -0.12205], [1.16436, 0.20048, -0.10191], [1.05755, 0.28284, -0.03214], [0.94964, 0.3329, 0.0272], [0.82863, 0.359, 0.08966], [0.64641, 0.34295, 0.16189], [0.43764, 0.23653, 0.22352], [0.26655, 0.0, 0.24878]], "2-4": [[-0.5529, 0.15919, -0.02599], [-0.54728, 0.14655, -0.01983], [-0.54196, 0.13383, -0.01527], [-0.53634, 0.11928, -0.01309], [-0.53006, 0.10066, -0.01286], [-0.52486, 0.08172, -0.01262], [-0.52135, 0.06487, -0.00895], [-0.51968, 0.05463, -0.00303], [-0.51849, 0.04666, 0.00329], [-0.5176, 0.04112, 0.01004], [-0.51713, 0.03797, 0.01238], [-0.51666, 0.03482, 0.01472], [-0.51621, 0.03167, 0.01705], [-0.51589, 0.02804, 0.017], [-0.51562, 0.0244, 0.01695], [-0.51533, 0.01952, 0.01662], [-0.51529, 0.01176, 0.01096], [-0.5153, 0.00402, 0.00529], [-0.51533, 0.0, 0.0], [-0.61958, -0.28476, 0.11545], [-0.9391, -0.43488, 0.19838], [-1.32865, -0.26798, 0.24339], [-1.36204, 0.43739, 0.23741], [-0.58136, 0.73895, 0.15191], [0.0, 0.12136, -0.09482]], "1-5": [[0.25973, -0.52948, -0.13762], [0.30378, -0.56064, -0.15241], [0.34812, -0.58411, -0.16789], [0.41136, -0.61144, -0.18585], [0.51426, -0.64752, -0.20484], [0.57642, -0.66, -0.21476], [0.63821, -0.66231, -0.22518], [0.72737, -0.64215, -0.24064], [0.78766, -0.62157, -0.24654], [0.86824, -0.5787, -0.24841], [0.92414, -0.54555, -0.24505], [0.96723, -0.51575, -0.24005], [0.98784, -0.48701, -0.23249], [1.02075, -0.45441, -0.22317], [1.05063, -0.42153, -0.21257], [1.07499, -0.38989, -0.20103], [1.08483, -0.33862, -0.16605], [1.1202, -0.28539, -0.14039], [1.13989, -0.22318, -0.08589], [1.16234, -0.16153, -0.01029], [1.18972, -0.11418, 0.05619], [1.23389, -0.04146, 0.12508], [1.30999, 0.0058, 0.20483], [1.38556, 0.16422, 0.24544], [1.42391, 0.32738, 0.24127]], "2-5": [[-0.5529, 0.15919, -0.02599], [-0.52336, 0.18169, -0.13216], [-0.49724, 0.28043, -0.20916], [-0.48586, 0.38235, -0.24189], [-0.46363, 0.49284, -0.24564], [-0.49487, 0.61147, -0.21832], [-0.59492, 0.7411, -0.15528], [-0.65694, 0.78606, -0.11756], [-0.79587, 0.83271, -0.05441], [-0.85889, 0.84111, 0.0], [-0.68783, 0.82338, 0.00881], [-0.54044, 0.77824, 0.01099], [-0.39701, 0.70228, 0.01678], [-0.29744, 0.6248, 0.02354], [-0.19499, 0.51515, 0.0199], [-0.12013, 0.39919, 0.02638], [-0.08283, 0.32134, 0.02404], [-0.0521, 0.23632, 0.01458], [0.0, 0.11445, 0.10305], [0.05346, -0.08484, -0.12068], [0.13148, -0.059, -0.20736], [0.26655, 0.0, -0.24878], [0.17717, 0.28257, -0.2017], [0.28805, 0.58367, -0.10809], [0.59897, 0.79995, 0.0], [0.9772, 0.80894, 0.1057], [1.25144, 0.63466, 0.19545], [1.42391, 0.32738, 0.24127]], "1-4": [[0.25973, -0.52948, -0.13762], [0.15155, -0.41421, -0.10099], [0.09046, -0.30922, -0.07918], [0.0, -0.0723, -0.13598], [-0.78054, 0.51108, 0.23712], [-1.27058, 0.11418, -0.1861], [-0.85889, -0.84111, 0.0], [-0.94983, -0.83602, 0.00905], [-1.02626, -0.82355, 0.01901], [-1.10854, -0.80138, 0.02942], [-1.22875, -0.75109, 0.04388], [-1.35224, -0.67283, 0.05773], [-1.42717, -0.60511, 0.07313], [-1.46226, -0.5658, 0.08216], [-1.52911, -0.48621, 0.07968], [-1.56582, -0.42613, 0.08693], [-1.60127, -0.35351, 0.09501], [-1.63007, -0.27691, 0.10168], [-1.65137, -0.19753, 0.10742], [-1.67587, 0.04064, 0.10473], [-1.64487, 0.1848, 0.12503], [-1.58583, 0.32344, 0.14336], [-1.3724, 0.60648, 0.14474], [-1.16781, 0.73396, 0.1424], [-0.91573, 0.80553, 0.12483], [-0.48524, 0.72913, 0.10188], [-0.17478, 0.46898, 0.07538], [0.0, 0.12136, -0.09482]], "3-5": [[0.26655, 0.0, 0.24878], [0.41047, 0.15205, 0.21856], [0.53696, 0.23142, 0.1534], [0.66683, 0.29095, 0.04994], [0.69802, 0.3037, -0.00774], [0.72139, 0.321, -0.05276], [0.7609, 0.35634, -0.11075], [0.78131, 0.38696, -0.15105], [0.8045, 0.42235, -0.18485], [0.84386, 0.4622, -0.21218], [0.85712, 0.48463, -0.22426], [0.85367, 0.50617, -0.23339], [0.84312, 0.52604, -0.23985], [0.82755, 0.54645, -0.24468], [0.81898, 0.56892, -0.2478], [0.85298, 0.59598, -0.24875], [0.89449, 0.64409, -0.24313], [0.89005, 0.69235, -0.22748], [0.8803, 0.73586, -0.20299], [0.94293, 0.78503, -0.15169], [1.03529, 0.80768, -0.0834], [1.1188, 0.79995, 0.0], [1.28339, 0.70449, 0.09442], [1.38727, 0.52057, 0.19892], [1.42391, 0.32738, 0.24127]], "2-3": [[-0.5529, 0.15919, -0.02599], [-0.54079, 0.14594, 0.05614], [-0.50728, 0.1387, 0.12625], [-0.44752, 0.14631, 0.19401], [-0.3476, 0.12362, 0.23978], [-0.2506, 0.14561, 0.24656], [-0.15524, 0.1438, 0.2146], [-0.0876, 0.07849, 0.1686], [-0.04442, 0.09204, 0.10109], [0.0, -0.08161, 0.13061], [0.03269, -0.1608, -0.0056], [0.04981, -0.22967, -0.00604], [0.07311, -0.29947, -0.01027], [0.09522, -0.35079, -0.0191], [0.13605, -0.42905, -0.01638], [0.17965, -0.49577, -0.00993], [0.29642, -0.62503, -0.01145], [0.43089, -0.72402, -0.00522], [0.59897, -0.79995, 0.0], [0.43576, -0.72197, 0.04601], [0.31113, -0.60399, 0.1102], [0.2418, -0.48588, 0.15688], [0.17974, -0.28555, 0.20259], [0.19465, -0.13017, 0.23398], [0.26655, 0.0, 0.24878]], "3-4": [[0.26655, 0.0, 0.24878], [0.31485, -0.13605, 0.24677], [0.36812, -0.19453, 0.24029], [0.4218, -0.25068, 0.23252], [0.48539, -0.25511, 0.20563], [0.52672, -0.23036, 0.16281], [0.59255, -0.25189, 0.10454], [0.63249, -0.26504, 0.04969], [0.62064, -0.24753, -0.00133], [0.61858, -0.25528, -0.05875], [0.61676, -0.26806, -0.09208], [0.60216, -0.27144, -0.11854], [0.5822, -0.27154, -0.14144], [0.57002, -0.28675, -0.16599], [0.55526, -0.30031, -0.18594], [0.54075, -0.31735, -0.20359], [0.51685, -0.36523, -0.23116], [0.43526, -0.36085, -0.24618], [0.39147, -0.39009, -0.24823], [0.30552, -0.37597, -0.23667], [0.25664, -0.37782, -0.21868], [0.20914, -0.34951, -0.20184], [0.12486, -0.28703, -0.15345], [0.07293, -0.22919, -0.10321], [0.0, 0.12136, -0.09482]], "4-5": [[0.0, 0.12136, -0.09482], [0.07654, -0.2396, -0.10427], [0.14338, -0.32166, -0.15803], [0.23416, -0.40089, -0.19851], [0.31658, -0.4553, -0.22021], [0.4028, -0.46711, -0.24131], [0.48616, -0.48041, -0.24828], [0.58915, -0.48216, -0.24557], [0.66474, -0.47083, -0.23451], [0.75488, -0.43853, -0.20453], [0.79511, -0.42843, -0.19119], [0.81809, -0.40996, -0.17136], [0.82825, -0.38681, -0.14194], [0.88254, -0.36807, -0.10926], [0.91596, -0.35394, -0.08496], [0.93277, -0.34341, -0.06148], [0.97817, -0.3229, -0.01822], [1.01466, -0.30779, 0.02641], [1.0664, -0.28912, 0.07736], [1.12307, -0.27109, 0.1272], [1.19871, -0.23018, 0.16973], [1.27433, -0.16803, 0.20273], [1.36438, -0.04024, 0.23372], [1.42749, 0.12338, 0.24856], [1.42391, 0.32738, 0.24127]]}}