{"graph": "k5e", "genus": 2, "class": 7, "representative": {"1": [3, 4, 5], "2": [3, 4, 5], "3": [1, 2, 4, 5], "4": [1, 2, 5, 3], "5": [1, 4, 3, 2]}, "vertices": {"1": [-1.20073, -0.05286, -0.03413], "2": [-0.16392, 0.47382, 0.0], "3": [-1.38128, 0.62231, -0.11582], "4": [0.0, -0.10213, -0.11528], "5": [1.64927, -0.28768, 0.0]}, "edges": {"1-3": [[-1.20073, -0.05286, -0.03413], [-1.20151, -0.02995, 0.01379], [-1.20863, -0.00187, 0.05517], [-1.22034, 0.02076, 0.09413], [-1.2409, 0.0459, 0.13713], [-1.26229, 0.09651, 0.17426], [-1.27948, 0.13081, 0.19705], [-1.30011, 0.14898, 0.21414], [-1.31865, 0.18901, 0.22983], [-1.33456, 0.23437, 0.24092], [-1.34468, 0.25982, 0.24531], [-1.35744, 0.2807, 0.24796], [-1.38003, 0.28583, 0.24877], [-1.39362, 0.2996, 0.24793], [-1.41555, 0.30729, 0.24495], [-1.44161, 0.3103, 0.23935], [-1.46982, 0.33477, 0.22586], [-1.4916, 0.37476, 0.20355], [-1.50157, 0.41869, 0.17712], [-1.54729, 0.41851, 0.12804], [-1.57304, 0.42819, 0.06422], [-1.55385, 0.47382, 0.0], [-1.50557, 0.53367, -0.03632], [-1.45334, 0.57689, -0.07863], [-1.38128, 0.62231, -0.11582]], "2-4": [[-0.16392, 0.47382, 0.0], [-0.08884, 0.33802, 0.00852], [-0.04399, 0.20816, 0.00498], [0.0, 0.09252, 0.12312], [0.05532, -0.07795, -0.12516], [0.13871, -0.09147, -0.20985], [0.26779, -0.06401, -0.24877], [0.39149, -0.03989, -0.21611], [0.48115, -0.01718, -0.12651], [0.51533, 0.0, 0.0], [0.51573, 0.02185, -0.01216], [0.51742, 0.04819, -0.02537], [0.52021, 0.07433, -0.03966], [0.53949, 0.15144, -0.06955], [0.57203, 0.22902, -0.10556], [0.61725, 0.2855, -0.11932], [0.78187, 0.40657, -0.17326], [0.99119, 0.44058, -0.21067], [1.21793, 0.37529, -0.23784], [1.42201, 0.11895, -0.24821], [1.46137, -0.22826, -0.2433], [1.27869, -0.54198, -0.23066], [0.76688, -0.76628, -0.17231], [0.28036, -0.56767, -0.11953], [0.0, -0.10213, -0.11528]], "4-5": [[0.0, -0.10213, -0.11528], [0.1012, -0.34168, -0.06966], [0.20094, -0.49987, -0.08459], [0.35679, -0.64427, -0.10725], [0.4295, -0.69995, -0.09762], [0.52712, -0.74878, -0.10256], [0.62361, -0.78073, -0.11014], [0.69398, -0.80075, -0.10568], [0.76604, -0.81433, -0.10118], [0.84496, -0.82219, -0.09488], [0.88667, -0.8233, -0.09127], [0.92845, -0.82223, -0.08763], [0.9752, -0.81663, -0.08842], [1.02921, -0.80537, -0.09274], [1.08222, -0.79047, -0.09703], [1.13996, -0.77166, -0.09739], [1.25681, -0.72089, -0.09213], [1.38613, -0.63913, -0.07812], [1.48639, -0.54468, -0.07049], [1.64926, -0.27043, -0.05322], [1.69896, -0.01602, -0.02095], [1.64927, 0.28768, 0.0], [1.69431, 0.09765, 0.0], [1.69431, -0.09765, 0.0], [1.64927, -0.28768, 0.0], [1.64927, -0.28768, 0.0]], "1-4": [[-1.20073, -0.05286, -0.03413], [-1.20154, 0.02826, 0.01138], [-1.19903, 0.0763, 0.04986], [-1.17748, 0.16843, 0.08992], [-1.15103, 0.23657, 0.1227], [-1.10694, 0.31157, 0.15564], [-1.07431, 0.36522, 0.1832], [-1.02722, 0.40594, 0.19627], [-0.95869, 0.45441, 0.21387], [-0.91449, 0.49066, 0.22844], [-0.90148, 0.50972, 0.23528], [-0.84557, 0.5309, 0.24112], [-0.78273, 0.54753, 0.24562], [-0.73118, 0.55789, 0.24797], [-0.68415, 0.55765, 0.24865], [-0.62914, 0.55586, 0.24861], [-0.54912, 0.55396, 0.24515], [-0.49964, 0.55699, 0.23859], [-0.43965, 0.53673, 0.23242], [-0.37754, 0.52185, 0.21923], [-0.29316, 0.479, 0.19927], [-0.22006, 0.42273, 0.17811], [-0.12994, 0.32468, 0.14], [-0.0769, 0.24976, 0.09822], [0.0, -0.10213, -0.11528]], "2-5": [[-0.16392, 0.47382, 0.0], [-0.08971, 0.33939, 0.01387], [-0.05445, 0.24466, 0.01216], [0.0, 0.12675, 0.08749], [0.04439, -0.1175, -0.09337], [0.06603, -0.13656, -0.12987], [0.10405, -0.14375, -0.17576], [0.1412, -0.18034, -0.20022], [0.18709, -0.22021, -0.2208], [0.22438, -0.23908, -0.23355], [0.25842, -0.24441, -0.2424], [0.29554, -0.26018, -0.24718], [0.33108, -0.26525, -0.24878], [0.36607, -0.26359, -0.24652], [0.42218, -0.28874, -0.23908], [0.45444, -0.27737, -0.22695], [0.5006, -0.2493, -0.19391], [0.55064, -0.25671, -0.15918], [0.60022, -0.26606, -0.11374], [0.66325, -0.2826, -0.00888], [0.70968, -0.33002, 0.09445], [0.75115, -0.40224, 0.17591], [0.96086, -0.57746, 0.24871], [1.31174, -0.62049, 0.176], [1.64927, -0.28768, 0.0]], "1-5": [[-1.20073, -0.05286, -0.03413], [-1.20471, -0.14521, -0.1212], [-1.18722, -0.2777, -0.18854], [-1.11628, -0.43132, -0.23191], [-1.03023, -0.5652, -0.24877], [-0.82307, -0.68776, -0.22936], [-0.61564, -0.72237, -0.18174], [-0.43599, -0.68773, -0.12515], [-0.28131, -0.59905, -0.06622], [-0.16392, -0.47382, 0.0], [-0.15252, -0.45636, 0.0087], [-0.1423, -0.43914, 0.01831], [-0.13353, -0.42271, 0.028], [-0.13298, -0.41852, 0.03977], [-0.13293, -0.41406, 0.05146], [-0.12315, -0.39081, 0.06268], [-0.11205, -0.36011, 0.07631], [-0.10145, -0.32478, 0.09035], [-0.09111, -0.28077, 0.10579], [-0.08638, -0.21951, 0.1322], [-0.0926, -0.17433, 0.15632], [-0.11001, -0.16071, 0.17821], [-0.12009, -0.10896, 0.19503], [-0.13625, -0.04826, 0.21093], [-0.1632, 0.0, 0.2263], [-0.08319, 0.04516, 0.16669], [-0.0458, 0.1075, 0.09993], [0.0, -0.13914, 0.06602], [0.32683, -0.6458, -0.04641], [1.00698, -0.8257, -0.03333], [1.64927, -0.28768, 0.0]], "3-5": [[-1.38128, 0.62231, -0.11582], [-1.35532, 0.64901, -0.10663], [-1.3174, 0.68197, -0.09617], [-1.2613, 0.72141, -0.08524], [-1.23564, 0.74461, -0.05698], [-1.25438, 0.74063, -0.02733], [-1.27944, 0.72843, 0.0], [-1.01921, 0.82417, 0.02722], [-0.76309, 0.83042, 0.05052], [-0.53828, 0.77294, 0.04617], [-0.46205, 0.735, 0.05353], [-0.39179, 0.69067, 0.05995], [-0.32755, 0.64005, 0.06726], [-0.26955, 0.58807, 0.0647], [-0.21507, 0.53169, 0.05491], [-0.16298, 0.46278, 0.05147], [-0.10504, 0.35833, 0.05625], [-0.0637, 0.26554, 0.02427], [0.0, 0.13337, -0.077], [0.20079, -0.35961, -0.19249], [0.45716, -0.42985, -0.24875], [0.7184, -0.37871, -0.16246], [0.89837, -0.37329, 0.12173], [1.25025, -0.52484, 0.24084], [1.64927, -0.28768, 0.0]], "2-3": [[-0.16392, 0.47382, 0.0], [-0.12569, 0.40707, -0.03518], [-0.103, 0.34674, -0.06807], [-0.08967, 0.28231, -0.10168], [-0.09284, 0.22025, -0.14131], [-0.09759, 0.14913, -0.16807], [-0.11037, 0.08915, -0.18926], [-0.12533, 0.05642, -0.2033], [-0.14118, 0.02814, -0.21456], [-0.1632, 0.0, -0.2263], [-0.38965, -0.16394, -0.22981], [-0.58574, -0.24225, -0.10125], [-0.66664, -0.29701, 0.07065], [-0.73689, -0.40124, 0.17882], [-0.84741, -0.52564, 0.23971], [-1.02214, -0.60618, 0.24624], [-1.29069, -0.60556, 0.1974], [-1.58269, -0.3902, 0.09496], [-1.7, 0.0, 0.0], [-1.69034, 0.1203, -0.0223], [-1.66071, 0.23852, -0.04745], [-1.61224, 0.34998, -0.07129], [-1.55309, 0.44983, -0.08202], [-1.48246, 0.53493, -0.09663], [-1.38128, 0.62231, -0.11582]], "3-4": [[-1.38128, 0.62231, -0.11582], [-1.26981, 0.6646, -0.16172], [-1.22805, 0.63829, -0.20214], [-1.11805, 0.64204, -0.22778], [-1.01709, 0.60053, -0.24712], [-0.96795, 0.56276, -0.24805], [-0.91183, 0.5254, -0.24033], [-0.86715, 0.48157, -0.2228], [-0.81918, 0.43956, -0.19773], [-0.80144, 0.40172, -0.16462], [-0.79952, 0.38576, -0.14518], [-0.80196, 0.3702, -0.12025], [-0.79604, 0.3579, -0.0973], [-0.78142, 0.34636, -0.07433], [-0.77614, 0.33594, -0.03468], [-0.76811, 0.33135, -0.00214], [-0.72853, 0.32769, 0.06672], [-0.69718, 0.33156, 0.10938], [-0.64789, 0.35579, 0.1731], [-0.59104, 0.39468, 0.22042], [-0.49794, 0.41815, 0.24555], [-0.40748, 0.43332, 0.24653], [-0.24559, 0.39792, 0.2065], [-0.10863, 0.28541, 0.1328], [0.0, -0.10213, -0.11528]]}}