{"graph": "k5e", "genus": 2, "class": 25, "representative": {"1": [3, 4, 5], "2": [3, 5, 4], "3": [1, 2, 4, 5], "4": [1, 2, 5, 3], "5": [1, 2, 3, 4]}, "vertices": {"1": [0.93173, -0.83226, -0.05283], "2": [0.40252, -0.6016, -0.18814], "3": [0.85193, -0.37541, 0.12191], "4": [-1.64927, -0.28768, 0.0], "5": [0.51533, 0.0, 0.0]}, "edges": {"1-3": [[0.93173, -0.83226, -0.05283], [1.03302, -0.81487, -0.062], [1.13617, -0.78331, -0.07042], [1.26546, -0.72952, -0.05408], [1.34053, -0.68307, -0.05112], [1.40693, -0.63153, -0.04934], [1.47929, -0.56199, -0.04452], [1.52779, -0.50433, -0.04092], [1.5779, -0.431, -0.03731], [1.61633, -0.36072, -0.03273], [1.63014, -0.33101, -0.03013], [1.64128, -0.3044, -0.02813], [1.65148, -0.2774, -0.02612], [1.66135, -0.24829, -0.02355], [1.67144, -0.21413, -0.02023], [1.68003, -0.17954, -0.0169], [1.69114, -0.12017, -0.01061], [1.69781, -0.06012, -0.00431], [1.7, -0.0, 0.0], [1.6459, -0.24486, 0.0901], [1.5028, -0.4252, 0.17247], [1.37153, -0.47709, 0.22413], [1.14728, -0.5092, 0.24868], [0.95994, -0.44885, 0.21071], [0.85193, -0.37541, 0.12191]], "2-5": [[0.40252, -0.6016, -0.18814], [0.5421, -0.66293, -0.204], [0.6252, -0.68317, -0.2123], [0.75111, -0.68534, -0.22717], [0.86987, -0.67506, -0.23459], [0.98312, -0.63896, -0.24178], [1.08647, -0.56664, -0.24811], [1.16411, -0.49411, -0.24851], [1.23021, -0.43079, -0.24766], [1.2522, -0.36898, -0.24306], [1.29477, -0.31737, -0.24304], [1.31233, -0.26248, -0.23919], [1.3225, -0.20297, -0.23336], [1.32901, -0.14879, -0.22814], [1.33049, -0.0921, -0.22223], [1.32921, -0.03659, -0.2176], [1.30238, 0.06704, -0.20301], [1.24151, 0.17828, -0.18143], [1.18909, 0.25006, -0.17367], [1.09379, 0.31764, -0.15158], [0.97848, 0.36919, -0.14203], [0.82802, 0.36327, -0.10009], [0.66162, 0.29444, -0.0727], [0.55398, 0.16661, -0.04387], [0.51533, 0.0, 0.0]], "1-4": [[0.93173, -0.83226, -0.05283], [0.70453, -0.81937, -0.05995], [0.50511, -0.75788, -0.04829], [0.3493, -0.66275, -0.05014], [0.17766, -0.49048, -0.02891], [0.08353, -0.32127, -0.03019], [0.0, -0.11445, 0.10305], [-0.04978, 0.13077, 0.10119], [-0.08683, 0.1403, 0.15776], [-0.15929, 0.21217, 0.20651], [-0.2259, 0.2612, 0.23097], [-0.30208, 0.30585, 0.24505], [-0.36816, 0.30812, 0.24845], [-0.4663, 0.34352, 0.23853], [-0.51988, 0.32852, 0.21778], [-0.56834, 0.32063, 0.1908], [-0.66422, 0.31326, 0.10924], [-0.75131, 0.32899, 0.0357], [-0.83221, 0.35201, -0.06796], [-0.9077, 0.38934, -0.14803], [-1.05668, 0.44299, -0.2245], [-1.26096, 0.43569, -0.24878], [-1.492, 0.33983, -0.21438], [-1.65884, 0.09129, -0.12885], [-1.64927, -0.28768, 0.0]], "2-3": [[0.40252, -0.6016, -0.18814], [0.48795, -0.6269, -0.20826], [0.54132, -0.63761, -0.21793], [0.57793, -0.63515, -0.22683], [0.63213, -0.63561, -0.2347], [0.65488, -0.60915, -0.24369], [0.68166, -0.58347, -0.24817], [0.72489, -0.57765, -0.24878], [0.75866, -0.56107, -0.24777], [0.81128, -0.53502, -0.24258], [0.84861, -0.51641, -0.23694], [0.86129, -0.50236, -0.23194], [0.86597, -0.48785, -0.2258], [0.86261, -0.47252, -0.21803], [0.87495, -0.45717, -0.20904], [0.89308, -0.44161, -0.19892], [0.90792, -0.41588, -0.17822], [0.8875, -0.39557, -0.15356], [0.9087, -0.37252, -0.12256], [0.92761, -0.35293, -0.0878], [0.9182, -0.34408, -0.05251], [0.93585, -0.33522, -0.01385], [0.90032, -0.34401, 0.03815], [0.87811, -0.35649, 0.08071], [0.85193, -0.37541, 0.12191]], "3-4": [[0.85193, -0.37541, 0.12191], [0.80033, -0.34002, 0.02696], [0.72099, -0.33252, -0.08891], [0.62046, -0.34429, -0.17825], [0.5732, -0.35953, -0.21017], [0.5287, -0.38335, -0.2333], [0.41783, -0.35271, -0.24725], [0.38545, -0.37058, -0.24862], [0.33396, -0.36842, -0.24391], [0.2722, -0.3396, -0.23361], [0.25263, -0.33343, -0.22799], [0.23458, -0.31975, -0.22359], [0.21699, -0.30522, -0.21878], [0.2004, -0.29209, -0.21331], [0.1783, -0.28187, -0.20265], [0.15713, -0.27041, -0.19074], [0.12647, -0.24957, -0.17022], [0.09083, -0.20263, -0.14522], [0.07337, -0.19088, -0.12337], [0.05849, -0.1748, -0.10195], [0.04053, -0.10994, -0.08231], [0.0, 0.15316, 0.0161], [-0.42728, 0.71405, 0.05759], [-1.33715, 0.68631, 0.04761], [-1.64927, -0.28768, 0.0]], "1-5": [[0.93173, -0.83226, -0.05283], [1.04241, -0.80927, -0.07412], [1.15891, -0.76805, -0.0892], [1.25104, -0.71818, -0.10414], [1.39477, -0.61934, -0.10255], [1.45889, -0.54299, -0.12186], [1.54402, -0.41938, -0.13186], [1.59578, -0.28818, -0.14942], [1.62782, -0.17408, -0.15315], [1.63922, -0.07821, -0.15831], [1.63722, -0.02858, -0.16462], [1.63064, 0.01351, -0.17222], [1.62187, 0.06569, -0.17832], [1.60648, 0.13726, -0.18371], [1.57386, 0.21882, -0.19429], [1.52724, 0.29847, -0.2059], [1.44541, 0.40537, -0.21757], [1.34032, 0.49251, -0.22935], [1.23367, 0.5383, -0.24052], [1.0669, 0.57787, -0.24782], [0.85609, 0.56709, -0.2475], [0.77117, 0.51669, -0.23924], [0.59471, 0.34309, -0.19107], [0.5293, 0.15905, -0.10318], [0.51533, 0.0, 0.0]], "2-4": [[0.40252, -0.6016, -0.18814], [0.25284, -0.5113, -0.14716], [0.10481, -0.33155, -0.09133], [0.0, -0.03202, -0.15064], [-0.43691, 0.62426, 0.18952], [-1.14541, 0.56151, 0.24585], [-1.35395, -0.03549, 0.22951], [-1.06942, -0.36178, 0.17804], [-0.67414, -0.31291, 0.09732], [-0.51533, 0.0, 0.0], [-0.51542, 0.01079, -0.00632], [-0.51586, 0.02408, -0.01253], [-0.51666, 0.03737, -0.01873], [-0.51705, 0.06212, -0.04378], [-0.51469, 0.07683, -0.06671], [-0.51045, 0.08743, -0.08693], [-0.50522, 0.13692, -0.1284], [-0.49019, 0.19615, -0.17711], [-0.50576, 0.30245, -0.21369], [-0.56453, 0.42296, -0.23655], [-0.65352, 0.54122, -0.24842], [-0.80879, 0.64458, -0.24281], [-1.2556, 0.63168, -0.19571], [-1.60366, 0.33326, -0.10907], [-1.64927, -0.28768, 0.0]], "4-5": [[-1.64927, -0.28768, 0.0], [-1.69431, -0.09765, 0.0], [-1.69431, 0.09765, 0.0], [-1.64927, 0.28768, 0.0], [-1.02963, 0.82171, 0.03032], [-0.3288, 0.64999, 0.0343], [0.0, 0.11445, 0.10305], [0.03438, -0.07113, -0.08099], [0.05079, -0.1166, -0.10797], [0.07263, -0.0838, -0.15014], [0.08754, -0.08029, -0.16834], [0.09977, -0.08454, -0.18024], [0.11554, -0.09691, -0.19273], [0.13302, -0.11283, -0.2041], [0.15172, -0.11824, -0.2153], [0.17138, -0.11127, -0.22595], [0.20662, -0.1027, -0.23932], [0.24367, -0.0961, -0.24692], [0.28016, -0.0916, -0.2487], [0.33076, -0.06826, -0.24148], [0.38502, -0.05952, -0.22074], [0.43325, -0.05838, -0.18819], [0.47376, -0.0292, -0.13934], [0.50449, -0.0199, -0.07446], [0.51533, 0.0, 0.0]], "3-5": [[0.85193, -0.37541, 0.12191], [0.80177, -0.38712, 0.14657], [0.75018, -0.39486, 0.16877], [0.70064, -0.39693, 0.18617], [0.66753, -0.38553, 0.18886], [0.63472, -0.37099, 0.19144], [0.58974, -0.34472, 0.1946], [0.55991, -0.31496, 0.19211], [0.53474, -0.28625, 0.19059], [0.51365, -0.25728, 0.18899], [0.50785, -0.24027, 0.18444], [0.5037, -0.22443, 0.17957], [0.50011, -0.20869, 0.17454], [0.49761, -0.19315, 0.16889], [0.49559, -0.17778, 0.16308], [0.49404, -0.16259, 0.1571], [0.49439, -0.14101, 0.14589], [0.50205, -0.13377, 0.1314], [0.50835, -0.12631, 0.11665], [0.50383, -0.09654, 0.10743], [0.50378, -0.07295, 0.09529], [0.50891, -0.0631, 0.07653], [0.51283, -0.04573, 0.05206], [0.51458, -0.02102, 0.02626], [0.51533, 0.0, 0.0]]}}