{"graph": "k5e", "genus": 2, "class": 4, "representative": {"1": [3, 4, 5], "2": [3, 4, 5], "3": [1, 2, 4, 5], "4": [1, 2, 3, 5], "5": [1, 4, 3, 2]}, "vertices": {"1": [-1.23648, -0.76599, 0.03129], "2": [-0.53511, 0.00208, -0.00208], "3": [0.01546, -0.13309, 0.09977], "4": [-0.42478, 0.7367, 0.05217], "5": [-0.3624, 0.65532, 0.12939]}, "edges": {"1-3": [[-1.23648, -0.76599, 0.03129], [-1.18826, -0.77488, 0.08348], [-1.14769, -0.80376, 0.04664], [-1.1062, -0.81897, 0.03947], [-1.0693, -0.82763, 0.03182], [-1.03446, -0.83583, 0.02444], [-1.00148, -0.84359, 0.01743], [-0.97229, -0.85143, -0.00208], [-0.95249, -0.85463, -0.01154], [-0.98395, -0.84659, -0.02416], [-1.01645, -0.8383, -0.03708], [-1.0508, -0.82956, -0.05053], [-1.08678, -0.81715, -0.06856], [-1.12856, -0.80169, -0.08284], [-1.16573, -0.78046, -0.09606], [-1.20322, -0.75611, -0.11406], [-1.2411, -0.73033, -0.12823], [-1.28122, -0.69992, -0.14245], [-1.31476, -0.66656, -0.15511], [-1.34448, -0.62855, -0.17099], [-1.37434, -0.59181, -0.18458], [-1.40273, -0.54922, -0.19586], [-1.42257, -0.5041, -0.20851], [-1.44252, -0.46036, -0.21906], [-1.46086, -0.41335, -0.22912], [-1.46949, -0.3646, -0.23812], [-1.47838, -0.31726, -0.24527], [-1.48497, -0.2681, -0.25281], [-1.48229, -0.21873, -0.25813], [-1.48011, -0.17078, -0.26175], [-1.47484, -0.12244, -0.26564], [-1.46127, -0.0752, -0.26742], [-1.44841, -0.02948, -0.26742], [-1.43203, 0.01481, -0.26742], [-1.40794, 0.05684, -0.26547], [-1.38494, 0.09718, -0.26148], [-1.3585, 0.13415, -0.2579], [-1.32525, 0.16818, -0.25085], [-1.29438, 0.19941, -0.2425], [-1.25952, 0.22908, -0.23562], [-1.22087, 0.25524, -0.22249], [-1.18365, 0.27729, -0.2121], [-1.14083, 0.2933, -0.19503], [-1.10214, 0.30136, -0.17382], [-1.05942, 0.30518, -0.14432], [-1.02213, 0.30865, -0.11575], [-0.98187, 0.31287, -0.082], [-0.94594, 0.31535, -0.0478], [-0.90691, 0.32038, -0.01718], [-0.87191, 0.32341, 0.01764], [-0.83279, 0.32661, 0.04826], [-0.79744, 0.33048, 0.08259], [-0.75735, 0.33462, 0.11586], [-0.72049, 0.33761, 0.14423], [-0.67775, 0.34249, 0.17356], [-0.63633, 0.34747, 0.20117], [-0.59184, 0.34861, 0.22094], [-0.54361, 0.35182, 0.2394], [-0.49793, 0.35119, 0.2543], [-0.44511, 0.35188, 0.26353], [-0.39065, 0.35146, 0.26742], [-0.33481, 0.34894, 0.26501], [-0.29715, 0.32488, 0.26061], [-0.25882, 0.30011, 0.25616], [-0.21469, 0.27592, 0.24402], [-0.17259, 0.25149, 0.22735], [-0.13677, 0.2247, 0.2085], [-0.10022, 0.19796, 0.18352], [-0.06587, 0.16813, 0.1567], [-0.05518, 0.12283, 0.14803], [-0.04318, 0.07902, 0.13716], [-0.03016, 0.03421, 0.12169], [0.00946, -0.00762, 0.10209], [0.01426, -0.05401, 0.09881], [0.01546, -0.13309, 0.09977]], "2-4": [[-0.53511, 0.00208, -0.00208], [-0.52656, 0.0207, -0.07217], [-0.51854, 0.04767, -0.10557], [-0.50247, 0.07622, -0.14024], [-0.48568, 0.10313, -0.17385], [-0.46722, 0.13655, -0.20319], [-0.44979, 0.17228, -0.22336], [-0.42914, 0.21014, -0.24267], [-0.41085, 0.25312, -0.25747], [-0.3983, 0.29651, -0.26443], [-0.38544, 0.34378, -0.26742], [-0.37789, 0.39268, -0.26675], [-0.37952, 0.43865, -0.26043], [-0.38302, 0.48767, -0.25206], [-0.39707, 0.53243, -0.24211], [-0.41197, 0.57805, -0.2274], [-0.43331, 0.6191, -0.2123], [-0.45554, 0.66245, -0.19435], [-0.48825, 0.69521, -0.18001], [-0.51993, 0.72481, -0.1642], [-0.5518, 0.75437, -0.14321], [-0.58473, 0.78028, -0.12531], [-0.62155, 0.80429, -0.10141], [-0.6565, 0.8176, -0.08363], [-0.68947, 0.83029, -0.06643], [-0.72059, 0.84153, -0.04518], [-0.7506, 0.84971, -0.02831], [-0.78437, 0.85542, -0.01147], [-0.74748, 0.85185, 0.00208], [-0.71477, 0.84433, 0.00747], [-0.6806, 0.83648, 0.01293], [-0.64463, 0.82823, 0.01852], [-0.6069, 0.8196, 0.02431], [-0.56501, 0.80345, 0.02968], [-0.52712, 0.78597, 0.03498], [-0.48875, 0.76826, 0.04039], [-0.42478, 0.7367, 0.05217]], "3-5": [[0.01546, -0.13309, 0.09977], [0.00206, -0.17365, 0.04477], [0.0335, -0.21701, 0.04367], [0.04271, -0.25193, 0.0243], [0.05392, -0.29347, 0.00344], [0.06751, -0.33695, -0.02083], [0.08775, -0.3749, -0.04338], [0.11394, -0.41847, -0.04729], [0.13966, -0.45958, -0.05097], [0.16721, -0.49987, -0.06167], [0.20242, -0.53773, -0.06552], [0.23637, -0.57483, -0.06677], [0.28155, -0.63367, -0.03405], [0.32397, -0.6654, -0.03713], [0.36349, -0.69366, -0.04063], [0.40303, -0.7219, -0.04441], [0.44815, -0.74922, -0.04883], [0.49326, -0.7678, -0.05787], [0.5381, -0.78748, -0.05866], [0.58311, -0.80724, -0.05946], [0.63487, -0.82239, -0.0538], [0.68401, -0.83121, -0.06013], [0.73302, -0.84084, -0.06252], [0.78659, -0.84806, -0.06427], [0.8362, -0.84807, -0.06424], [0.88578, -0.84793, -0.06468], [0.93534, -0.84762, -0.06565], [0.9888, -0.83923, -0.06477], [1.03785, -0.82912, -0.06381], [1.08684, -0.81884, -0.06341], [1.13895, -0.80424, -0.06253], [1.18458, -0.78482, -0.06], [1.23052, -0.76607, -0.05375], [1.27592, -0.74608, -0.0518], [1.32151, -0.71636, -0.04918], [1.36232, -0.68706, -0.04649], [1.40315, -0.65774, -0.04387], [1.4445, -0.62309, -0.04295], [1.4776, -0.58658, -0.04132], [1.51069, -0.55008, -0.0397], [1.54373, -0.51365, -0.03808], [1.57316, -0.46863, -0.03561], [1.59803, -0.42613, -0.03286], [1.62261, -0.38415, -0.03], [1.64674, -0.33825, -0.02674], [1.66123, -0.29512, -0.02235], [1.67513, -0.254, -0.01754], [1.68826, -0.2154, -0.0122], [1.70112, -0.1755, -0.00623], [1.70477, -0.14177, 0.00522], [1.70728, -0.11042, 0.01272], [1.70963, -0.0805, 0.02022], [1.7087, -0.0768, 0.03277], [1.70788, -0.07273, 0.04468], [1.69664, -0.09005, 0.08124], [1.66956, -0.11403, 0.13607], [1.59134, -0.13349, 0.2186], [1.43515, -0.14422, 0.26742], [1.3214, -0.14546, 0.24607], [1.26071, -0.16188, 0.21597], [1.2224, -0.1693, 0.18799], [1.19489, -0.19807, 0.17744], [1.16688, -0.22432, 0.16501], [1.13571, -0.24332, 0.15088], [1.10521, -0.26539, 0.13713], [1.07375, -0.27965, 0.12302], [1.03846, -0.29249, 0.10161], [1.00685, -0.30123, 0.08053], [0.97123, -0.3079, 0.05176], [0.94091, -0.31379, 0.02317], [0.90717, -0.31986, -0.01284], [0.87834, -0.32645, -0.04678], [0.84596, -0.33822, -0.08935], [0.82056, -0.35826, -0.13325], [0.78554, -0.37722, -0.17097], [0.74851, -0.38919, -0.19264], [0.71253, -0.40525, -0.21418], [0.67311, -0.42028, -0.23473], [0.63327, -0.42849, -0.24534], [0.59169, -0.4405, -0.25722], [0.55579, -0.41561, -0.25743], [0.5188, -0.39017, -0.25768], [0.48167, -0.3643, -0.2595], [0.44313, -0.33697, -0.26172], [0.40456, -0.30945, -0.26465], [0.36127, -0.28265, -0.26742], [0.32133, -0.25302, -0.26742], [0.27734, -0.22381, -0.26631], [0.23851, -0.19178, -0.26053], [0.19644, -0.15926, -0.25238], [0.16071, -0.12087, -0.23997], [0.11512, -0.0506, -0.21671], [0.07948, -0.02618, -0.18893], [0.04798, -0.0011, -0.15621], [0.02848, 0.03186, -0.13313], [0.00782, 0.06401, -0.11189], [0.00121, 0.0964, -0.09113], [-0.00805, 0.12898, -0.06612], [-0.02172, 0.15927, -0.03733], [-0.02852, 0.19924, -0.01477], [-0.03372, 0.24482, 0.00334], [-0.06545, 0.2894, 0.06467], [-0.07956, 0.33432, 0.08285], [-0.10071, 0.37107, 0.09354], [-0.12169, 0.40793, 0.09807], [-0.14884, 0.44599, 0.1042], [-0.17589, 0.48196, 0.11169], [-0.20514, 0.52055, 0.10734], [-0.23818, 0.55163, 0.11477], [-0.26997, 0.58383, 0.11839], [-0.30175, 0.61602, 0.122], [-0.3624, 0.65532, 0.12939]],