{"graph": "k5e", "genus": 2, "class": 17, "representative": {"1": [3, 4, 5], "2": [3, 4, 5], "3": [1, 2, 5, 4], "4": [1, 2, 3, 5], "5": [1, 3, 2, 4]}, "vertices": {"1": [0.0, 0.11738, 0.0997], "2": [0.11564, -0.38571, -0.04298], "3": [1.7, -0.0, 0.0], "4": [-1.7, 0.0, 0.0], "5": [0.32191, 0.0, -0.24254]}, "edges": {"1-3": [[0.0, 0.11738, 0.0997], [0.04128, -0.10333, -0.0904], [0.06145, -0.13256, -0.12336], [0.09649, -0.13543, -0.16962], [0.13927, -0.17639, -0.19954], [0.19501, -0.22397, -0.22397], [0.24586, -0.23784, -0.24008], [0.31273, -0.26333, -0.24839], [0.37773, -0.26997, -0.24544], [0.45191, -0.27982, -0.22848], [0.47617, -0.26545, -0.21418], [0.49906, -0.25069, -0.19555], [0.52317, -0.24591, -0.17564], [0.55112, -0.25712, -0.15905], [0.57549, -0.25811, -0.13493], [0.60494, -0.26829, -0.11044], [0.64582, -0.27464, -0.04465], [0.6871, -0.2987, 0.02254], [0.71448, -0.33102, 0.0919], [0.76089, -0.39645, 0.16749], [0.85182, -0.48132, 0.22266], [0.98565, -0.54655, 0.24681], [1.29998, -0.54418, 0.22404], [1.52819, -0.44494, 0.1312], [1.7, -0.0, 0.0]], "2-4": [[0.11564, -0.38571, -0.04298], [0.08815, -0.32893, -0.03933], [0.06244, -0.26516, -0.02899], [0.0, -0.13607, 0.07214], [-0.1256, 0.12071, 0.19785], [-0.37439, 0.06662, 0.22633], [-0.51533, 0.0, 0.0], [-0.51514, -0.02745, 0.02527], [-0.51461, -0.05959, 0.05358], [-0.51311, -0.09319, 0.08387], [-0.5163, -0.11792, 0.09476], [-0.52167, -0.14251, 0.10346], [-0.52178, -0.17036, 0.1258], [-0.51965, -0.2086, 0.15562], [-0.5314, -0.24537, 0.16839], [-0.54066, -0.28855, 0.18815], [-0.56195, -0.37361, 0.22055], [-0.61669, -0.47403, 0.24143], [-0.6789, -0.5587, 0.24872], [-0.8196, -0.65955, 0.2392], [-0.95375, -0.72456, 0.20672], [-1.13378, -0.70641, 0.18559], [-1.43107, -0.57368, 0.12002], [-1.61383, -0.35272, 0.06196], [-1.7, 0.0, 0.0]], "1-4": [[0.0, 0.11738, 0.0997], [-0.07219, 0.29285, 0.02885], [-0.11273, 0.38083, 0.04093], [-0.22933, 0.55099, 0.04708], [-0.3458, 0.65494, 0.06679], [-0.47203, 0.73549, 0.07014], [-0.6204, 0.79192, 0.08246], [-0.7309, 0.81494, 0.08828], [-0.85868, 0.82323, 0.09261], [-0.96742, 0.8124, 0.10116], [-1.04818, 0.79071, 0.11478], [-1.12062, 0.7633, 0.12586], [-1.1739, 0.74058, 0.12943], [-1.22275, 0.71615, 0.13188], [-1.28608, 0.68017, 0.13201], [-1.33729, 0.64331, 0.13438], [-1.39452, 0.59196, 0.1395], [-1.47569, 0.51334, 0.13316], [-1.54723, 0.40925, 0.13576], [-1.5911, 0.3298, 0.13224], [-1.6254, 0.2694, 0.11587], [-1.6506, 0.21415, 0.09993], [-1.68199, 0.12406, 0.06528], [-1.69633, 0.05459, 0.03067], [-1.7, 0.0, 0.0]], "2-5": [[0.11564, -0.38571, -0.04298], [0.18657, -0.49985, -0.04066], [0.26514, -0.58495, -0.06114], [0.33466, -0.6434, -0.07379], [0.43734, -0.71555, -0.07193], [0.58245, -0.77602, -0.09122], [0.70562, -0.80653, -0.09808], [0.84657, -0.81784, -0.10487], [1.00564, -0.79653, -0.12059], [1.16913, -0.73243, -0.14369], [1.25029, -0.68666, -0.15056], [1.33245, -0.62002, -0.1631], [1.41758, -0.5386, -0.16776], [1.50006, -0.43055, -0.17174], [1.55229, -0.29357, -0.18995], [1.59192, -0.18621, -0.18709], [1.59626, 0.04894, -0.20095], [1.52207, 0.27378, -0.21502], [1.38623, 0.45872, -0.22478], [1.1739, 0.58804, -0.23728], [0.95076, 0.64581, -0.24144], [0.69654, 0.59202, -0.24785], [0.50076, 0.47717, -0.24874], [0.34475, 0.237, -0.2474], [0.32191, 0.0, -0.24254]], "1-5": [[0.0, 0.11738, 0.0997], [0.04035, -0.09057, -0.09187], [0.06225, -0.09457, -0.13356], [0.10273, -0.08748, -0.18269], [0.13504, -0.11473, -0.20528], [0.17261, -0.10846, -0.2267], [0.21285, -0.09737, -0.24119], [0.23667, -0.09072, -0.24609], [0.26214, -0.07871, -0.2486], [0.28457, -0.07736, -0.24845], [0.29378, -0.07667, -0.2478], [0.30405, -0.07277, -0.24662], [0.31511, -0.06661, -0.24477], [0.3244, -0.05771, -0.24268], [0.33428, -0.04653, -0.23996], [0.34426, -0.03577, -0.23674], [0.35397, -0.03614, -0.2334], [0.36336, -0.03585, -0.22971], [0.37187, -0.02961, -0.2258], [0.37278, -0.02392, -0.22524], [0.37374, -0.01825, -0.22467], [0.37477, -0.01261, -0.22409], [0.35754, -0.00795, -0.23157], [0.3395, -0.00304, -0.23785], [0.32191, 0.0, -0.24254]], "3-4": [[1.7, -0.0, 0.0], [1.63604, -0.18645, 0.13819], [1.51059, -0.24459, 0.22611], [1.34722, -0.28725, 0.24744], [1.21665, -0.31538, 0.22039], [1.13446, -0.29414, 0.16146], [1.06574, -0.29082, 0.08033], [1.02332, -0.30195, 0.01139], [0.97449, -0.3293, -0.05179], [0.96479, -0.35291, -0.1085], [0.91593, -0.38087, -0.13767], [0.90467, -0.40394, -0.16542], [0.90036, -0.42978, -0.19003], [0.85494, -0.45899, -0.21003], [0.82748, -0.4859, -0.22534], [0.78388, -0.51066, -0.23682], [0.6485, -0.54156, -0.24852], [0.53456, -0.54862, -0.24468], [0.46371, -0.55414, -0.23259], [0.26822, -0.47987, -0.18285], [0.11421, -0.32331, -0.11711], [0.0, 0.04917, -0.14595], [-0.67289, 0.54589, 0.24829], [-1.09306, 0.31831, -0.15172], [-1.7, 0.0, 0.0]], "4-5": [[-1.7, 0.0, 0.0], [-1.06546, 0.3436, -0.1589], [-0.64579, 0.51322, 0.24607], [0.0, -0.01665, -0.1531], [0.27228, -0.52962, -0.15065], [0.67341, -0.68932, -0.21709], [1.10059, -0.52277, -0.24824], [1.27693, -0.24763, -0.22486], [1.24295, 0.05373, -0.14163], [1.09322, 0.256, -0.04157], [0.97036, 0.32631, 0.02511], [0.82806, 0.35936, 0.0907], [0.67676, 0.347, 0.14736], [0.53169, 0.28155, 0.18994], [0.4118, 0.1678, 0.22071], [0.32191, 0.0, 0.24254], [0.37356, 0.0, 0.22459], [0.42163, 0.0, 0.19453], [0.46117, -0.00064, 0.15496], [0.49772, -0.00117, 0.09193], [0.51445, -0.00158, 0.02093], [0.50984, -0.00239, -0.052], [0.47347, -0.00041, -0.13812], [0.4079, 0.0, -0.20472], [0.32191, 0.0, -0.24254]], "2-3": [[0.11564, -0.38571, -0.04298], [0.15682, -0.45819, -0.037], [0.20601, -0.5256, -0.03827], [0.26262, -0.58691, -0.04688], [0.31734, -0.63664, -0.05108], [0.36285, -0.67375, -0.04691], [0.41094, -0.70754, -0.04272], [0.47638, -0.74542, -0.0403], [0.52773, -0.77, -0.03806], [0.58066, -0.79102, -0.03582], [0.62084, -0.80381, -0.03721], [0.66964, -0.8159, -0.04188], [0.71904, -0.82496, -0.04653], [0.77226, -0.83125, -0.05137], [0.82315, -0.83628, -0.04485], [0.87428, -0.83802, -0.03825], [0.97295, -0.83122, -0.03227], [1.07286, -0.80923, -0.04481], [1.17519, -0.77536, -0.04283], [1.30644, -0.71005, -0.02974], [1.41458, -0.62933, -0.02784], [1.51679, -0.5223, -0.0233], [1.62235, -0.35167, -0.01647], [1.67884, -0.18684, -0.00833], [1.7, -0.0, 0.0]], "3-5": [[1.7, -0.0, 0.0], [1.68523, 0.15595, -0.00957], [1.63571, 0.31824, -0.02843], [1.57478, 0.4355, -0.03952], [1.51607, 0.51691, -0.04964], [1.44917, 0.5874, -0.06395], [1.3677, 0.65495, -0.07556], [1.28305, 0.70928, -0.08421], [1.20605, 0.74645, -0.09261], [1.13763, 0.77156, -0.09947], [1.09234, 0.78366, -0.10538], [1.03436, 0.79394, -0.11469], [0.97606, 0.79958, -0.1238], [0.92505, 0.80135, -0.13059], [0.88539, 0.80124, -0.13442], [0.84942, 0.79856, -0.13906], [0.77889, 0.78761, -0.14886], [0.68999, 0.76001, -0.16497], [0.60746, 0.72214, -0.17944], [0.50884, 0.65606, -0.19751], [0.42733, 0.58514, -0.20914], [0.36237, 0.51164, -0.21758], [0.28959, 0.33625, -0.23907], [0.27915, 0.15402, -0.24867], [0.32191, 0.0, -0.24254]]}}