{"graph": "k5e", "genus": 2, "class": 0, "representative": {"1": [3, 4, 5], "2": [3, 4, 5], "3": [1, 2, 4, 5], "4": [1, 2, 3, 5], "5": [1, 2, 3, 4]}, "vertices": {"1": [-0.3221, 0.04744, 0.26265], "2": [-1.08728, 0.228, -0.00692], "3": [-0.5231, 0.66479, -0.2175], "4": [0.01979, -0.11198, 0.10103], "5": [-0.85889, -0.8564, -0.00208]}, "edges": {"1-3": [[-0.3221, 0.04744, 0.26265], [-0.38751, 0.07173, 0.24225], [-0.43133, 0.07636, 0.2167], [-0.46977, 0.08174, 0.18359], [-0.50211, 0.08447, 0.14544], [-0.52871, 0.09285, 0.10323], [-0.54649, 0.10476, 0.0623], [-0.55797, 0.11954, 0.01494], [-0.56087, 0.13383, -0.03287], [-0.56182, 0.15557, -0.07955], [-0.5573, 0.18254, -0.12287], [-0.54888, 0.21434, -0.16139], [-0.53923, 0.24636, -0.19125], [-0.52948, 0.287, -0.21936], [-0.52078, 0.33141, -0.24078], [-0.51837, 0.3749, -0.25461], [-0.51513, 0.42239, -0.26371], [-0.51806, 0.47092, -0.26742], [-0.52808, 0.51522, -0.26742], [-0.53975, 0.56273, -0.26169], [-0.55357, 0.60906, -0.25178], [-0.5231, 0.66479, -0.2175]], "2-4": [[-1.08728, 0.228, -0.00692], [-1.04536, 0.26606, 0.03146], [-1.01477, 0.28842, 0.05094], [-0.97951, 0.31128, 0.07453], [-0.94564, 0.32911, 0.09472], [-0.90686, 0.34773, 0.1188], [-0.86956, 0.36206, 0.13961], [-0.82704, 0.37768, 0.16366], [-0.78846, 0.38693, 0.18089], [-0.7454, 0.39343, 0.19799], [-0.70249, 0.40268, 0.21545], [-0.65733, 0.40456, 0.23012], [-0.61072, 0.40942, 0.24261], [-0.56438, 0.40608, 0.25359], [-0.51472, 0.404, 0.26058], [-0.46853, 0.3957, 0.26608], [-0.41855, 0.38685, 0.26742], [-0.37247, 0.37203, 0.26742], [-0.32359, 0.35639, 0.26214], [-0.27586, 0.33796, 0.25477], [-0.23407, 0.31431, 0.24387], [-0.18856, 0.28853, 0.23008], [-0.1542, 0.25875, 0.21293], [-0.1178, 0.2288, 0.19155], [-0.08734, 0.19625, 0.17044], [-0.05687, 0.16103, 0.14442], [-0.03375, 0.12586, 0.11582], [-0.01874, 0.08724, 0.0923], [-0.00935, 0.0469, 0.07341], [-0.03965, 0.00486, 0.06017], [-0.03128, -0.03783, 0.06268], [0.01263, -0.06837, 0.07888], [0.01979, -0.11198, 0.10103]], "3-5": [[-0.5231, 0.66479, -0.2175], [-0.58518, 0.697, -0.21445], [-0.63146, 0.70985, -0.21916], [-0.67637, 0.71862, -0.21972], [-0.72182, 0.72699, -0.22064], [-0.76799, 0.73481, -0.22206], [-0.81789, 0.73973, -0.22054], [-0.86609, 0.74276, -0.21833], [-0.91495, 0.74507, -0.21664], [-0.96687, 0.74444, -0.21258], [-1.01656, 0.74207, -0.20673], [-1.06742, 0.74241, -0.19822], [-1.11877, 0.72752, -0.19735], [-1.16628, 0.71022, -0.19341], [-1.21427, 0.69264, -0.18956], [-1.25997, 0.66774, -0.19105], [-1.30087, 0.64053, -0.18879], [-1.34214, 0.61292, -0.18664], [-1.37908, 0.58243, -0.18994], [-1.41513, 0.54495, -0.18876], [-1.44845, 0.50885, -0.18809], [-1.48121, 0.47209, -0.18836], [-1.51201, 0.42939, -0.18618], [-1.53856, 0.38764, -0.18382], [-1.56402, 0.34516, -0.18292], [-1.58733, 0.29784, -0.18115], [-1.6052, 0.25177, -0.17807], [-1.62187, 0.20517, -0.17645], [-1.63702, 0.15474, -0.17532], [-1.64568, 0.10649, -0.17135], [-1.65316, 0.0579, -0.1687], [-1.65952, 0.00904, -0.16735], [-1.6598, -0.04371, -0.16299], [-1.65764, -0.09351, -0.15957], [-1.65834, -0.14418, -0.15001], [-1.64866, -0.19633, -0.14715], [-1.63583, -0.24422, -0.14262], [-1.62256, -0.29229, -0.13874], [-1.60618, -0.34335, -0.13485], [-1.58516, -0.3878, -0.12784], [-1.56384, -0.43223, -0.12132], [-1.54236, -0.47661, -0.11506], [-1.51603, -0.52139, -0.09778], [-1.48317, -0.55985, -0.09372], [-1.4503, -0.59826, -0.08977], [-1.41254, -0.63764, -0.08524], [-1.37344, -0.66866, -0.07868], [-1.33411, -0.69975, -0.07239], [-1.29442, -0.731, -0.06633], [-1.2465, -0.75895, -0.0538], [-1.19912, -0.78052, -0.04963], [-1.15068, -0.80254, -0.04568], [-1.09542, -0.82073, -0.04442], [-1.0414, -0.83236, -0.04303], [-0.98205, -0.84547, -0.03837], [-0.884, -0.85419, -0.02318], [-0.78914, -0.85583, -0.00752], [-0.85889, -0.8564, -0.00208]], "1-5": [[-0.3221, 0.04744, 0.26265], [-0.31057, -0.0207, 0.2645], [-0.30667, -0.063, 0.26628], [-0.29876, -0.10647, 0.26742], [-0.30508, -0.14568, 0.26742], [-0.31328, -0.18601, 0.26742], [-0.32431, -0.22708, 0.26742], [-0.33873, -0.26842, 0.26742], [-0.35676, -0.30956, 0.26742], [-0.37828, -0.35018, 0.26742], [-0.40282, -0.39014, 0.26742], [-0.4297, -0.42959, 0.26742], [-0.4556, -0.47229, 0.26698], [-0.49248, -0.50097, 0.26665], [-0.52955, -0.5297, 0.26634], [-0.56741, -0.55844, 0.26493], [-0.61442, -0.576, 0.26559], [-0.66124, -0.59236, 0.26647], [-0.70911, -0.60674, 0.2658], [-0.75638, -0.6184, 0.26547], [-0.80483, -0.62723, 0.26525], [-0.85271, -0.63254, 0.26411], [-0.90081, -0.63465, 0.26366], [-0.94992, -0.63326, 0.26287], [-0.99813, -0.62866, 0.26169], [-1.04625, -0.6211, 0.26113], [-1.09476, -0.60999, 0.25969], [-1.14145, -0.59578, 0.25841], [-1.18643, -0.57793, 0.25798], [-1.22998, -0.55583, 0.25657], [-1.27342, -0.53453, 0.25379], [-1.31307, -0.50756, 0.25312], [-1.35147, -0.47579, 0.25006], [-1.3868, -0.44283, 0.24818], [-1.42121, -0.40632, 0.2475], [-1.4512, -0.36841, 0.24436], [-1.47918, -0.32873, 0.2424], [-1.50585, -0.28594, 0.24145], [-1.52839, -0.24297, 0.2378], [-1.54932, -0.19911, 0.23496], [-1.57226, -0.15582, 0.23013], [-1.58812, -0.10784, 0.2229], [-1.59736, -0.05955, 0.21987], [-1.60638, -0.01177, 0.21696], [-1.61252, 0.03814, 0.21049], [-1.61788, 0.08468, 0.20304], [-1.62368, 0.08614, 0.19814], [-1.62588, 0.08722, 0.19558], [-1.62808, 0.0883, 0.19301], [-1.63027, 0.08938, 0.19045], [-1.63247, 0.09046, 0.18788], [-1.63467, 0.09154, 0.18532], [-1.63686, 0.09262, 0.18275], [-1.63906, 0.0937, 0.18019], [-1.64125, 0.09478, 0.17762], [-1.64345, 0.09586, 0.17506], [-1.64565, 0.09694, 0.17249], [-1.65829, 0.05578, 0.16325], [-1.67025, 0.01257, 0.15335], [-1.66981, -0.03606, 0.14983], [-1.66708, -0.08275, 0.14605], [-1.66368, -0.13068, 0.14323], [-1.65707, -0.18276, 0.14053], [-1.64472, -0.22995, 0.13559], [-1.63154, -0.27745, 0.13184], [-1.61762, -0.32511, 0.12926], [-1.59549, -0.37417, 0.12413], [-1.57288, -0.4191, 0.11911], [-1.54972, -0.46389, 0.11503], [-1.52207, -0.51077, 0.10589], [-1.49029, -0.54928, 0.09925], [-1.45826, -0.58783, 0.09307], [-1.42597, -0.62551, 0.08932], [-1.38356, -0.65969, 0.08276], [-1.34382, -0.6911, 0.07638], [-1.30393, -0.72258, 0.07013], [-1.25727, -0.75173, 0.06204], [-1.21208, -0.77496, 0.04784], [-1.16588, -0.79676, 0.03706], [-1.11457, -0.81869, 0.02539], [-1.06444, -0.83078, 0.01197], [-1.0127, -0.84238, -0.00642], [-0.94586, -0.85579, -0.00789], [-0.92864, -0.85585, 0.00739], [-0.85889, -0.8564, -0.00208]],