{"graph": "k5e", "genus": 2, "class": 2, "representative": {"1": [3, 4, 5], "2": [3, 4, 5], "3": [1, 2, 4, 5], "4": [1, 2, 3, 5], "5": [1, 3, 2, 4]}, "vertices": {"1": [0.96343, -0.38254, 0.15351], "2": [0.08238, -0.32125, -0.01963], "3": [0.50525, 0.0, -0.07009], "4": [0.40103, -0.68698, -0.08654], "5": [0.90451, 0.46286, 0.21378]}, "edges": {"1-3": [[0.96343, -0.38254, 0.15351], [0.9078, -0.36627, 0.11067], [0.86233, -0.3531, 0.06831], [0.82339, -0.34312, 0.02637], [0.77867, -0.33524, -0.02393], [0.73225, -0.33212, -0.07599], [0.68955, -0.32228, -0.0989], [0.64923, -0.31245, -0.12332], [0.60347, -0.30343, -0.15358], [0.58058, -0.30347, -0.17113], [0.56996, -0.30329, -0.17835], [0.55532, -0.29581, -0.18305], [0.5408, -0.28761, -0.18751], [0.52894, -0.27871, -0.19014], [0.5176, -0.27052, -0.19312], [0.50765, -0.2673, -0.19775], [0.49425, -0.25535, -0.20058], [0.4811, -0.24488, -0.20418], [0.46814, -0.23015, -0.20643], [0.46213, -0.2, -0.19996], [0.45662, -0.17121, -0.19448], [0.45263, -0.1469, -0.19022], [0.47086, -0.09519, -0.15722], [0.48744, -0.0431, -0.11914], [0.50525, 0.0, -0.07009]], "2-4": [[0.08238, -0.32125, -0.01963], [0.0946, -0.34746, -0.02776], [0.11453, -0.38823, -0.02821], [0.13564, -0.42692, -0.02504], [0.15705, -0.46147, -0.02395], [0.18051, -0.49542, -0.02329], [0.20621, -0.52776, -0.02952], [0.22447, -0.5487, -0.03398], [0.24346, -0.56896, -0.03842], [0.26316, -0.58851, -0.04285], [0.27273, -0.59747, -0.04512], [0.28246, -0.60627, -0.04738], [0.29233, -0.61489, -0.04964], [0.30059, -0.62193, -0.05137], [0.30602, -0.62648, -0.05235], [0.31116, -0.63071, -0.05328], [0.31826, -0.63618, -0.05541], [0.32542, -0.64156, -0.05753], [0.33265, -0.64684, -0.05964], [0.34101, -0.65238, -0.06323], [0.34945, -0.65777, -0.06681], [0.35798, -0.66301, -0.07037], [0.37302, -0.67164, -0.07682], [0.38693, -0.6795, -0.0817], [0.40103, -0.68698, -0.08654]], "3-5": [[0.50525, 0.0, -0.07009], [0.47561, 0.02251, -0.13588], [0.4389, 0.05596, -0.1829], [0.39539, 0.09733, -0.21862], [0.33303, 0.15974, -0.24508], [0.28556, 0.22807, -0.24755], [0.2479, 0.30659, -0.23144], [0.25042, 0.378, -0.21568], [0.25525, 0.45404, -0.18795], [0.28413, 0.54148, -0.15152], [0.31849, 0.59053, -0.13627], [0.33028, 0.61899, -0.11298], [0.35411, 0.64911, -0.09496], [0.38361, 0.6817, -0.07013], [0.44976, 0.73141, -0.03886], [0.56062, 0.78646, 0.0], [0.52962, 0.77163, 0.03281], [0.52405, 0.76167, 0.06668], [0.53757, 0.7549, 0.09929], [0.52098, 0.71932, 0.14465], [0.55774, 0.69759, 0.18396], [0.58739, 0.66585, 0.21408], [0.72586, 0.63596, 0.24207], [0.8385, 0.56284, 0.24707], [0.90451, 0.46286, 0.21378]], "2-3": [[0.08238, -0.32125, -0.01963], [0.05826, -0.25691, -0.0118], [0.03747, -0.18395, -0.00961], [0.0, -0.09675, 0.11982], [-0.04282, 0.08518, 0.09916], [-0.08157, 0.06271, 0.1635], [-0.14542, 0.09165, 0.21392], [-0.24365, 0.07112, 0.24731], [-0.35024, 0.04031, 0.23484], [-0.44289, 0.03141, 0.17667], [-0.48147, 0.01716, 0.12596], [-0.50655, 0.0111, 0.06616], [-0.51533, 0.0, 0.0], [-0.63914, -0.31185, 0.13205], [-1.0363, -0.435, 0.21651], [-1.42095, -0.12743, 0.24827], [-1.27471, 0.54911, 0.22932], [-0.51122, 0.71855, 0.13963], [0.0, 0.12382, -0.09158], [0.06801, -0.20625, -0.10616], [0.11426, -0.2259, -0.16544], [0.18681, -0.22898, -0.21919], [0.29386, -0.1735, -0.24878], [0.43042, -0.08852, -0.19474], [0.50525, 0.0, -0.07009]], "3-4": [[0.50525, 0.0, -0.07009], [0.47233, 0.00116, -0.13982], [0.42093, 0.00852, -0.19515], [0.35601, 0.01815, -0.23227], [0.31164, 0.01586, -0.2447], [0.26891, 0.01318, -0.24877], [0.22548, 0.00875, -0.24536], [0.20424, 0.00464, -0.24085], [0.18353, 0.00032, -0.23452], [0.1632, 0.0, -0.2263], [0.11463, -0.03103, -0.19651], [0.08075, -0.03521, -0.16454], [0.05488, -0.06665, -0.12614], [0.04141, -0.07703, -0.09777], [0.02954, -0.04714, -0.07127], [0.0, 0.11561, 0.10175], [-0.38264, 0.69049, 0.03384], [-1.21553, 0.75952, 0.03171], [-1.7, 0.0, 0.0], [-1.00553, 0.40894, -0.19225], [-0.58095, 0.42715, 0.23462], [0.0, -0.13752, -0.06933], [0.10331, -0.35198, -0.06094], [0.21999, -0.52951, -0.07417], [0.40103, -0.68698, -0.08654]], "4-5": [[0.40103, -0.68698, -0.08654], [0.48509, -0.73172, -0.09643], [0.56939, -0.75729, -0.11913], [0.64397, -0.77142, -0.13577], [0.76312, -0.78213, -0.15368], [0.88707, -0.77215, -0.17139], [0.98779, -0.73824, -0.19292], [1.06218, -0.70129, -0.20711], [1.14882, -0.64157, -0.22229], [1.22923, -0.55671, -0.23679], [1.25105, -0.51852, -0.24198], [1.26942, -0.47952, -0.24572], [1.28528, -0.44271, -0.24778], [1.29921, -0.4029, -0.24874], [1.30985, -0.36313, -0.24842], [1.31781, -0.32238, -0.24678], [1.32644, -0.23297, -0.23874], [1.32006, -0.14435, -0.22358], [1.3011, -0.07465, -0.20297], [1.25256, 0.04007, -0.15242], [1.20631, 0.10794, -0.09831], [1.15768, 0.17437, -0.03448], [1.09525, 0.2617, 0.06662], [1.02725, 0.3581, 0.15241], [0.90451, 0.46286, 0.21378]], "1-4": [[0.96343, -0.38254, 0.15351], [1.00919, -0.40831, 0.19279], [1.06947, -0.44226, 0.22668], [1.13767, -0.48014, 0.24599], [1.22649, -0.4873, 0.24812], [1.28973, -0.49609, 0.24021], [1.38694, -0.4748, 0.21913], [1.43557, -0.47177, 0.19638], [1.4764, -0.47222, 0.16628], [1.54262, -0.43217, 0.12249], [1.58817, -0.37549, 0.09967], [1.61573, -0.33705, 0.0782], [1.64222, -0.28948, 0.05432], [1.65589, -0.2607, 0.03554], [1.66721, -0.23063, 0.01626], [1.67556, -0.20129, 0.0], [1.64481, -0.29742, -0.01986], [1.61182, -0.36829, -0.03807], [1.54346, -0.47817, -0.05463], [1.41729, -0.61641, -0.06768], [1.25545, -0.72374, -0.08739], [1.0959, -0.78659, -0.09676], [0.84856, -0.82639, -0.08413], [0.62147, -0.78758, -0.09422], [0.40103, -0.68698, -0.08654]], "2-5": [[0.08238, -0.32125, -0.01963], [0.09284, -0.34481, -0.02275], [0.11261, -0.3861, -0.02087], [0.13737, -0.43124, -0.01653], [0.16896, -0.48075, -0.01027], [0.21033, -0.53505, -0.01303], [0.25611, -0.5864, -0.00891], [0.29503, -0.62405, -0.0058], [0.33331, -0.65667, -0.00257], [0.38108, -0.69222, 0.0], [0.31056, -0.63519, 0.03143], [0.2436, -0.5654, 0.05201], [0.19686, -0.5032, 0.0683], [0.1896, -0.47866, 0.0936], [0.16128, -0.42628, 0.10571], [0.13329, -0.36578, 0.1157], [0.12369, -0.30818, 0.14118], [0.11498, -0.22587, 0.16622], [0.11657, -0.14519, 0.18703], [0.12625, -0.09548, 0.20107], [0.14022, -0.04781, 0.21338], [0.1632, 0.0, 0.2263], [0.34326, 0.33614, 0.2477], [0.63619, 0.50112, 0.24487], [0.90451, 0.46286, 0.21378]], "1-5": [[0.96343, -0.38254, 0.15351], [0.98967, -0.37038, 0.14858], [1.0111, -0.35255, 0.13598], [1.03082, -0.33446, 0.12296], [1.05053, -0.31854, 0.11503], [1.06846, -0.30527, 0.1122], [1.07759, -0.29405, 0.10429], [1.08833, -0.28361, 0.10059], [1.10103, -0.27106, 0.09752], [1.11777, -0.25167, 0.09165], [1.12793, -0.24049, 0.09117], [1.13762, -0.22889, 0.09069], [1.14681, -0.21691, 0.09021], [1.1554, -0.20565, 0.09114], [1.16434, -0.19103, 0.08967], [1.17421, -0.17092, 0.08539], [1.19218, -0.13148, 0.08436], [1.20475, -0.09988, 0.08893], [1.214, -0.06629, 0.09215], [1.22342, -0.00938, 0.10027], [1.22869, 0.06985, 0.12345], [1.21964, 0.13034, 0.13533], [1.15861, 0.27551, 0.16609], [1.06648, 0.37514, 0.18744], [0.90451, 0.46286, 0.21378]]}}