{"graph": "k5e", "genus": 2, "class": 22, "representative": {"1": [3, 4, 5], "2": [3, 5, 4], "3": [1, 2, 4, 5], "4": [1, 2, 3, 5], "5": [1, 3, 2, 4]}, "vertices": {"1": [-0.26529, 0.56641, 0.09923], "2": [-0.3661, 0.34129, 0.24868], "3": [-1.25189, -0.03231, 0.15062], "4": [-1.64927, -0.28768, 0.0], "5": [1.56542, 0.12942, 0.21454]}, "edges": {"1-3": [[-0.26529, 0.56641, 0.09923], [-0.3339, 0.62319, 0.11126], [-0.41736, 0.68735, 0.10697], [-0.51123, 0.73264, 0.11875], [-0.61376, 0.76126, 0.13736], [-0.71176, 0.78076, 0.14498], [-0.81461, 0.78648, 0.15399], [-0.90588, 0.77951, 0.16225], [-0.98234, 0.75972, 0.17447], [-1.0554, 0.73149, 0.18611], [-1.09177, 0.71382, 0.19174], [-1.13645, 0.68739, 0.19924], [-1.17846, 0.65791, 0.20627], [-1.21397, 0.62875, 0.21226], [-1.25289, 0.58774, 0.22047], [-1.28362, 0.54675, 0.2278], [-1.32605, 0.47963, 0.2365], [-1.3625, 0.42749, 0.23924], [-1.37499, 0.37963, 0.24404], [-1.38775, 0.31131, 0.24786], [-1.38458, 0.25368, 0.24863], [-1.36982, 0.1836, 0.24382], [-1.33992, 0.0928, 0.22672], [-1.2973, 0.03564, 0.19658], [-1.25189, -0.03231, 0.15062]], "2-5": [[-0.3661, 0.34129, 0.24868], [-0.27465, 0.32931, 0.23613], [-0.21898, 0.31524, 0.21737], [-0.1629, 0.30136, 0.18521], [-0.09125, 0.23343, 0.13337], [-0.06465, 0.20749, 0.09826], [0.0, -0.13337, -0.077], [0.1202, -0.38487, -0.06328], [0.30069, -0.60571, -0.09146], [0.58626, -0.77641, -0.09348], [0.76972, -0.81895, -0.09121], [0.97956, -0.81748, -0.08447], [1.20705, -0.74224, -0.10066], [1.42949, -0.59714, -0.08558], [1.57736, -0.40958, -0.08254], [1.65965, -0.2181, -0.07375], [1.68235, 0.14466, -0.04981], [1.55274, 0.47214, -0.03034], [1.27944, 0.72843, 0.0], [1.32916, 0.69448, 0.03437], [1.39302, 0.63273, 0.0796], [1.43644, 0.5704, 0.11728], [1.52845, 0.41371, 0.15483], [1.54711, 0.30845, 0.18893], [1.56542, 0.12942, 0.21454]], "1-5": [[-0.26529, 0.56641, 0.09923], [-0.14662, 0.4261, 0.07357], [-0.09232, 0.32438, 0.06537], [0.0, 0.11639, -0.10085], [0.08909, -0.26033, -0.11561], [0.20133, -0.38896, -0.18008], [0.33623, -0.46909, -0.22316], [0.4406, -0.48394, -0.24424], [0.55955, -0.49238, -0.24826], [0.65645, -0.48131, -0.23868], [0.728, -0.46311, -0.2226], [0.77582, -0.43872, -0.20156], [0.82845, -0.42374, -0.18394], [0.82831, -0.39286, -0.15025], [0.88712, -0.36781, -0.10938], [0.92475, -0.35038, -0.07926], [0.96571, -0.32742, -0.02057], [1.00184, -0.31626, 0.0417], [1.05993, -0.30975, 0.11017], [1.13631, -0.30729, 0.17345], [1.22334, -0.31262, 0.22206], [1.34609, -0.27186, 0.24639], [1.43602, -0.17707, 0.24852], [1.52132, -0.03225, 0.23847], [1.56542, 0.12942, 0.21454]], "1-4": [[-0.26529, 0.56641, 0.09923], [-0.30332, 0.59997, 0.10539], [-0.34769, 0.64065, 0.1012], [-0.39485, 0.67933, 0.09395], [-0.42222, 0.6997, 0.08867], [-0.45242, 0.7194, 0.08461], [-0.49278, 0.73988, 0.08674], [-0.5065, 0.74681, 0.08601], [-0.52035, 0.75349, 0.08527], [-0.53433, 0.7599, 0.08454], [-0.53513, 0.76075, 0.08324], [-0.53593, 0.76159, 0.08193], [-0.53566, 0.76219, 0.08002], [-0.53293, 0.76197, 0.07744], [-0.53021, 0.7617, 0.07485], [-0.5275, 0.7614, 0.07225], [-0.55787, 0.77561, 0.06681], [-0.58889, 0.78849, 0.06133], [-0.62222, 0.80025, 0.05693], [-0.79103, 0.82948, 0.06581], [-0.94561, 0.83247, 0.0452], [-1.10558, 0.7953, 0.06422], [-1.48175, 0.5599, 0.04209], [-1.68318, 0.16063, 0.02552], [-1.64927, -0.28768, 0.0]], "2-3": [[-0.3661, 0.34129, 0.24868], [-0.38253, 0.33813, 0.24865], [-0.39878, 0.33461, 0.24768], [-0.43266, 0.35598, 0.24601], [-0.47799, 0.38199, 0.24309], [-0.52161, 0.39998, 0.23898], [-0.55085, 0.40317, 0.23382], [-0.56955, 0.40149, 0.2289], [-0.59578, 0.41137, 0.22599], [-0.62697, 0.4207, 0.22217], [-0.653, 0.42402, 0.21739], [-0.67697, 0.42344, 0.2112], [-0.69922, 0.42038, 0.20382], [-0.72304, 0.41694, 0.19552], [-0.74097, 0.41734, 0.19162], [-0.76572, 0.4224, 0.19069], [-0.81728, 0.42945, 0.18977], [-0.86012, 0.42065, 0.18005], [-0.8918, 0.40933, 0.16995], [-0.9425, 0.39385, 0.16094], [-1.01035, 0.37287, 0.16074], [-1.07321, 0.33326, 0.15308], [-1.18047, 0.22492, 0.14809], [-1.24949, 0.10694, 0.16368], [-1.25189, -0.03231, 0.15062]], "3-4": [[-1.25189, -0.03231, 0.15062], [-1.21715, -0.05011, 0.0934], [-1.19922, -0.0609, 0.03295], [-1.19882, -0.0785, -0.05119], [-1.21919, -0.07306, -0.10679], [-1.23889, -0.09861, -0.1483], [-1.28404, -0.06553, -0.18867], [-1.3278, -0.0566, -0.21792], [-1.37033, -0.07746, -0.23719], [-1.40284, -0.07652, -0.24503], [-1.42994, -0.06864, -0.24819], [-1.45413, -0.06314, -0.2487], [-1.47246, -0.05728, -0.24763], [-1.48965, -0.05338, -0.24543], [-1.50659, -0.04952, -0.2421], [-1.53011, -0.04401, -0.23545], [-1.56251, -0.03122, -0.22215], [-1.59498, 0.00559, -0.20302], [-1.62684, 0.05774, -0.17402], [-1.66001, 0.12692, -0.11843], [-1.66663, 0.20775, -0.05892], [-1.64927, 0.28768, 0.0], [-1.69431, 0.09765, 0.0], [-1.69431, -0.09765, 0.0], [-1.64927, -0.28768, 0.0], [-1.64927, -0.28768, 0.0]], "4-5": [[-1.64927, -0.28768, 0.0], [-1.38053, 0.65798, 0.02676], [-0.46984, 0.74365, 0.03027], [0.0, 0.10628, 0.11146], [0.03071, -0.0517, -0.07422], [0.04577, -0.1015, -0.10159], [0.06058, -0.08071, -0.13332], [0.10029, -0.0713, -0.18201], [0.1562, -0.09397, -0.21976], [0.22305, -0.08028, -0.244], [0.28429, -0.06787, -0.2484], [0.35043, -0.03944, -0.23476], [0.41288, -0.04225, -0.20263], [0.43989, -0.02918, -0.17943], [0.46439, -0.01872, -0.15142], [0.48579, -0.01143, -0.11792], [0.50184, -0.01057, -0.08126], [0.51194, -0.00325, -0.04101], [0.51533, 0.0, 0.0], [0.52256, 0.08708, 0.04369], [0.55468, 0.18995, 0.0853], [0.58702, 0.26115, 0.12455], [0.66684, 0.35711, 0.16424], [0.7903, 0.44008, 0.20074], [0.93319, 0.48586, 0.22743], [1.16585, 0.47844, 0.24763], [1.39482, 0.36657, 0.24217], [1.56542, 0.12942, 0.21454]], "2-4": [[-0.3661, 0.34129, 0.24868], [-0.41527, 0.3082, 0.24325], [-0.46572, 0.27637, 0.22227], [-0.49055, 0.2216, 0.1884], [-0.51729, 0.20104, 0.15326], [-0.54072, 0.18273, 0.10523], [-0.54757, 0.16075, 0.05782], [-0.55343, 0.15843, 0.01633], [-0.54343, 0.14063, -0.03007], [-0.52114, 0.12032, -0.08504], [-0.50868, 0.11655, -0.10979], [-0.49258, 0.10805, -0.13271], [-0.47264, 0.09978, -0.15647], [-0.4588, 0.09214, -0.16985], [-0.44323, 0.08431, -0.18329], [-0.41682, 0.07314, -0.20269], [-0.36349, 0.07049, -0.23116], [-0.31472, 0.05339, -0.24457], [-0.26655, 0.0, -0.24878], [-0.24454, -0.22846, -0.24064], [-0.33728, -0.49406, -0.21445], [-0.58347, -0.70212, -0.18892], [-0.96536, -0.79808, -0.12884], [-1.37268, -0.65518, -0.06447], [-1.64927, -0.28768, 0.0]], "3-5": [[-1.25189, -0.03231, 0.15062], [-1.20979, -0.1985, 0.16157], [-1.11285, -0.331, 0.1767], [-0.93823, -0.43186, 0.19597], [-0.78986, -0.46607, 0.21727], [-0.61073, -0.41617, 0.22421], [-0.44754, -0.31802, 0.23802], [-0.37215, -0.23706, 0.24351], [-0.30535, -0.12334, 0.2475], [-0.26655, 0.0, 0.24878], [-0.22741, 0.0127, 0.24566], [-0.19051, 0.02645, 0.23671], [-0.15607, 0.04108, 0.2223], [-0.11981, 0.06061, 0.19906], [-0.09376, 0.04441, 0.17773], [-0.06836, 0.05382, 0.14793], [-0.04749, 0.09404, 0.10722], [-0.0312, 0.04813, 0.07642], [0.0, -0.10628, 0.11146], [0.08514, -0.32676, -0.02437], [0.2048, -0.5271, -0.02316], [0.39845, -0.70267, -0.02258], [0.659, -0.81598, -0.02239], [0.97275, -0.8331, -0.01163], [1.27944, -0.72843, 0.0], [1.53266, -0.48353, 0.07567], [1.62402, -0.18664, 0.15419], [1.56542, 0.12942, 0.21454]]}}