{"graph": "k5e", "genus": 2, "class": 26, "representative": {"1": [3, 4, 5], "2": [3, 5, 4], "3": [1, 2, 4, 5], "4": [1, 2, 5, 3], "5": [1, 3, 2, 4]}, "vertices": {"1": [0.98288, 0.38158, -0.18749], "2": [0.79492, -0.4018, -0.19564], "3": [0.39907, 0.00085, -0.2337], "4": [0.01948, -0.08715, 0.13187], "5": [0.16799, -0.00085, 0.24882]}, "edges": {"1-3": [[0.98288, 0.38158, -0.18749], [0.96656, 0.43815, -0.22968], [0.91415, 0.43791, -0.22156], [0.86406, 0.434, -0.21729], [0.81495, 0.42893, -0.21342], [0.76558, 0.41861, -0.21354], [0.72046, 0.40674, -0.21283], [0.67635, 0.38914, -0.21418], [0.63708, 0.36962, -0.21394], [0.59999, 0.34387, -0.21464], [0.56793, 0.31667, -0.21299], [0.53923, 0.28344, -0.21233], [0.51511, 0.25024, -0.20914], [0.49505, 0.21228, -0.20797], [0.47736, 0.17381, -0.2051], [0.46473, 0.13627, -0.20486], [0.45228, 0.09666, -0.20456], [0.45546, 0.06198, -0.19717], [0.4554, 0.02536, -0.19297], [0.39907, 0.00085, -0.2337]], "2-5": [[0.79492, -0.4018, -0.19564], [0.72575, -0.40791, -0.21195], [0.70189, -0.40428, -0.2167], [0.67585, -0.39981, -0.22145], [0.65005, -0.39536, -0.22615], [0.63672, -0.37707, -0.21849], [0.63066, -0.34727, -0.20348], [0.6263, -0.31661, -0.1806], [0.623, -0.28634, -0.15397], [0.62015, -0.26351, -0.12512], [0.61711, -0.23677, -0.08899], [0.61124, -0.21307, -0.04826], [0.59993, -0.19431, -0.00855], [0.58779, -0.18138, 0.03733], [0.56727, -0.16755, 0.08347], [0.53927, -0.1566, 0.12748], [0.50639, -0.15015, 0.16808], [0.46667, -0.14011, 0.20438], [0.42441, -0.12859, 0.23113], [0.37254, -0.11781, 0.25238], [0.31636, -0.10707, 0.2652], [0.25673, -0.0932, 0.26742], [0.19646, -0.0781, 0.25675], [0.13513, -0.06243, 0.23035], [0.16799, -0.00085, 0.24882]], "3-5": [[0.39907, 0.00085, -0.2337], [0.37647, 0.06386, -0.24679], [0.36335, 0.10478, -0.25449], [0.34691, 0.14915, -0.26141], [0.33594, 0.19292, -0.26653], [0.32234, 0.23931, -0.26742], [0.31513, 0.28591, -0.26742], [0.30666, 0.33648, -0.26113], [0.3009, 0.38889, -0.25308], [0.31182, 0.43193, -0.24508], [0.32419, 0.47516, -0.23624], [0.33666, 0.52165, -0.22244], [0.35599, 0.56812, -0.20923], [0.37562, 0.61291, -0.18664], [0.40473, 0.6515, -0.17088], [0.43372, 0.69195, -0.15079], [0.47212, 0.72052, -0.14062], [0.50887, 0.74442, -0.12863], [0.5453, 0.7682, -0.1166], [0.58067, 0.79188, -0.09983], [0.62116, 0.80964, -0.08496], [0.65636, 0.82241, -0.06897], [0.68923, 0.8345, -0.04859], [0.72072, 0.84296, -0.03207], [0.75105, 0.85117, -0.0156], [0.76269, 0.85484, 0.00441], [0.73099, 0.84706, 0.01412], [0.69821, 0.83905, 0.02392], [0.6635, 0.83059, 0.03404], [0.62642, 0.82157, 0.04472], [0.58609, 0.8062, 0.06617], [0.55048, 0.78489, 0.08157], [0.51326, 0.76274, 0.09736], [0.47612, 0.73726, 0.11683], [0.43596, 0.70786, 0.13065], [0.40197, 0.67557, 0.14136], [0.3681, 0.64185, 0.1542], [0.33718, 0.60423, 0.16925], [0.3052, 0.56299, 0.1774], [0.27699, 0.52251, 0.18425], [0.24884, 0.48185, 0.19127], [0.22884, 0.43344, 0.20402], [0.2109, 0.38712, 0.20958], [0.1931, 0.34036, 0.2154], [0.17518, 0.29036, 0.22037], [0.1611, 0.24108, 0.22172], [0.14708, 0.19114, 0.22325], [0.13356, 0.13784, 0.22344], [0.12325, 0.0862, 0.2199], [0.11292, 0.03431, 0.21635], [0.16799, -0.00085, 0.24882]], "2-4": [[0.79492, -0.4018, -0.19564], [0.81786, -0.36101, -0.13891], [0.82532, -0.3384, -0.08862], [0.82722, -0.32521, -0.0349], [0.83286, -0.3237, 0.02042], [0.8381, -0.33361, 0.07509], [0.84275, -0.35471, 0.12681], [0.84671, -0.38627, 0.17325], [0.84986, -0.42705, 0.21222], [0.85214, -0.47525, 0.24178], [0.85344, -0.52862, 0.26047], [0.85359, -0.5846, 0.26742], [0.85232, -0.64044, 0.26242], [0.84921, -0.69348, 0.24601], [0.84374, -0.74132, 0.21938], [0.83545, -0.78205, 0.18426], [0.8241, -0.81434, 0.1427], [0.81003, -0.83755, 0.09681], [0.79687, -0.849, 0.06138], [0.76096, -0.85171, 0.03027], [0.72831, -0.84778, -0.00208], [0.69327, -0.83995, -0.00566], [0.65492, -0.83143, -0.00907], [0.61359, -0.82231, -0.01221], [0.56709, -0.80611, -0.01444], [0.52452, -0.78699, -0.01591], [0.48087, -0.76743, -0.01707], [0.43655, -0.74758, -0.01805], [0.39195, -0.71726, -0.01801], [0.35154, -0.68792, -0.01786], [0.31113, -0.65856, -0.01784], [0.26995, -0.62336, -0.0176], [0.23681, -0.58666, -0.0169], [0.20379, -0.55006, -0.01641], [0.17089, -0.51358, -0.01608], [0.14136, -0.46954, -0.01504], [0.11591, -0.42566, -0.00873], [0.09112, -0.38301, -0.00343], [0.06556, -0.33362, -0.00488], [0.04631, -0.28101, -0.02528], [0.03131, -0.23677, -0.01002], [0.03118, -0.19896, 0.01837], [0.03631, -0.15385, 0.04273], [0.01886, -0.13845, 0.08667], [0.01948, -0.08715, 0.13187]], "4-5": [[0.01948, -0.08715, 0.13187], [0.01221, -0.01508, 0.11098], [-0.02062, 0.00035, 0.10837], [-0.04156, 0.00602, 0.14454], [-0.06223, 0.01792, 0.17073], [-0.08249, 0.02778, 0.19208], [-0.12007, 0.03784, 0.22128], [-0.16255, 0.04476, 0.24435], [-0.20866, 0.04833, 0.26001], [-0.25688, 0.04868, 0.26742], [-0.3053, 0.04614, 0.26619], [-0.34766, 0.0416, 0.25708], [-0.39165, 0.03446, 0.23866], [-0.43113, 0.02549, 0.21296], [-0.46443, 0.01497, 0.18172], [-0.49048, 0.00301, 0.14769], [-0.50771, -0.00679, 0.11853], [-0.52138, -0.02266, 0.08873], [-0.53059, -0.04032, 0.06609], [-0.53749, -0.05878, 0.04028], [-0.54419, -0.08174, 0.02864], [-0.55408, -0.11452, 0.03553], [-0.58259, -0.17404, 0.04532], [-0.65594, -0.25804, 0.05787], [-0.73274, -0.30293, 0.05787], [-0.84953, -0.32719, 0.0538], [-0.92719, -0.32358, 0.06611], [-0.99118, -0.31039, 0.08672], [-1.03535, -0.29505, 0.10238], [-1.06422, -0.28378, 0.11908], [-1.08905, -0.27411, 0.13089], [-1.11009, -0.26473, 0.14267], [-1.13198, -0.25054, 0.15447], [-1.15703, -0.23869, 0.16767], [-1.1721, -0.21568, 0.16523], [-1.18695, -0.18896, 0.16468], [-1.20165, -0.16243, 0.16408], [-1.21334, -0.11947, 0.15957], [-1.22837, -0.06285, 0.15957], [-1.23364, -0.01267, 0.15957], [-1.22369, 0.05737, 0.15135], [-1.20607, 0.12792, 0.15295], [-1.17917, 0.1933, 0.15957], [-1.13942, 0.24375, 0.15619], [-1.10824, 0.28861, 0.1663], [-1.08633, 0.32375, 0.18368], [-1.06792, 0.36165, 0.20374], [-1.04986, 0.39537, 0.22085], [-1.03187, 0.43404, 0.23803], [-1.01328, 0.46968, 0.24922], [-0.99758, 0.50782, 0.25982], [-0.97963, 0.54152, 0.26607], [-0.96284, 0.57894, 0.26742], [-0.94619, 0.61549, 0.26675], [-0.91233, 0.59577, 0.26742], [-0.87934, 0.57934, 0.26742], [-0.84618, 0.55757, 0.26666], [-0.81282, 0.53986, 0.26287], [-0.77971, 0.51359, 0.25838], [-0.74724, 0.46765, 0.24419], [-0.72004, 0.42331, 0.22382], [-0.68858, 0.38475, 0.20762], [-0.66086, 0.34273, 0.18149], [-0.64274, 0.31598, 0.16924], [-0.61977, 0.27215, 0.13728], [-0.60899, 0.25121, 0.12523], [-0.59399, 0.20913, 0.08494], [-0.59408, 0.19161, 0.03416], [-0.57491, 0.15669, -0.02592], [-0.52844, 0.1491, -0.13662], [-0.31089, 0.20799, -0.26742], [-0.15381, 0.21957, -0.22151], [-0.10237, 0.19492, -0.18685], [-0.08155, 0.14004, -0.17793], [-0.06836, 0.10654, -0.16719], [-0.05013, 0.06999, -0.14742], [-0.03617, 0.03236, -0.13008], [0.01121, -0.00301, -0.11712], [0.01602, -0.04334, -0.12565], [0.0109, -0.09331, -0.15238], [0.03752, -0.12793, -0.14232], [0.04791, -0.16441, -0.12907], [0.06236, -0.20685, -0.1369], [0.07948, -0.24796, -0.14276], [0.09582, -0.28874, -0.14636], [0.1156, -0.32507, -0.15548], [0.15366, -0.33915, -0.18619], [0.19432, -0.34614, -0.21407], [0.23713, -0.34808, -0.2375], [0.278, -0.34638, -0.25372], [0.32415, -0.3362, -0.2644], [0.37069, -0.32008, -0.26742], [0.4161, -0.29897, -0.2614], [0.45861, -0.27428, -0.2456], [0.4964, -0.24768, -0.22004], [0.52773, -0.22084, -0.18546], [0.55117, -0.19531, -0.14324], [0.56561, -0.1723, -0.09527], [0.57039, -0.15261, -0.04386], [0.56537, -0.13651, 0.00838], [0.55456, -0.12626, 0.0591], [0.5354, -0.11249, 0.10234], [0.50691, -0.10006, 0.14588], [0.47106, -0.08873, 0.1844], [0.43052, -0.08053, 0.21761], [0.38429, -0.06909, 0.24355], [0.33418, -0.05752, 0.26031], [0.28216, -0.0458, 0.26742], [0.23023, -0.03389, 0.26492], [0.16799, -0.00085, 0.24882]],