{"graph": "k5e", "genus": 2, "class": 28, "representative": {"1": [3, 4, 5], "2": [3, 5, 4], "3": [1, 2, 4, 5], "4": [1, 2, 5, 3], "5": [1, 4, 3, 2]}, "vertices": {"1": [1.08833, -0.26929, 0.0706], "2": [-0.64119, 0.81245, 0.0], "3": [0.51337, 0.0, 0.03118], "4": [1.37673, 0.66281, 0.0], "5": [-0.43674, -0.64013, 0.17736]}, "edges": {"1-3": [[1.08833, -0.26929, 0.0706], [1.07148, -0.28767, 0.0827], [1.05351, -0.30551, 0.09458], [1.03528, -0.32292, 0.10746], [1.01844, -0.33634, 0.11602], [1.00068, -0.34885, 0.12385], [0.98211, -0.36069, 0.13151], [0.96488, -0.36635, 0.13186], [0.94727, -0.37049, 0.13108], [0.92777, -0.37203, 0.1269], [0.91559, -0.37199, 0.12335], [0.90349, -0.37161, 0.11975], [0.89201, -0.37212, 0.11851], [0.87976, -0.37341, 0.11924], [0.86746, -0.37429, 0.11996], [0.85791, -0.3735, 0.11833], [0.8371, -0.36983, 0.11256], [0.81538, -0.36557, 0.10786], [0.78389, -0.36156, 0.11014], [0.72455, -0.33932, 0.10091], [0.67993, -0.30668, 0.07484], [0.6467, -0.28189, 0.06728], [0.57404, -0.20249, 0.05402], [0.52744, -0.10455, 0.04438], [0.51337, 0.0, 0.03118]], "2-5": [[-0.64119, 0.81245, 0.0], [-0.30777, 0.6351, 0.0108], [-0.09797, 0.35685, 0.01834], [0.0, 0.07925, 0.13205], [0.0352, -0.02906, -0.09018], [0.06979, -0.02174, -0.15185], [0.13325, 0.0, -0.21005], [0.09224, 0.16119, -0.15932], [0.11883, 0.37289, -0.07763], [0.21455, 0.54066, 0.0], [0.19238, 0.5126, 0.01211], [0.1727, 0.48419, 0.02537], [0.15495, 0.45486, 0.03857], [0.15109, 0.44552, 0.04851], [0.14032, 0.42331, 0.05913], [0.12738, 0.39443, 0.06999], [0.11544, 0.36307, 0.08158], [0.10518, 0.33095, 0.09278], [0.09611, 0.29872, 0.10213], [0.09061, 0.26283, 0.11681], [0.08715, 0.22104, 0.13271], [0.08707, 0.17498, 0.14922], [0.09398, 0.11421, 0.17062], [0.10977, 0.05316, 0.19161], [0.13325, 0.0, 0.21005], [0.14229, -0.34657, 0.14287], [0.32906, -0.63627, 0.07976], [0.71283, -0.82834, 0.0], [0.33113, -0.65372, -0.02172], [0.10649, -0.37087, -0.03365], [0.0, -0.1359, 0.07245], [-0.05741, 0.09888, 0.12479], [-0.14632, 0.07502, 0.21558], [-0.29654, 0.0, 0.24697], [-0.23419, -0.1995, 0.24055], [-0.29501, -0.43516, 0.21796], [-0.43674, -0.64013, 0.17736]], "1-4": [[1.08833, -0.26929, 0.0706], [1.14138, -0.25056, 0.12562], [1.22243, -0.20277, 0.17577], [1.29871, -0.14176, 0.21197], [1.35004, -0.08132, 0.23013], [1.398, -0.01809, 0.24309], [1.45007, 0.06169, 0.24877], [1.45485, 0.1185, 0.24831], [1.46961, 0.1794, 0.24482], [1.48427, 0.24616, 0.23565], [1.48782, 0.2723, 0.23074], [1.49052, 0.30164, 0.22429], [1.49163, 0.3337, 0.21624], [1.48835, 0.36692, 0.20814], [1.48246, 0.40085, 0.19925], [1.47433, 0.43461, 0.18958], [1.45725, 0.47807, 0.17824], [1.43925, 0.51892, 0.165], [1.41769, 0.55851, 0.15098], [1.39779, 0.58948, 0.13895], [1.37425, 0.62199, 0.12444], [1.34646, 0.65462, 0.10841], [1.36164, 0.66089, 0.07227], [1.35863, 0.67306, 0.03728], [1.37673, 0.66281, 0.0]], "2-3": [[-0.64119, 0.81245, 0.0], [-0.49461, 0.75551, -0.03423], [-0.36452, 0.66957, -0.06565], [-0.27256, 0.57188, -0.10245], [-0.21106, 0.48641, -0.12028], [-0.15282, 0.38636, -0.12932], [-0.12468, 0.29699, -0.14842], [-0.10907, 0.18181, -0.17256], [-0.10878, 0.084, -0.18841], [-0.12523, 0.0, -0.20474], [-0.33182, -0.30196, -0.24832], [-0.60028, -0.4158, -0.2266], [-0.8581, -0.39592, -0.15269], [-1.05048, -0.28533, -0.00828], [-1.22753, -0.10456, 0.13472], [-1.31468, 0.20358, 0.23069], [-1.07368, 0.64119, 0.23422], [-0.43942, 0.67432, 0.14549], [0.0, 0.13337, -0.077], [0.07984, -0.20824, -0.12676], [0.17707, -0.24241, -0.21132], [0.29918, -0.22328, -0.24857], [0.41668, -0.13572, -0.21225], [0.48978, -0.05999, -0.11916], [0.51337, 0.0, 0.03118]], "3-4": [[0.51337, 0.0, 0.03118], [0.51036, 0.01646, 0.05134], [0.50724, 0.03836, 0.07042], [0.50404, 0.06095, 0.08905], [0.49952, 0.09585, 0.11539], [0.49568, 0.13274, 0.14003], [0.49318, 0.17042, 0.16193], [0.49188, 0.20432, 0.17947], [0.49288, 0.24079, 0.19521], [0.49689, 0.27896, 0.20876], [0.50054, 0.30293, 0.21619], [0.50541, 0.32753, 0.22292], [0.51079, 0.35005, 0.22838], [0.51712, 0.37328, 0.23336], [0.52953, 0.40866, 0.23945], [0.55414, 0.45682, 0.245], [0.58991, 0.51617, 0.24857], [0.62086, 0.56101, 0.24819], [0.66103, 0.61237, 0.24345], [0.70423, 0.64588, 0.23819], [0.75639, 0.66727, 0.23461], [0.77435, 0.69193, 0.22566], [0.8169, 0.72716, 0.20829], [0.93379, 0.75593, 0.18413], [0.99326, 0.76711, 0.16469], [1.12567, 0.76923, 0.11259], [1.24112, 0.74398, 0.04808], [1.37673, 0.66281, 0.0]], "1-5": [[1.08833, -0.26929, 0.0706], [1.04975, -0.286, -0.01186], [1.00939, -0.32561, -0.0855], [0.95618, -0.37924, -0.14685], [0.95659, -0.41701, -0.18704], [0.89092, -0.47493, -0.21991], [0.85079, -0.52784, -0.24029], [0.77385, -0.55678, -0.24707], [0.72465, -0.57316, -0.24875], [0.66456, -0.57399, -0.24841], [0.62291, -0.58425, -0.2459], [0.59779, -0.60078, -0.24074], [0.5647, -0.60328, -0.23595], [0.52485, -0.59442, -0.23212], [0.49382, -0.5883, -0.22778], [0.4624, -0.58182, -0.22228], [0.41924, -0.57253, -0.2124], [0.35582, -0.54328, -0.1999], [0.30028, -0.51346, -0.18493], [0.23883, -0.4658, -0.16833], [0.17197, -0.40197, -0.14303], [0.10728, -0.31453, -0.11143], [0.08292, -0.27261, -0.09452], [0.02667, -0.06405, -0.12405], [0.0, 0.06548, -0.13939], [-0.81848, 0.57825, 0.24846], [-1.24421, 0.06378, -0.14554], [-1.07658, -0.81245, 0.0], [-0.86826, -0.83382, 0.05958], [-0.60793, -0.76952, 0.12154], [-0.43674, -0.64013, 0.17736]], "3-5": [[0.51337, 0.0, 0.03118], [0.49183, -0.03846, 0.10973], [0.46287, -0.09873, 0.16722], [0.42309, -0.19737, 0.22116], [0.40043, -0.24018, 0.23728], [0.38567, -0.2803, 0.24515], [0.3564, -0.30845, 0.24877], [0.34822, -0.3208, 0.24855], [0.34027, -0.33334, 0.2476], [0.33421, -0.35434, 0.24541], [0.33879, -0.37909, 0.24344], [0.33752, -0.40259, 0.23976], [0.33292, -0.42259, 0.23475], [0.33401, -0.46839, 0.22257], [0.38566, -0.53257, 0.21787], [0.43337, -0.60204, 0.20223], [0.64158, -0.7704, 0.1363], [0.96801, -0.82391, 0.06984], [1.27944, -0.72843, 0.0], [0.60704, -0.80037, -0.03194], [0.19678, -0.51361, -0.0395], [0.0, -0.15399, 0.0026], [-0.07918, 0.12729, 0.15103], [-0.21406, 0.10642, 0.24113], [-0.40787, 0.0, 0.20474], [-0.31946, -0.18295, 0.24774], [-0.3146, -0.42128, 0.22954], [-0.43674, -0.64013, 0.17736]], "2-4": [[-0.64119, 0.81245, 0.0], [-0.62139, 0.79662, -0.06928], [-0.59308, 0.76583, -0.1193], [-0.58365, 0.73017, -0.16295], [-0.58283, 0.68623, -0.20046], [-0.55906, 0.61202, -0.23225], [-0.61592, 0.56154, -0.24801], [-0.65307, 0.518, -0.24631], [-0.6744, 0.45722, -0.22811], [-0.68045, 0.41246, -0.20362], [-0.69549, 0.37986, -0.17295], [-0.70069, 0.35791, -0.14657], [-0.7168, 0.34353, -0.11505], [-0.72767, 0.33041, -0.0762], [-0.73328, 0.32047, -0.01804], [-0.72275, 0.31739, 0.02987], [-0.68187, 0.32736, 0.1158], [-0.6253, 0.38741, 0.20568], [-0.56811, 0.43282, 0.23846], [-0.36127, 0.46148, 0.23332], [-0.16532, 0.37551, 0.15276], [0.0, -0.02589, -0.15182], [0.44205, -0.70542, -0.10172], [1.4434, -0.57352, -0.10277], [1.37673, 0.66281, 0.0]], "4-5": [[1.37673, 0.66281, 0.0], [1.42955, -0.58401, -0.10782], [0.43431, -0.69848, -0.10602], [0.0, -0.0052, -0.15392], [0.0, -0.00173, -0.154], [0.0, 0.00173, -0.154], [0.0, 0.0052, -0.15392], [-0.2104, 0.44676, 0.1543], [-0.4687, 0.55756, 0.23262], [-0.71487, 0.51848, 0.2428], [-0.83107, 0.46048, 0.21149], [-0.87842, 0.3976, 0.15542], [-0.95669, 0.34313, 0.08008], [-1.01069, 0.30823, -0.0038], [-1.06291, 0.29965, -0.09525], [-1.15092, 0.29234, -0.17265], [-1.40587, 0.21798, -0.24876], [-1.60893, -0.00748, -0.19237], [-1.58731, -0.42056, 0.0], [-1.47319, -0.57254, 0.02606], [-1.3549, -0.67089, 0.05766], [-1.16797, -0.7658, 0.08589], [-0.88559, -0.81009, 0.11952], [-0.62768, -0.754, 0.1528], [-0.43674, -0.64013, 0.17736]]}}