{"graph": "k5e", "genus": 2, "class": 35, "representative": {"1": [3, 4, 5], "2": [3, 5, 4], "3": [1, 2, 4, 5], "4": [1, 5, 3, 2], "5": [1, 3, 2, 4]}, "vertices": {"1": [-1.64578, -0.26029, 0.07722], "2": [1.20774, 0.20743, -0.16469], "3": [1.58603, -0.31207, -0.14937], "4": [0.0, 0.15223, 0.02332], "5": [0.0, -0.0461, -0.14694]}, "edges": {"1-3": [[-1.64578, -0.26029, 0.07722], [-1.49314, -0.54104, 0.06043], [-1.21637, -0.75917, 0.03137], [-0.85889, -0.84111, 0.0], [-1.26933, -0.70839, -0.1032], [-1.50664, -0.3297, -0.20929], [-1.49701, -0.00881, -0.24452], [-1.34224, 0.24545, -0.24366], [-1.12233, 0.33306, -0.18378], [-0.95295, 0.3476, -0.08922], [-0.89011, 0.34349, -0.0259], [-0.8231, 0.34411, 0.03459], [-0.72746, 0.34978, 0.11863], [-0.63112, 0.35967, 0.18475], [-0.55258, 0.35654, 0.21665], [-0.4608, 0.35647, 0.24193], [-0.25098, 0.28668, 0.23564], [-0.0891, 0.1454, 0.15933], [0.0, -0.11162, 0.10611], [0.1107, -0.37806, -0.03747], [0.34233, -0.65546, -0.05681], [0.59571, -0.79037, -0.0629], [0.96683, -0.82095, -0.07966], [1.34181, -0.6541, -0.11477], [1.58603, -0.31207, -0.14937]], "2-5": [[1.20774, 0.20743, -0.16469], [1.23684, 0.15893, -0.16926], [1.27804, 0.08418, -0.18636], [1.2913, 0.02329, -0.1911], [1.30325, -0.03549, -0.20103], [1.31137, -0.09503, -0.21212], [1.30842, -0.14737, -0.21833], [1.30084, -0.19628, -0.22375], [1.29018, -0.26414, -0.23323], [1.26133, -0.32525, -0.23724], [1.23245, -0.35552, -0.23668], [1.202, -0.38256, -0.23609], [1.19035, -0.40744, -0.23956], [1.17915, -0.43169, -0.24267], [1.16075, -0.45214, -0.24397], [1.13937, -0.4706, -0.24477], [1.10191, -0.51003, -0.24727], [1.03906, -0.5596, -0.24874], [0.9699, -0.60165, -0.24802], [0.85493, -0.65596, -0.2405], [0.7448, -0.6701, -0.23292], [0.61058, -0.66847, -0.2175], [0.35126, -0.58, -0.17336], [0.13593, -0.38323, -0.10418], [0.0, -0.0461, -0.14694]], "3-5": [[1.58603, -0.31207, -0.14937], [1.60382, -0.30217, -0.13091], [1.61671, -0.29926, -0.1114], [1.63408, -0.27629, -0.0933], [1.65515, -0.22396, -0.08215], [1.67228, -0.16969, -0.07053], [1.68701, -0.10913, -0.05354], [1.6926, -0.0762, -0.04402], [1.69634, -0.04498, -0.03484], [1.69857, -0.01357, -0.02561], [1.69906, -0.0022, -0.02158], [1.69917, 0.0113, -0.01936], [1.699, 0.0253, -0.01759], [1.699, 0.02942, -0.0155], [1.69897, 0.03354, -0.01341], [1.6989, 0.03766, -0.01132], [1.69952, 0.0255, -0.00693], [1.69988, 0.0133, -0.00246], [1.7, -0.0, 0.0], [1.52008, -0.30108, 0.20949], [1.19709, -0.34716, 0.22428], [1.01042, -0.31222, 0.04157], [0.82658, -0.48195, -0.22348], [0.40405, -0.57062, -0.20741], [0.0, -0.0461, -0.14694]], "2-4": [[1.20774, 0.20743, -0.16469], [1.12609, 0.26784, -0.12686], [1.03884, 0.30865, -0.08149], [0.95713, 0.33096, -0.02889], [0.87093, 0.34401, 0.0182], [0.79278, 0.34781, 0.07146], [0.70954, 0.33847, 0.11153], [0.63172, 0.32587, 0.15436], [0.53983, 0.29123, 0.19021], [0.46034, 0.24448, 0.21523], [0.42184, 0.21132, 0.22465], [0.37839, 0.1669, 0.23428], [0.33354, 0.11185, 0.24258], [0.3199, 0.07881, 0.24418], [0.30484, 0.03855, 0.24602], [0.29256, 0.0, 0.24742], [0.41126, -0.03222, 0.20318], [0.48788, -0.04953, 0.11979], [0.52221, -0.07028, 0.01375], [0.49283, -0.09239, -0.1255], [0.41236, -0.12889, -0.21358], [0.28202, -0.17409, -0.24857], [0.15512, -0.18291, -0.20909], [0.06654, -0.15782, -0.12417], [0.0, 0.15223, 0.02332]], "1-5": [[-1.64578, -0.26029, 0.07722], [-1.67962, -0.09474, 0.08489], [-1.67061, 0.12557, 0.0971], [-1.63223, 0.24494, 0.11827], [-1.58361, 0.34187, 0.13498], [-1.50294, 0.48164, 0.13036], [-1.38501, 0.59224, 0.14816], [-1.31273, 0.64834, 0.1492], [-1.23571, 0.69549, 0.14973], [-1.16104, 0.72857, 0.15269], [-1.11492, 0.74462, 0.15439], [-1.06689, 0.76114, 0.1523], [-1.01729, 0.77576, 0.14872], [-0.95967, 0.78863, 0.14422], [-0.9018, 0.79384, 0.14429], [-0.84253, 0.79373, 0.14583], [-0.7347, 0.78266, 0.14781], [-0.6396, 0.76093, 0.14855], [-0.5516, 0.73021, 0.14809], [-0.45717, 0.6845, 0.14613], [-0.3735, 0.63219, 0.14139], [-0.30213, 0.57294, 0.13865], [-0.14974, 0.40539, 0.10718], [-0.07776, 0.26367, 0.06478], [0.0, -0.0461, -0.14694]], "1-4": [[-1.64578, -0.26029, 0.07722], [-1.68639, -0.07819, 0.06957], [-1.67671, 0.13623, 0.07639], [-1.62569, 0.30628, 0.08618], [-1.55846, 0.43836, 0.08657], [-1.43853, 0.58893, 0.08447], [-1.26529, 0.71536, 0.09382], [-1.16667, 0.76494, 0.0893], [-1.04944, 0.80473, 0.08266], [-0.94371, 0.82747, 0.0674], [-0.89978, 0.83081, 0.06737], [-0.84694, 0.83041, 0.07191], [-0.7925, 0.82611, 0.07738], [-0.73807, 0.82038, 0.07599], [-0.68062, 0.81164, 0.07027], [-0.63419, 0.80085, 0.06752], [-0.57487, 0.78184, 0.06734], [-0.51649, 0.7579, 0.06796], [-0.44946, 0.72566, 0.06226], [-0.37798, 0.67961, 0.06471], [-0.31192, 0.62695, 0.0667], [-0.24825, 0.57002, 0.05328], [-0.12204, 0.39631, 0.04685], [-0.08043, 0.30879, 0.04244], [0.0, 0.15223, 0.02332]], "4-5": [[0.0, 0.15223, 0.02332], [-0.11929, 0.39438, 0.03815], [-0.3894, 0.69598, 0.02807], [-0.85889, 0.84111, 0.0], [-0.64863, 0.79723, -0.08943], [-0.49155, 0.67943, -0.17169], [-0.37813, 0.50827, -0.22446], [-0.36214, 0.35985, -0.24789], [-0.38821, 0.24193, -0.24064], [-0.4488, 0.12157, -0.18654], [-0.47089, 0.08478, -0.15426], [-0.48998, 0.05449, -0.11723], [-0.50721, 0.04187, -0.07186], [-0.51159, 0.0264, -0.04835], [-0.51432, 0.01145, -0.02437], [-0.51533, 0.0, 0.0], [-0.58524, -0.23204, 0.08571], [-0.79146, -0.37605, 0.13294], [-1.06475, -0.37407, 0.18587], [-1.34035, -0.11557, 0.22901], [-1.33939, 0.31522, 0.24815], [-1.071, 0.62587, 0.23916], [-0.60512, 0.69719, 0.19877], [-0.23276, 0.48741, 0.14641], [0.0, -0.0461, -0.14694]], "2-3": [[1.20774, 0.20743, -0.16469], [1.24508, 0.18146, -0.18562], [1.30423, 0.13121, -0.21329], [1.34895, 0.09725, -0.23086], [1.38498, 0.05725, -0.24064], [1.41561, 0.03192, -0.24635], [1.44353, -0.00252, -0.24866], [1.45402, -0.04655, -0.24874], [1.47796, -0.06217, -0.24698], [1.4899, -0.09665, -0.24448], [1.49563, -0.11303, -0.24277], [1.50088, -0.12973, -0.24077], [1.50472, -0.14754, -0.23869], [1.51056, -0.15874, -0.23611], [1.51376, -0.17459, -0.23366], [1.5165, -0.19064, -0.231], [1.52267, -0.21201, -0.22578], [1.52848, -0.23298, -0.21975], [1.53249, -0.25708, -0.21293], [1.53602, -0.27756, -0.206], [1.53742, -0.29575, -0.20008], [1.53857, -0.31824, -0.19203], [1.55137, -0.3213, -0.18064], [1.5686, -0.3167, -0.16652], [1.58603, -0.31207, -0.14937]], "3-4": [[1.58603, -0.31207, -0.14937], [1.64631, 0.0022, -0.15437], [1.55479, 0.30952, -0.18229], [1.36864, 0.54313, -0.19652], [1.18494, 0.63382, -0.21769], [1.00876, 0.69827, -0.21691], [0.84951, 0.69667, -0.22581], [0.7327, 0.66607, -0.2336], [0.62558, 0.61817, -0.23919], [0.53666, 0.55785, -0.24331], [0.4754, 0.52344, -0.24227], [0.44074, 0.49417, -0.24262], [0.41571, 0.46351, -0.24392], [0.39446, 0.43063, -0.24538], [0.36688, 0.38543, -0.24663], [0.34406, 0.3407, -0.24752], [0.31758, 0.27592, -0.24831], [0.30058, 0.21305, -0.24873], [0.29103, 0.15036, -0.24873], [0.28738, 0.09807, -0.24847], [0.2877, 0.04595, -0.24803], [0.29256, 0.0, -0.24742], [0.14178, -0.09985, -0.21107], [0.05939, -0.12897, -0.12078], [0.0, 0.15223, 0.02332]]}}