{"graph": "k5e", "genus": 2, "class": 12, "representative": {"1": [3, 4, 5], "2": [3, 4, 5], "3": [1, 2, 4, 5], "4": [1, 3, 5, 2], "5": [1, 4, 2, 3]}, "vertices": {"1": [-0.1708, 0.18775, 0.21743], "2": [-0.95952, -0.7558, -0.18151], "3": [0.0, -0.15145, -0.02797], "4": [0.94681, -0.83651, 0.0], "5": [-0.50922, 0.12268, -0.11273]}, "edges": {"1-3": [[-0.1708, 0.18775, 0.21743], [-0.20577, 0.2147, 0.22986], [-0.24623, 0.22817, 0.24108], [-0.2921, 0.26072, 0.24677], [-0.33353, 0.28267, 0.24874], [-0.36284, 0.282, 0.24783], [-0.41338, 0.30754, 0.2435], [-0.43212, 0.32082, 0.24182], [-0.45112, 0.33553, 0.24034], [-0.47055, 0.34921, 0.23871], [-0.46971, 0.35158, 0.23934], [-0.46887, 0.35395, 0.23996], [-0.46804, 0.35634, 0.24056], [-0.4591, 0.35526, 0.24204], [-0.45009, 0.35404, 0.24338], [-0.44103, 0.35266, 0.24457], [-0.40504, 0.33979, 0.24748], [-0.39437, 0.35662, 0.24869], [-0.38536, 0.37679, 0.24845], [-0.32542, 0.37117, 0.24203], [-0.26963, 0.35512, 0.22966], [-0.2319, 0.33836, 0.21785], [-0.14438, 0.2847, 0.17502], [-0.06974, 0.20461, 0.11047], [0.0, -0.15145, -0.02797]], "2-4": [[-0.95952, -0.7558, -0.18151], [-0.81457, -0.80003, -0.13507], [-0.65003, -0.80439, -0.06999], [-0.55159, -0.78297, 0.0], [-0.94924, -0.83314, 0.0391], [-1.25488, -0.73, 0.07193], [-1.50824, -0.50509, 0.09402], [-1.62846, -0.26747, 0.11149], [-1.67131, 0.02987, 0.11494], [-1.61857, 0.24182, 0.14108], [-1.54684, 0.40128, 0.14225], [-1.42687, 0.55349, 0.14696], [-1.31771, 0.64333, 0.15082], [-1.2131, 0.70791, 0.14897], [-1.10821, 0.75035, 0.15016], [-0.97571, 0.79163, 0.13668], [-0.74602, 0.79313, 0.13527], [-0.54678, 0.74283, 0.12788], [-0.37504, 0.64953, 0.12059], [-0.21202, 0.50018, 0.1054], [-0.0983, 0.32538, 0.08186], [0.0, 0.01124, -0.1536], [0.52188, -0.46569, -0.24816], [0.78557, -0.39261, 0.15706], [0.94681, -0.83651, 0.0]], "1-5": [[-0.1708, 0.18775, 0.21743], [-0.22924, 0.19816, 0.23938], [-0.29704, 0.21423, 0.24862], [-0.36702, 0.21115, 0.24215], [-0.42617, 0.20944, 0.22235], [-0.45894, 0.20319, 0.20305], [-0.4881, 0.19661, 0.17912], [-0.50597, 0.19528, 0.16178], [-0.52251, 0.19057, 0.13989], [-0.53861, 0.19112, 0.11734], [-0.54409, 0.19297, 0.11009], [-0.54936, 0.19485, 0.10272], [-0.55312, 0.19451, 0.09495], [-0.5551, 0.19265, 0.08823], [-0.55572, 0.18744, 0.07901], [-0.55571, 0.18134, 0.06885], [-0.55406, 0.17178, 0.05582], [-0.55554, 0.1696, 0.04435], [-0.5582, 0.17083, 0.03356], [-0.55682, 0.16618, 0.02444], [-0.55389, 0.15917, 0.01546], [-0.55082, 0.15226, 0.00647], [-0.54145, 0.13711, -0.03323], [-0.52498, 0.12272, -0.07693], [-0.50922, 0.12268, -0.11273]], "2-5": [[-0.95952, -0.7558, -0.18151], [-0.87652, -0.72672, -0.20922], [-0.84526, -0.69382, -0.22708], [-0.84654, -0.65916, -0.2396], [-0.77286, -0.63931, -0.24313], [-0.69461, -0.61273, -0.2452], [-0.63144, -0.56824, -0.248], [-0.54797, -0.51699, -0.24854], [-0.47391, -0.44528, -0.24875], [-0.39736, -0.35492, -0.24857], [-0.34985, -0.27915, -0.2485], [-0.32499, -0.22235, -0.24839], [-0.30798, -0.17238, -0.24832], [-0.29906, -0.11793, -0.24796], [-0.29146, -0.05508, -0.24778], [-0.29256, 0.0, -0.24742], [-0.29893, 0.03547, -0.24681], [-0.30867, 0.0768, -0.24605], [-0.3196, 0.10403, -0.24502], [-0.34462, 0.11059, -0.23978], [-0.3708, 0.11133, -0.23126], [-0.39787, 0.10863, -0.21864], [-0.44523, 0.11609, -0.1882], [-0.47404, 0.11523, -0.15988], [-0.50922, 0.12268, -0.11273]], "1-4": [[-0.1708, 0.18775, 0.21743], [-0.0918, 0.10655, 0.16949], [-0.04794, 0.11266, 0.10312], [0.0, -0.08498, 0.12844], [0.05797, -0.2563, -0.00973], [0.11288, -0.38574, -0.02522], [0.21251, -0.53658, -0.02273], [0.3234, -0.64698, -0.02515], [0.4509, -0.73442, -0.02214], [0.58932, -0.7959, -0.01997], [0.67316, -0.81875, -0.02787], [0.76436, -0.83404, -0.02935], [0.85708, -0.83964, -0.02701], [0.93563, -0.83698, -0.01766], [1.01655, -0.82486, -0.02566], [1.0985, -0.80463, -0.02788], [1.21594, -0.76038, -0.02314], [1.32231, -0.70128, -0.01642], [1.42114, -0.62509, -0.01347], [1.47684, -0.5703, -0.01044], [1.52733, -0.51036, -0.00752], [1.57404, -0.44266, -0.005], [1.40667, -0.63826, -0.00254], [1.19206, -0.77231, -0.00084], [0.94681, -0.83651, 0.0]], "3-5": [[0.0, -0.15145, -0.02797], [0.25957, -0.56171, -0.09706], [0.67265, -0.76877, -0.14974], [1.10394, -0.69026, -0.20556], [1.366, -0.42265, -0.23936], [1.45737, -0.12775, -0.248], [1.36939, 0.16765, -0.24262], [1.21599, 0.33466, -0.22649], [1.04832, 0.40167, -0.19979], [0.8734, 0.40221, -0.16076], [0.76507, 0.37452, -0.13913], [0.67685, 0.32331, -0.11365], [0.61969, 0.26788, -0.08665], [0.55694, 0.18574, -0.07299], [0.52509, 0.0925, -0.03738], [0.51533, 0.0, 0.0], [0.37537, -0.06429, -0.22574], [0.12589, -0.11646, -0.19858], [0.0, 0.13146, 0.08023], [-0.11677, 0.3919, 0.03049], [-0.36779, 0.68185, 0.02016], [-0.79603, 0.83876, 0.0], [-0.6743, 0.80986, -0.07146], [-0.54351, 0.73437, -0.13816], [-0.47337, 0.64167, -0.1936], [-0.39285, 0.42352, -0.24595], [-0.4318, 0.25216, -0.22936], [-0.50922, 0.12268, -0.11273]], "2-3": [[-0.95952, -0.7558, -0.18151], [-1.10785, -0.69029, -0.20464], [-1.24347, -0.57305, -0.22875], [-1.32994, -0.44673, -0.24219], [-1.38747, -0.29903, -0.24833], [-1.39581, -0.15086, -0.24636], [-1.36494, -0.01551, -0.23343], [-1.31804, 0.08516, -0.21489], [-1.26043, 0.15663, -0.18939], [-1.19162, 0.21683, -0.15425], [-1.1445, 0.24947, -0.12835], [-1.09749, 0.27575, -0.10026], [-1.07823, 0.27837, -0.07268], [-1.04029, 0.29504, -0.03718], [-1.01041, 0.30835, -0.00284], [-0.96946, 0.32703, 0.02874], [-0.91827, 0.35264, 0.08242], [-0.8165, 0.38631, 0.14282], [-0.76991, 0.42052, 0.18838], [-0.64671, 0.45374, 0.23137], [-0.49711, 0.45213, 0.24843], [-0.35626, 0.4252, 0.23986], [-0.21653, 0.35184, 0.20561], [-0.08569, 0.22747, 0.12749], [0.0, -0.15145, -0.02797]], "3-4": [[0.0, -0.15145, -0.02797], [0.24262, -0.54064, -0.10074], [0.59477, -0.72957, -0.16791], [0.93124, -0.69604, -0.22438], [1.11332, -0.53511, -0.24878], [1.16781, -0.37695, -0.22555], [1.21135, -0.20394, -0.1662], [1.20486, -0.12063, -0.10414], [1.20071, -0.03655, -0.01044], [1.21788, 0.03285, 0.09023], [1.23176, 0.09156, 0.13589], [1.25493, 0.11299, 0.17122], [1.28009, 0.17077, 0.20711], [1.29501, 0.234, 0.22892], [1.31128, 0.29513, 0.24325], [1.31067, 0.36248, 0.24843], [1.31643, 0.46223, 0.24191], [1.27829, 0.57627, 0.2177], [1.22614, 0.68377, 0.16764], [1.15837, 0.75606, 0.11448], [1.0349, 0.81463, 0.06134], [0.94681, 0.83651, 0.0], [1.59903, 0.39957, 0.0], [1.6018, -0.3944, 0.0], [0.94681, -0.83651, 0.0]], "4-5": [[0.94681, -0.83651, 0.0], [0.80872, -0.3885, 0.14713], [0.54533, -0.49221, -0.24863], [0.0, -0.03349, -0.15032], [-0.1139, 0.3446, 0.09841], [-0.31127, 0.57115, 0.14939], [-0.60332, 0.72361, 0.17675], [-0.86958, 0.74273, 0.19812], [-1.15345, 0.64911, 0.21766], [-1.38969, 0.41282, 0.23553], [-1.48129, 0.25808, 0.23507], [-1.50956, 0.09977, 0.23988], [-1.49188, -0.0594, 0.24496], [-1.4479, -0.22738, 0.2457], [-1.37647, -0.36886, 0.24499], [-1.24082, -0.47777, 0.24803], [-1.02004, -0.57679, 0.24869], [-0.79136, -0.58718, 0.24878], [-0.60081, -0.51864, 0.24844], [-0.43268, -0.38962, 0.24834], [-0.3217, -0.19809, 0.24799], [-0.29256, 0.0, 0.24742], [-0.44487, 0.03701, 0.17515], [-0.52219, 0.07927, 0.03411], [-0.50922, 0.12268, -0.11273]]}}