{"graph": "k5e", "genus": 2, "class": 38, "representative": {"1": [3, 4, 5], "2": [3, 5, 4], "3": [1, 4, 2, 5], "4": [1, 5, 2, 3], "5": [1, 3, 2, 4]}, "vertices": {"1": [-0.22373, 0.05442, 0.24465], "2": [1.35322, -0.04654, -0.22959], "3": [0.0, -0.13898, 0.06636], "4": [0.78128, -0.83753, 0.0], "5": [-1.17953, 0.73348, 0.13622]}, "edges": {"1-3": [[-0.22373, 0.05442, 0.24465], [-0.21592, 0.06347, 0.2429], [-0.2089, 0.06997, 0.24108], [-0.202, 0.07659, 0.23902], [-0.18831, 0.08391, 0.23436], [-0.17495, 0.09272, 0.22873], [-0.16202, 0.10196, 0.22217], [-0.14128, 0.11417, 0.20942], [-0.12235, 0.10089, 0.19765], [-0.10478, 0.08573, 0.18474], [-0.09114, 0.08185, 0.17198], [-0.07578, 0.08369, 0.1542], [-0.06228, 0.09406, 0.13369], [-0.04796, 0.11507, 0.10243], [-0.03272, 0.06646, 0.07719], [0.0, -0.11509, 0.10233], [0.0, -0.11823, 0.09869], [0.0, -0.12126, 0.09494], [0.0, -0.12417, 0.09111], [0.0, -0.12696, 0.08718], [0.0, -0.12962, 0.08317], [0.0, -0.13215, 0.07908], [0.0, -0.13456, 0.07491], [0.0, -0.13684, 0.07067], [0.0, -0.13898, 0.06636], [0.0, -0.13898, 0.06636]], "3-4": [[0.0, -0.13898, 0.06636], [-0.4393, 0.22733, 0.22054], [-0.54192, 0.33471, -0.21128], [-0.59897, 0.79995, 0.0], [-0.28954, 0.61848, 0.01544], [-0.09449, 0.34801, 0.02466], [0.0, 0.105, 0.11266], [0.0284, -0.02344, -0.07086], [0.04215, -0.04293, -0.10502], [0.06918, 0.0, -0.15145], [0.12549, 0.37023, -0.09671], [0.3274, 0.64444, -0.05332], [0.78128, 0.83753, 0.0], [0.6371, 0.8111, 0.01104], [0.52301, 0.76978, 0.02489], [0.40772, 0.70633, 0.03845], [0.3476, 0.66237, 0.04641], [0.29202, 0.61325, 0.05432], [0.24252, 0.56088, 0.06162], [0.19737, 0.505, 0.06586], [0.15353, 0.43589, 0.07614], [0.11859, 0.36376, 0.08851], [0.07682, 0.24614, 0.10056], [0.05445, 0.12952, 0.11137], [0.0511, 0.0, 0.12439], [0.0661, -0.16313, 0.12156], [0.10036, -0.32946, 0.08265], [0.17348, -0.47026, 0.06947], [0.32783, -0.64456, 0.05415], [0.54092, -0.7767, 0.03025], [0.78128, -0.83753, 0.0]], "1-5": [[-0.22373, 0.05442, 0.24465], [-0.36508, 0.03316, 0.22891], [-0.47353, 0.01352, 0.13838], [-0.51533, 0.0, 0.0], [-0.51799, -0.07865, 0.05563], [-0.53613, -0.16227, 0.09215], [-0.56975, -0.24753, 0.13064], [-0.60741, -0.3197, 0.16568], [-0.68699, -0.40345, 0.19555], [-0.80198, -0.46992, 0.21848], [-0.88458, -0.48991, 0.22702], [-0.9328, -0.50163, 0.2337], [-1.01161, -0.49311, 0.23685], [-1.06977, -0.50186, 0.24411], [-1.17243, -0.48109, 0.24812], [-1.25741, -0.43318, 0.24875], [-1.39589, -0.33455, 0.24549], [-1.47873, -0.19639, 0.24195], [-1.54335, -0.01239, 0.23105], [-1.55771, 0.16339, 0.2149], [-1.49206, 0.38831, 0.19815], [-1.35137, 0.57547, 0.1861], [-1.30079, 0.63721, 0.16841], [-1.24589, 0.68946, 0.15021], [-1.17953, 0.73348, 0.13622]], "1-4": [[-0.22373, 0.05442, 0.24465], [-0.11616, 0.06024, 0.19631], [-0.04855, 0.05754, 0.11607], [0.0, -0.05643, 0.1433], [0.09269, -0.34451, -0.02264], [0.27119, -0.598, -0.03637], [0.49019, -0.75224, -0.04084], [0.59982, -0.79618, -0.0436], [0.76453, -0.82717, -0.06477], [0.91097, -0.83318, -0.05566], [0.96277, -0.82811, -0.05657], [1.01459, -0.81731, -0.0667], [1.06537, -0.80286, -0.07672], [1.1005, -0.79074, -0.08309], [1.14356, -0.77628, -0.08308], [1.1903, -0.75889, -0.07941], [1.2211, -0.7451, -0.07828], [1.25132, -0.73006, -0.07715], [1.28089, -0.71386, -0.07585], [1.27638, -0.72035, -0.06456], [1.27106, -0.72659, -0.05323], [1.24848, -0.74, -0.04874], [1.09195, -0.80426, -0.04314], [0.9415, -0.8368, -0.0111], [0.78128, -0.83753, 0.0]], "4-5": [[0.78128, -0.83753, 0.0], [1.26802, -0.73349, -0.02478], [1.60663, -0.36708, -0.06306], [1.68375, -0.00353, -0.08842], [1.61407, 0.27575, -0.13081], [1.45644, 0.49709, -0.16639], [1.24007, 0.62845, -0.2038], [1.09653, 0.67996, -0.21335], [0.94715, 0.70185, -0.22058], [0.83351, 0.66896, -0.23653], [0.76493, 0.63917, -0.24292], [0.69877, 0.60572, -0.24642], [0.63666, 0.566, -0.24828], [0.59852, 0.5295, -0.24877], [0.58347, 0.50048, -0.24789], [0.54387, 0.44552, -0.24436], [0.47704, 0.34838, -0.23707], [0.45307, 0.27557, -0.227], [0.43203, 0.20125, -0.21769], [0.44059, 0.12245, -0.1934], [0.44899, 0.05538, -0.17307], [0.46392, 0.0, -0.15145], [0.25878, -0.17221, -0.24671], [0.11288, -0.23631, -0.16036], [0.0, 0.08817, -0.12627], [-0.21414, 0.51365, 0.08982], [-0.62609, 0.77654, 0.11924], [-1.17953, 0.73348, 0.13622]], "2-3": [[1.35322, -0.04654, -0.22959], [1.35852, -0.03793, -0.23144], [1.3637, -0.02914, -0.23319], [1.36876, -0.02018, -0.23486], [1.37322, -0.01772, -0.23634], [1.38002, -0.01123, -0.23841], [1.38731, -0.00363, -0.24044], [1.39588, -0.01236, -0.24258], [1.40436, -0.02138, -0.24441], [1.41233, -0.03337, -0.24588], [1.41451, -0.0659, -0.24661], [1.41479, -0.09878, -0.24723], [1.42008, -0.12162, -0.24812], [1.43579, -0.14054, -0.24878], [1.44728, -0.1619, -0.24813], [1.44926, -0.18932, -0.24724], [1.44483, -0.26761, -0.24332], [1.42605, -0.34513, -0.23826], [1.39202, -0.42067, -0.23316], [1.3218, -0.5259, -0.22398], [1.19971, -0.66327, -0.19588], [1.08799, -0.73354, -0.17568], [0.65529, -0.78507, -0.11857], [0.24871, -0.56451, -0.06935], [0.0, -0.13898, 0.06636]], "3-5": [[0.0, -0.13898, 0.06636], [1.28329, -0.61372, -0.19552], [1.07069, 0.40086, -0.20636], [0.44246, 0.0, 0.17591], [0.52886, -0.13456, -0.07891], [0.43924, -0.3142, -0.23928], [0.26269, -0.40394, -0.21343], [0.18305, -0.38931, -0.16339], [0.09486, -0.3049, -0.09413], [0.0, -0.07596, -0.13397], [-0.20201, 0.41945, 0.16404], [-0.48839, 0.55794, 0.23643], [-0.80809, 0.52575, 0.24037], [-0.88644, 0.46967, 0.21689], [-0.97245, 0.40056, 0.17584], [-1.01996, 0.34428, 0.12979], [-1.08279, 0.27815, 0.0809], [-1.12777, 0.21515, 0.02013], [-1.16477, 0.16307, -0.03904], [-1.23781, 0.04672, -0.13253], [-1.31296, -0.03732, -0.20784], [-1.35784, -0.25474, -0.2467], [-1.27365, -0.54566, -0.23072], [-1.00136, -0.78604, -0.13872], [-0.59897, -0.79995, 0.0], [-1.43621, -0.59115, 0.08458], [-1.64881, 0.19107, 0.11546], [-1.17953, 0.73348, 0.13622]], "2-4": [[1.35322, -0.04654, -0.22959], [1.21768, 0.18081, -0.15994], [1.05773, 0.29305, -0.07183], [0.88595, 0.34643, 0.04405], [0.69552, 0.36418, 0.15674], [0.43424, 0.27268, 0.23282], [0.20216, 0.0, 0.2403], [0.17185, -0.10368, 0.22669], [0.1663, -0.20567, 0.21202], [0.177, -0.28817, 0.20001], [0.18822, -0.34096, 0.19048], [0.20855, -0.4039, 0.17857], [0.24277, -0.47061, 0.16859], [0.28739, -0.52558, 0.16734], [0.30306, -0.55851, 0.1537], [0.3306, -0.59608, 0.14217], [0.42201, -0.67042, 0.13669], [0.50739, -0.73478, 0.1119], [0.60619, -0.78403, 0.09133], [0.79746, -0.83294, 0.05392], [0.94929, -0.83473, 0.02729], [1.08907, -0.80901, 0.0], [0.98791, -0.83116, 0.0], [0.88479, -0.84072, 0.0], [0.78128, -0.83753, 0.0], [0.78128, -0.83753, 0.0]], "2-5": [[1.35322, -0.04654, -0.22959], [1.34444, -0.323, -0.24861], [1.21423, -0.56946, -0.23594], [0.88177, -0.74951, -0.19255], [0.51527, -0.71856, -0.14217], [0.20327, -0.50234, -0.08556], [0.0, -0.14691, -0.04622], [-0.16103, 0.31781, 0.17733], [-0.36208, 0.42206, 0.24155], [-0.62539, 0.43377, 0.22792], [-0.73558, 0.39349, 0.17175], [-0.82453, 0.36289, 0.09994], [-0.91687, 0.33902, 0.01392], [-0.96814, 0.33735, -0.07331], [-1.06987, 0.33058, -0.14774], [-1.18713, 0.334, -0.21565], [-1.4619, 0.15576, -0.24691], [-1.58691, -0.26012, -0.17092], [-1.35328, -0.68048, 0.0], [-1.65013, -0.2671, 0.05433], [-1.63735, 0.27457, 0.08684], [-1.38041, 0.63052, 0.10417], [-1.29878, 0.68094, 0.11925], [-1.22789, 0.71525, 0.12939], [-1.17953, 0.73348, 0.13622]]}}