{"graph": "k5e", "genus": 2, "class": 11, "representative": {"1": [3, 4, 5], "2": [3, 4, 5], "3": [1, 2, 4, 5], "4": [1, 3, 2, 5], "5": [1, 4, 3, 2]}, "vertices": {"1": [-1.37118, 0.24741, 0.26742], "2": [1.20027, 0.19336, 0.18001], "3": [-0.70146, 0.45508, 0.2438], "4": [-0.51811, -0.00187, 0.09087], "5": [-1.55659, 0.50434, -0.00208]}, "edges": {"1-3": [[-1.37118, 0.24741, 0.26742], [-1.32393, 0.3, 0.26563], [-1.28634, 0.32517, 0.26189], [-1.24771, 0.3509, 0.25943], [-1.20853, 0.37679, 0.25691], [-1.16459, 0.39367, 0.25204], [-1.12125, 0.41406, 0.24802], [-1.07742, 0.43202, 0.2455], [-1.03022, 0.44908, 0.24388], [-0.98264, 0.46371, 0.24359], [-0.93164, 0.47706, 0.2447], [-0.88063, 0.48853, 0.24772], [-0.82669, 0.4989, 0.25236], [-0.7727, 0.51294, 0.25855], [-0.71735, 0.52287, 0.26309], [-0.70146, 0.45508, 0.2438]], "2-4": [[1.20027, 0.19336, 0.18001], [1.25784, 0.19664, 0.22447], [1.30173, 0.19384, 0.24439], [1.34873, 0.18878, 0.25953], [1.39734, 0.18295, 0.26742], [1.44206, 0.17407, 0.26742], [1.49073, 0.16432, 0.26001], [1.53785, 0.1517, 0.2464], [1.58171, 0.13293, 0.22564], [1.61645, 0.11211, 0.20198], [1.64853, 0.088, 0.17034], [1.67533, 0.06008, 0.13589], [1.69709, 0.02806, 0.09992], [1.70549, -0.0088, 0.08027], [1.708, -0.04476, 0.06091], [1.7073, -0.08375, 0.03917], [1.70446, -0.12541, 0.02455], [1.70105, -0.16937, 0.01304], [1.68825, -0.21833, 0.00358], [1.67304, -0.26365, -0.00795], [1.65735, -0.30996, -0.01384], [1.6381, -0.35992, -0.01758], [1.61323, -0.40246, -0.02015], [1.58823, -0.44526, -0.02253], [1.56315, -0.4882, -0.02488], [1.5296, -0.53112, -0.02664], [1.49584, -0.56837, -0.02823], [1.46204, -0.60562, -0.03006], [1.42369, -0.64435, -0.03192], [1.38343, -0.67346, -0.03308], [1.34313, -0.70257, -0.0344], [1.30279, -0.73169, -0.0358], [1.25468, -0.75729, -0.03649], [1.20868, -0.77774, -0.03679], [1.16254, -0.79825, -0.03702], [1.11141, -0.81813, -0.03694], [1.06235, -0.82867, -0.03591], [1.01215, -0.83912, -0.03796], [0.96187, -0.8496, -0.03992], [0.90576, -0.85234, -0.04091], [0.85391, -0.85227, -0.04156], [0.8023, -0.85221, -0.04218], [0.74685, -0.84741, -0.04238], [0.69717, -0.83689, -0.04203], [0.64777, -0.82641, -0.04187], [0.59862, -0.81595, -0.04192], [0.54775, -0.79445, -0.04117], [0.50114, -0.77376, -0.04055], [0.45457, -0.75308, -0.04007], [0.40667, -0.72523, -0.03903], [0.36533, -0.69542, -0.03739], [0.32402, -0.66564, -0.03557], [0.28025, -0.63233, -0.03339], [0.24664, -0.59554, -0.02994], [0.21302, -0.55878, -0.02626], [0.17934, -0.52197, -0.02244], [0.14724, -0.47848, -0.01807], [0.12096, -0.43423, -0.01179], [0.09491, -0.38936, -0.00728], [0.06822, -0.34026, -0.00312], [0.05189, -0.28542, 0.0088], [0.03519, -0.23099, 0.01774], [0.04086, -0.17885, 0.02506], [0.01789, -0.1661, 0.05497], [0.01574, -0.10766, 0.05735], [0.01173, -0.06615, 0.07161], [0.00863, -0.02198, 0.08283], [-0.01912, -0.00208, 0.10352], [-0.03221, 0.02441, 0.12633], [-0.04619, 0.04807, 0.14635], [-0.07329, 0.05888, 0.17824], [-0.10591, 0.06746, 0.20873], [-0.1437, 0.07258, 0.23465], [-0.18277, 0.07447, 0.25196], [-0.23041, 0.07282, 0.26409], [-0.28107, 0.06901, 0.26742], [-0.33247, 0.06407, 0.26081], [-0.38223, 0.05895, 0.244], [-0.42802, 0.05433, 0.21743], [-0.46775, 0.05059, 0.18219], [-0.49972, 0.04786, 0.13984], [-0.51811, -0.00187, 0.09087]], "4-5": [[-0.51811, -0.00187, 0.09087], [-0.499, -0.04763, 0.14104], [-0.48979, -0.08488, 0.16318], [-0.48502, -0.12509, 0.18212], [-0.47812, -0.16713, 0.20252], [-0.47495, -0.2069, 0.21871], [-0.47197, -0.25175, 0.23538], [-0.47302, -0.29477, 0.24569], [-0.47587, -0.34195, 0.25723], [-0.48462, -0.38709, 0.26229], [-0.49398, -0.43462, 0.26742], [-0.51012, -0.47856, 0.26742], [-0.52736, -0.52469, 0.26693], [-0.55192, -0.5654, 0.26222], [-0.57915, -0.60349, 0.25715], [-0.60826, -0.64228, 0.24815], [-0.64375, -0.67522, 0.24077], [-0.67993, -0.70703, 0.22854], [-0.7196, -0.73119, 0.2173], [-0.76114, -0.75362, 0.20758], [-0.80704, -0.7754, 0.19168], [-0.85338, -0.78544, 0.18047], [-0.90033, -0.79524, 0.16952], [-0.95142, -0.80587, 0.15461], [-0.99899, -0.80147, 0.14489], [-1.0469, -0.79671, 0.13564], [-1.09512, -0.79136, 0.1273], [-1.14606, -0.77949, 0.11735], [-1.19292, -0.76604, 0.10261], [-1.23878, -0.74922, 0.09245], [-1.28792, -0.72904, 0.08308], [-1.32893, -0.7037, 0.07194], [-1.37013, -0.67793, 0.06148], [-1.41131, -0.65141, 0.04692], [-1.45085, -0.61659, 0.03942], [-1.48392, -0.58104, 0.03188], [-1.5171, -0.54525, 0.02506], [-1.55034, -0.50926, 0.01909], [-1.57895, -0.46334, 0.01294], [-1.60449, -0.42027, 0.00734], [-1.63005, -0.3771, -0.00208], [-1.65289, -0.3275, 0.00254], [-1.6684, -0.27982, 0.00238], [-1.68392, -0.23211, 0.00222], [-1.69946, -0.18435, -0.00208], [-1.70614, -0.12932, 0.00462], [-1.71126, -0.07817, 0.00706], [-1.71641, -0.02684, 0.00945], [-1.71669, 0.02473, -0.00882], [-1.71139, 0.07644, -0.00757], [-1.70604, 0.12886, -0.00602], [-1.69871, 0.18617, -0.00351], [-1.6819, 0.23714, 0.00581], [-1.66424, 0.28895, 0.01324], [-1.64601, 0.34157, 0.02356], [-1.61547, 0.39532, 0.03575], [-1.58502, 0.44501, 0.0503], [-1.55127, 0.49313, 0.07006], [-1.55659, 0.50434, -0.00208]], "1-4": [[-1.37118, 0.24741, 0.26742], [-1.34383, 0.18143, 0.25804], [-1.34009, 0.1364, 0.25277], [-1.33907, 0.09442, 0.24723], [-1.33504, 0.05075, 0.24339], [-1.32806, 0.00739, 0.23825], [-1.31645, -0.03378, 0.23432], [-1.29831, -0.07537, 0.22526], [-1.27962, -0.11352, 0.21819], [-1.25629, -0.15222, 0.21072], [-1.23006, -0.18666, 0.20325], [-1.19748, -0.21988, 0.19212], [-1.16631, -0.24975, 0.18364], [-1.13036, -0.27907, 0.17571], [-1.09343, -0.30277, 0.16938], [-1.0526, -0.32597, 0.16354], [-1.01144, -0.34299, 0.16109], [-0.96991, -0.35878, 0.15957], [-0.9219, -0.35803, 0.14178], [-0.87757, -0.356, 0.12906], [-0.82995, -0.34991, 0.11846], [-0.78663, -0.33626, 0.10706], [-0.744, -0.32267, 0.09951], [-0.70091, -0.3012, 0.09306], [-0.66438, -0.27579, 0.08696], [-0.63049, -0.24737, 0.08016], [-0.60032, -0.21069, 0.07361], [-0.5771, -0.17355, 0.06642], [-0.55745, -0.13483, 0.0588], [-0.54454, -0.08898, 0.0468], [-0.53633, -0.04627, 0.03884], [-0.51811, -0.00187, 0.09087]], "3-5": [[-0.70146, 0.45508, 0.2438], [-0.76744, 0.43679, 0.22625], [-0.79155, 0.40192, 0.19656], [-0.81375, 0.37656, 0.1637], [-0.83216, 0.35275, 0.1234], [-0.85403, 0.33511, 0.07971], [-0.87641, 0.32507, 0.03359], [-0.89535, 0.3224, -0.01314], [-0.92012, 0.3228, -0.0592], [-0.94754, 0.32984, -0.09816], [-0.97438, 0.34431, -0.13867], [-1.00798, 0.35974, -0.17661], [-1.04566, 0.37915, -0.20877], [-1.08682, 0.40088, -0.23448], [-1.12504, 0.41863, -0.25067], [-1.17009, 0.43889, -0.26247], [-1.21742, 0.4586, -0.26742], [-1.26596, 0.47675, -0.26573], [-1.30658, 0.4843, -0.25893], [-1.34954, 0.49297, -0.24556], [-1.39187, 0.49892, -0.22771], [-1.42988, 0.49865, -0.2072], [-1.46916, 0.49695, -0.17979], [-1.50716, 0.49147, -0.14919], [-1.54142, 0.47537, -0.11757], [-1.56878, 0.46306, -0.06967], [-1.59077, 0.44366, -0.00909], [-1.55659, 0.50434, -0.00208]],