{"graph": "k5e", "genus": 2, "class": 10, "representative": {"1": [3, 4, 5], "2": [3, 4, 5], "3": [1, 2, 4, 5], "4": [1, 3, 2, 5], "5": [1, 4, 2, 3]}, "vertices": {"1": [-0.75001, 0.32598, 0.00777], "2": [-0.64697, -0.52434, -0.24733], "3": [0.0, -0.14647, -0.04759], "4": [1.64927, -0.28768, 0.0], "5": [0.46782, 0.0, -0.14623]}, "edges": {"1-3": [[-0.75001, 0.32598, 0.00777], [-0.74641, 0.32572, 0.02269], [-0.74249, 0.32626, 0.03753], [-0.73847, 0.32768, 0.05227], [-0.73725, 0.33263, 0.07189], [-0.73551, 0.33906, 0.09104], [-0.73082, 0.34311, 0.10379], [-0.72156, 0.34585, 0.11574], [-0.71188, 0.34892, 0.12735], [-0.69841, 0.35921, 0.14942], [-0.68943, 0.36904, 0.16493], [-0.68085, 0.37579, 0.17532], [-0.67232, 0.38128, 0.18362], [-0.66181, 0.38976, 0.19413], [-0.65089, 0.39895, 0.20398], [-0.63928, 0.40863, 0.21306], [-0.60592, 0.41737, 0.22587], [-0.57984, 0.42806, 0.2351], [-0.52476, 0.43163, 0.2444], [-0.44786, 0.4278, 0.24878], [-0.37248, 0.42671, 0.24269], [-0.30008, 0.41446, 0.22628], [-0.19195, 0.34762, 0.19071], [-0.08134, 0.23151, 0.11814], [0.0, -0.14647, -0.04759]], "2-4": [[-0.64697, -0.52434, -0.24733], [-0.59415, -0.58534, -0.24369], [-0.54767, -0.6236, -0.22572], [-0.47125, -0.66573, -0.17377], [-0.45742, -0.69925, -0.12692], [-0.4233, -0.70892, -0.06654], [-0.40819, -0.71018, 0.0], [-0.94043, -0.83048, 0.05712], [-1.33521, -0.66604, 0.10291], [-1.60958, -0.3012, 0.12249], [-1.66171, -0.07002, 0.12765], [-1.64748, 0.10038, 0.14434], [-1.56854, 0.32395, 0.16321], [-1.43691, 0.53038, 0.15802], [-1.28457, 0.65416, 0.16277], [-1.14302, 0.72896, 0.16055], [-0.87621, 0.79278, 0.1471], [-0.60944, 0.75365, 0.14587], [-0.39016, 0.65151, 0.13297], [-0.21776, 0.49707, 0.1182], [-0.09365, 0.30985, 0.08651], [0.0, -0.0383, -0.14917], [0.63662, -0.53135, -0.24824], [1.02347, -0.35845, 0.15075], [1.64927, -0.28768, 0.0]], "4-5": [[1.64927, -0.28768, 0.0], [1.05723, -0.81648, -0.02099], [0.33162, -0.65428, -0.02021], [0.0, -0.07419, 0.13496], [-0.0431, 0.08296, 0.10031], [-0.08591, 0.07423, 0.16723], [-0.15116, 0.13896, 0.21278], [-0.22296, 0.14559, 0.24143], [-0.29859, 0.16307, 0.24862], [-0.37927, 0.13716, 0.23054], [-0.42982, 0.15667, 0.2086], [-0.46368, 0.16047, 0.18548], [-0.49353, 0.15844, 0.15562], [-0.52494, 0.15952, 0.11181], [-0.54554, 0.17258, 0.08278], [-0.55875, 0.17412, 0.04117], [-0.58006, 0.21343, -0.06095], [-0.5317, 0.23741, -0.16283], [-0.52786, 0.3473, -0.22187], [-0.49844, 0.53084, -0.24384], [-0.60934, 0.75145, -0.14868], [-0.80607, 0.83946, 0.0], [-0.36977, 0.68305, 0.02232], [-0.11649, 0.39076, 0.03272], [0.0, 0.13935, 0.06557], [0.09271, -0.09623, -0.17188], [0.27134, -0.07722, -0.24878], [0.46782, 0.0, -0.14623]], "2-3": [[-0.64697, -0.52434, -0.24733], [-0.75154, -0.51413, -0.23956], [-0.8104, -0.48364, -0.22494], [-0.86707, -0.45207, -0.20552], [-0.94695, -0.42072, -0.18838], [-1.01011, -0.37582, -0.16382], [-1.05632, -0.329, -0.1355], [-1.0964, -0.27879, -0.10381], [-1.13115, -0.22237, -0.06251], [-1.1583, -0.17559, -0.04187], [-1.17247, -0.14554, -0.03268], [-1.18428, -0.11057, -0.00751], [-1.19726, -0.06455, 0.02139], [-1.20498, -0.02173, 0.03992], [-1.20933, 0.0223, 0.06102], [-1.21086, 0.06894, 0.08538], [-1.19667, 0.16183, 0.12026], [-1.15759, 0.25032, 0.14436], [-1.10195, 0.33869, 0.17638], [-0.98597, 0.44231, 0.21079], [-0.8628, 0.51953, 0.23789], [-0.63814, 0.54392, 0.24872], [-0.38916, 0.49685, 0.23138], [-0.1485, 0.32516, 0.16185], [0.0, -0.14647, -0.04759]], "3-4": [[0.0, -0.14647, -0.04759], [0.09996, -0.34221, -0.06485], [0.18731, -0.47984, -0.08706], [0.30721, -0.58799, -0.12697], [0.34439, -0.61612, -0.13283], [0.38659, -0.64074, -0.14288], [0.42839, -0.65484, -0.159], [0.43853, -0.65397, -0.16624], [0.44874, -0.65272, -0.17324], [0.45903, -0.65111, -0.17998], [0.47339, -0.65287, -0.18543], [0.49026, -0.65723, -0.18948], [0.50655, -0.66257, -0.19209], [0.57399, -0.68759, -0.197], [0.60567, -0.68408, -0.20759], [0.63865, -0.67876, -0.21723], [0.77927, -0.63213, -0.24472], [0.91981, -0.54014, -0.24395], [0.99567, -0.43857, -0.21029], [1.12987, -0.22183, 0.05715], [1.44675, -0.13599, 0.24853], [1.64927, 0.28768, 0.0], [1.69431, 0.09765, 0.0], [1.69431, -0.09765, 0.0], [1.64927, -0.28768, 0.0], [1.64927, -0.28768, 0.0]], "2-5": [[-0.64697, -0.52434, -0.24733], [-0.5898, -0.4533, -0.24009], [-0.56181, -0.38213, -0.22396], [-0.54482, -0.32083, -0.20331], [-0.53217, -0.26896, -0.18242], [-0.52185, -0.21914, -0.16022], [-0.52567, -0.18258, -0.12956], [-0.51964, -0.13844, -0.10415], [-0.51613, -0.09576, -0.07733], [-0.51525, -0.0579, -0.04924], [-0.51504, -0.03657, -0.03321], [-0.51512, -0.01588, -0.01696], [-0.51533, 0.0, 0.0], [-0.51027, 0.01164, -0.05087], [-0.49547, 0.02181, -0.09894], [-0.47465, 0.03926, -0.13934], [-0.42869, 0.07779, -0.19447], [-0.3547, 0.17316, -0.24163], [-0.26687, 0.22442, -0.24541], [-0.23261, 0.39898, -0.1983], [-0.28044, 0.56985, -0.11682], [-0.40819, 0.71018, 0.0], [-0.19374, 0.51424, 0.01342], [-0.08069, 0.31698, 0.02043], [0.0, 0.11866, 0.09817], [0.09317, -0.07448, -0.17482], [0.27513, -0.05904, -0.24872], [0.46782, 0.0, -0.14623]], "1-4": [[-0.75001, 0.32598, 0.00777], [-0.69851, 0.31228, 0.06063], [-0.65435, 0.30236, 0.10114], [-0.58685, 0.28764, 0.15267], [-0.55531, 0.29409, 0.18194], [-0.51667, 0.2942, 0.20494], [-0.48171, 0.31312, 0.22685], [-0.44479, 0.31837, 0.23873], [-0.37761, 0.2858, 0.24664], [-0.34265, 0.29391, 0.24877], [-0.31748, 0.28897, 0.24786], [-0.29066, 0.27658, 0.2456], [-0.26391, 0.26107, 0.24207], [-0.23903, 0.25048, 0.23682], [-0.21771, 0.24417, 0.23044], [-0.19804, 0.23142, 0.22418], [-0.15689, 0.19767, 0.20768], [-0.11263, 0.14902, 0.18289], [-0.08834, 0.12841, 0.16196], [-0.05669, 0.1298, 0.11559], [-0.0381, 0.08762, 0.08688], [0.0, -0.10543, 0.11227], [0.32945, -0.65112, -0.03079], [1.03616, -0.82043, -0.02945], [1.64927, -0.28768, 0.0]], "3-5": [[0.0, -0.14647, -0.04759], [0.15577, -0.44165, -0.0725], [0.39505, -0.66777, -0.11477], [0.70684, -0.76741, -0.16061], [0.97396, -0.74376, -0.19027], [1.21474, -0.60928, -0.22151], [1.37393, -0.40668, -0.24043], [1.4405, -0.24472, -0.24576], [1.4468, -0.07045, -0.24878], [1.40813, 0.10681, -0.24661], [1.36442, 0.19371, -0.24351], [1.31027, 0.26475, -0.23901], [1.24255, 0.3286, -0.233], [1.16683, 0.37988, -0.22631], [1.08164, 0.4119, -0.21564], [1.03566, 0.41836, -0.20689], [0.92107, 0.42481, -0.18794], [0.82068, 0.40956, -0.17068], [0.7126, 0.36386, -0.14773], [0.62533, 0.29848, -0.12798], [0.57833, 0.24193, -0.11253], [0.53539, 0.15499, -0.08551], [0.50568, 0.10705, -0.10975], [0.48358, 0.05353, -0.12816], [0.46782, 0.0, -0.14623]], "1-5": [[-0.75001, 0.32598, 0.00777], [-0.7784, 0.34592, -0.07508], [-0.81165, 0.37442, -0.12526], [-0.82062, 0.41395, -0.1752], [-0.88701, 0.4641, -0.21369], [-0.95352, 0.51117, -0.23799], [-1.02105, 0.53901, -0.24703], [-1.07814, 0.57312, -0.24787], [-1.16888, 0.59222, -0.23685], [-1.25723, 0.58675, -0.21963], [-1.28761, 0.59295, -0.20608], [-1.29935, 0.60951, -0.19078], [-1.30832, 0.62452, -0.17473], [-1.31457, 0.63872, -0.15786], [-1.33791, 0.63853, -0.13962], [-1.3891, 0.61168, -0.12138], [-1.45985, 0.56787, -0.08312], [-1.49981, 0.53999, -0.03879], [-1.53936, 0.49439, 0.0], [-0.80669, 0.83337, 0.05481], [-0.25826, 0.57742, 0.06241], [0.0, 0.14647, -0.04759], [0.18225, -0.22843, -0.21691], [0.45685, -0.12201, -0.17956], [0.46782, 0.0, 0.14623], [0.51039, 0.0, 0.04934], [0.50954, 0.0, -0.05337], [0.46782, 0.0, -0.14623]]}}