{"graph": "k5e", "genus": 2, "class": 9, "representative": {"1": [3, 4, 5], "2": [3, 4, 5], "3": [1, 2, 4, 5], "4": [1, 3, 2, 5], "5": [1, 3, 4, 2]}, "vertices": {"1": [0.9785, 0.43099, 0.22638], "2": [-0.96991, -0.66043, 0.2563], "3": [0.26655, -0.0, 0.26742], "4": [0.66869, -0.68614, -0.23831], "5": [0.26655, 0.0, -0.26742]}, "edges": {"1-3": [[0.9785, 0.43099, 0.22638], [0.92716, 0.39491, 0.18911], [0.88504, 0.39151, 0.17911], [0.8397, 0.3851, 0.17194], [0.79724, 0.37614, 0.16707], [0.75193, 0.36406, 0.16439], [0.71003, 0.34866, 0.16519], [0.66798, 0.33205, 0.16719], [0.62588, 0.30895, 0.17395], [0.5865, 0.28629, 0.18186], [0.54757, 0.25839, 0.19332], [0.50782, 0.23393, 0.20779], [0.4698, 0.20439, 0.22106], [0.42925, 0.1778, 0.23654], [0.39053, 0.14766, 0.24886], [0.3466, 0.11892, 0.25947], [0.30619, 0.08974, 0.26698], [0.23218, 0.06312, 0.26468], [0.26655, -0.0, 0.26742]], "2-4": [[-0.96991, -0.66043, 0.2563], [-0.97235, -0.7261, 0.22486], [-1.03109, -0.71196, 0.22604], [-1.09148, -0.69683, 0.22679], [-1.14676, -0.67901, 0.22225], [-1.20056, -0.66138, 0.21803], [-1.25428, -0.64119, 0.21221], [-1.30291, -0.62016, 0.20376], [-1.35137, -0.60044, 0.19186], [-1.39779, -0.57371, 0.18166], [-1.43806, -0.54581, 0.16909], [-1.47907, -0.51854, 0.154], [-1.51605, -0.4874, 0.14242], [-1.54985, -0.44819, 0.12852], [-1.5803, -0.41061, 0.11531], [-1.61061, -0.3722, 0.09815], [-1.63667, -0.32699, 0.08686], [-1.65531, -0.2829, 0.07415], [-1.67387, -0.23837, 0.06212], [-1.69169, -0.19334, 0.04615], [-1.7018, -0.14135, 0.03387], [-1.70817, -0.09322, 0.0214], [-1.71468, -0.046, 0.00668], [-1.71781, 0.00328, -0.01962], [-1.71082, 0.04595, -0.04344], [-1.69998, 0.08722, -0.07187], [-1.68783, 0.12712, -0.09637], [-1.67085, 0.16502, -0.12455], [-1.64724, 0.20422, -0.14527], [-1.61947, 0.2366, -0.16815], [-1.59263, 0.26761, -0.18595], [-1.54966, 0.28546, -0.21657], [-1.50152, 0.30158, -0.23981], [-1.45206, 0.31191, -0.25617], [-1.4039, 0.32056, -0.26417], [-1.35139, 0.32405, -0.26742], [-1.29976, 0.32418, -0.26388], [-1.2523, 0.32488, -0.25643], [-1.20351, 0.32109, -0.23986], [-1.15722, 0.31625, -0.2168], [-1.11584, 0.30853, -0.18929], [-1.07696, 0.30523, -0.16079], [-1.0409, 0.30308, -0.12241], [-1.01054, 0.29993, -0.08149], [-0.97965, 0.30259, -0.03815], [-0.95532, 0.30891, 0.00623], [-0.92512, 0.31924, 0.04282], [-0.89583, 0.33566, 0.0825], [-0.86942, 0.35157, 0.12134], [-0.83793, 0.36967, 0.15287], [-0.80808, 0.39379, 0.18384], [-0.77256, 0.41748, 0.21168], [-0.73458, 0.44156, 0.23395], [-0.69663, 0.46176, 0.24741], [-0.65341, 0.48202, 0.25947], [-0.61001, 0.49525, 0.26583], [-0.56324, 0.50901, 0.26742], [-0.51461, 0.51825, 0.26644], [-0.46811, 0.51937, 0.2604], [-0.41814, 0.52029, 0.25205], [-0.37319, 0.5097, 0.2422], [-0.32675, 0.49924, 0.22801], [-0.28424, 0.48222, 0.21325], [-0.23908, 0.46491, 0.19582], [-0.20239, 0.4357, 0.17941], [-0.1682, 0.40698, 0.16238], [-0.13407, 0.377, 0.14202], [-0.10088, 0.34358, 0.12082], [-0.07452, 0.30735, 0.09833], [-0.04772, 0.26435, 0.01127], [-0.02937, 0.22449, -0.00345], [-0.02781, 0.18169, -0.01679], [-0.0189, 0.14287, -0.03939], [-0.00849, 0.10986, -0.06795], [0.00374, 0.07875, -0.09983], [0.0111, 0.03816, -0.1231], [0.02695, -0.00777, -0.15151], [0.02117, -0.06298, -0.15799], [0.03164, -0.10753, -0.14747], [0.05191, -0.149, -0.13443], [0.07414, -0.18715, -0.1173], [0.05846, -0.23976, -0.11417], [0.07399, -0.28487, -0.11557], [0.09264, -0.32798, -0.1182], [0.11217, -0.37036, -0.11842], [0.14727, -0.41013, -0.13456], [0.1794, -0.45029, -0.14591], [0.21917, -0.48583, -0.16367], [0.25892, -0.51682, -0.1735], [0.29861, -0.54759, -0.18345], [0.34083, -0.58019, -0.19337], [0.38604, -0.60369, -0.20111], [0.43012, -0.62927, -0.20493], [0.47443, -0.65522, -0.20862], [0.52314, -0.68001, -0.20736], [0.56999, -0.70366, -0.20549], [0.61691, -0.72752, -0.20351], [0.66869, -0.68614, -0.23831]], "4-5": [[0.66869, -0.68614, -0.23831], [0.62191, -0.63905, -0.25196], [0.5925, -0.60375, -0.25826], [0.5614, -0.5717, -0.26182], [0.52931, -0.53884, -0.26473], [0.49783, -0.50588, -0.26647], [0.46886, -0.46891, -0.26742], [0.43766, -0.43484, -0.26742], [0.40722, -0.40021, -0.26742], [0.37817, -0.36494, -0.26742], [0.35123, -0.32893, -0.26742], [0.32716, -0.2921, -0.26742], [0.30689, -0.2544, -0.26742], [0.29146, -0.21589, -0.26742], [0.28088, -0.17703, -0.26742], [0.28247, -0.13756, -0.26742], [0.29032, -0.09842, -0.26742], [0.30729, -0.059, -0.26606], [0.26655, 0.0, -0.26742]], "2-3": [[-0.96991, -0.66043, 0.2563], [-0.90706, -0.62925, 0.26481], [-0.86947, -0.60084, 0.26742], [-0.83222, -0.57605, 0.26742], [-0.79652, -0.54607, 0.26442], [-0.761, -0.51887, 0.26031], [-0.72782, -0.48584, 0.25397], [-0.69713, -0.4563, 0.24509], [-0.66748, -0.42328, 0.23698], [-0.64133, -0.38622, 0.22264], [-0.61904, -0.351, 0.21068], [-0.59886, -0.31134, 0.19384], [-0.58155, -0.27589, 0.1782], [-0.56534, -0.23734, 0.16285], [-0.55453, -0.20094, 0.14308], [-0.54295, -0.16323, 0.1277], [-0.53565, -0.129, 0.11386], [-0.53033, -0.09187, 0.09754], [-0.52614, -0.0598, 0.08611], [-0.52556, -0.0242, 0.07637], [-0.51376, -0.0055, 0.10663], [-0.49543, 0.00825, 0.14007], [-0.47311, 0.02529, 0.17328], [-0.44478, 0.04152, 0.20427], [-0.41338, 0.05638, 0.22822], [-0.37187, 0.0704, 0.24915], [-0.32524, 0.08283, 0.26277], [-0.27544, 0.09319, 0.26742], [-0.22476, 0.10093, 0.26226], [-0.17536, 0.10547, 0.24721], [-0.12907, 0.10634, 0.22259], [-0.09066, 0.10134, 0.19257], [-0.06155, 0.09157, 0.16138], [-0.03883, 0.07754, 0.13127], [-0.01848, 0.05932, 0.09772], [-0.01265, 0.03046, 0.08574], [-0.00951, -0.00208, 0.07393], [0.00482, -0.04117, 0.05097], [0.01193, -0.08552, 0.04391], [0.01756, -0.13061, 0.02937], [0.04147, -0.17709, 0.02418], [0.02907, -0.22332, 0.0035], [0.04187, -0.27043, -0.01325], [0.05928, -0.31595, -0.0247], [0.0796, -0.36053, -0.03618], [0.10412, -0.40442, -0.0327], [0.12958, -0.44655, -0.03421], [0.15511, -0.48817, -0.03363], [0.18784, -0.52984, -0.03255], [0.22082, -0.56666, -0.0313], [0.25385, -0.60351, -0.0302], [0.29075, -0.64229, -0.02915], [0.32961, -0.67076, -0.02734], [0.36792, -0.69881, -0.02568], [0.40532, -0.72619, -0.0241], [0.44704, -0.75179, -0.02209], [0.48545, -0.76921, -0.01933], [0.52151, -0.78559, -0.01646], [0.55529, -0.80094, -0.01374], [0.58535, -0.81528, -0.00536], [0.62104, -0.82441, 0.00737], [0.60676, -0.82008, 0.01952], [0.57336, -0.80679, 0.03298], [0.54373, -0.79206, 0.04636], [0.51302, -0.7744, 0.06408], [0.48031, -0.75496, 0.07785], [0.44549, -0.73433, 0.09237], [0.4084, -0.70447, 0.10559], [0.37721, -0.67111, 0.12229], [0.34505, -0.638, 0.13602], [0.31079, -0.60149, 0.15064], [0.28769, -0.55995, 0.16515], [0.26442, -0.5191, 0.17636], [0.242, -0.47822, 0.1883], [0.22044, -0.43327, 0.19822], [0.212, -0.3851, 0.21102], [0.20131, -0.33911, 0.22106], [0.19036, -0.29129, 0.23071], [0.19473, -0.23872, 0.24067], [0.19605, -0.18763, 0.24829], [0.20143, -0.13461, 0.25654], [0.20154, -0.0829, 0.25772], [0.20163, -0.03121, 0.2589], [0.26655, -0.0, 0.26742]],