{"graph": "k5e", "genus": 2, "class": 27, "representative": {"1": [3, 4, 5], "2": [3, 5, 4], "3": [1, 2, 4, 5], "4": [1, 2, 5, 3], "5": [1, 4, 2, 3]}, "vertices": {"1": [0.17478, -0.16254, -0.22274], "2": [-0.29256, 0.0, 0.24742], "3": [0.0, -0.11738, 0.0997], "4": [-0.62801, 0.61879, -0.23927], "5": [1.08907, 0.80901, 0.0]}, "edges": {"1-3": [[0.17478, -0.16254, -0.22274], [0.25747, -0.1692, -0.24666], [0.34046, -0.16061, -0.24379], [0.43651, -0.1701, -0.20766], [0.49196, -0.17008, -0.16304], [0.54046, -0.17865, -0.1013], [0.56485, -0.18296, -0.03694], [0.58767, -0.2153, 0.03677], [0.56332, -0.22963, 0.11977], [0.53467, -0.26727, 0.17959], [0.53307, -0.32137, 0.20916], [0.53533, -0.37239, 0.22823], [0.51531, -0.41719, 0.24331], [0.5156, -0.47784, 0.24875], [0.50185, -0.52148, 0.2456], [0.48544, -0.56541, 0.23371], [0.57753, -0.71516, 0.17564], [0.65272, -0.79205, 0.10377], [0.78128, -0.83753, 0.0], [0.60383, -0.80138, -0.0078], [0.4579, -0.73888, -0.01481], [0.32968, -0.65241, -0.02294], [0.16456, -0.47332, -0.01997], [0.07815, -0.30989, -0.02368], [0.0, -0.11738, 0.0997]], "2-5": [[-0.29256, 0.0, 0.24742], [-0.22638, -0.08043, 0.24463], [-0.18587, -0.19842, 0.22347], [-0.18099, -0.31332, 0.19502], [-0.21897, -0.49259, 0.12481], [-0.30181, -0.61517, 0.07378], [-0.50947, -0.76511, 0.0], [-0.84703, -0.80788, -0.12408], [-1.1415, -0.66979, -0.2092], [-1.28497, -0.42175, -0.24868], [-1.31004, -0.26588, -0.23912], [-1.29532, -0.10889, -0.20391], [-1.24921, -0.04408, -0.1486], [-1.20742, 0.06967, -0.07595], [-1.16854, 0.14901, -0.0067], [-1.13873, 0.21984, 0.07731], [-1.06665, 0.37133, 0.18455], [-0.93735, 0.51393, 0.238], [-0.67257, 0.6036, 0.24565], [-0.43898, 0.59773, 0.2069], [-0.17277, 0.42078, 0.12931], [0.0, 0.01665, -0.1531], [0.77818, -0.53761, -0.24397], [1.24883, -0.12814, 0.16974], [1.08907, 0.80901, 0.0]], "1-4": [[0.17478, -0.16254, -0.22274], [0.0951, -0.10527, -0.17311], [0.0502, -0.12413, -0.10438], [0.0, 0.11738, 0.0997], [-0.07074, 0.28911, 0.02828], [-0.10772, 0.37053, 0.04182], [-0.21408, 0.53395, 0.04403], [-0.33439, 0.64561, 0.0674], [-0.45643, 0.72754, 0.06873], [-0.61069, 0.7882, 0.08442], [-0.68264, 0.8058, 0.08847], [-0.76297, 0.81686, 0.09448], [-0.84147, 0.82152, 0.09635], [-0.90018, 0.81962, 0.0988], [-0.96517, 0.8113, 0.10423], [-1.05245, 0.78718, 0.11934], [-1.11867, 0.76443, 0.12512], [-1.16783, 0.74656, 0.12408], [-1.22506, 0.7208, 0.12318], [-1.02495, 0.81492, 0.06792], [-0.78316, 0.83437, 0.04047], [-0.50947, 0.76511, 0.0], [-0.56227, 0.75929, -0.11062], [-0.61459, 0.72498, -0.17907], [-0.62801, 0.61879, -0.23927]], "2-3": [[-0.29256, 0.0, 0.24742], [-0.30484, 0.0032, 0.24582], [-0.31696, 0.00869, 0.24363], [-0.32901, 0.01394, 0.24086], [-0.32668, 0.02005, 0.2415], [-0.32442, 0.02621, 0.24211], [-0.32223, 0.03243, 0.24269], [-0.313, 0.03918, 0.24467], [-0.30378, 0.04615, 0.24626], [-0.29469, 0.05311, 0.24746], [-0.28784, 0.05393, 0.24807], [-0.28097, 0.05475, 0.2485], [-0.27409, 0.05558, 0.24873], [-0.26394, 0.05928, 0.24872], [-0.25339, 0.06433, 0.24823], [-0.24292, 0.06952, 0.24725], [-0.21855, 0.07936, 0.24309], [-0.19588, 0.08412, 0.23689], [-0.17375, 0.09251, 0.22822], [-0.13713, 0.10846, 0.20731], [-0.10538, 0.08031, 0.1858], [-0.08316, 0.07619, 0.16395], [-0.05328, 0.10561, 0.11584], [-0.03603, 0.07651, 0.08428], [0.0, -0.11738, 0.0997]], "3-4": [[0.0, -0.11738, 0.0997], [0.0, -0.12427, 0.09097], [0.0, -0.13051, 0.08177], [0.0, -0.13607, 0.07214], [-0.05066, 0.13852, 0.10027], [-0.0839, 0.13717, 0.15487], [-0.14641, 0.18578, 0.20289], [-0.20007, 0.22428, 0.22618], [-0.25388, 0.22878, 0.24274], [-0.31408, 0.23991, 0.24876], [-0.34436, 0.23733, 0.24745], [-0.38498, 0.2456, 0.24179], [-0.42368, 0.24313, 0.23041], [-0.44896, 0.22897, 0.21636], [-0.46887, 0.22633, 0.20468], [-0.48749, 0.21406, 0.18737], [-0.52507, 0.21721, 0.15565], [-0.55919, 0.2241, 0.11965], [-0.57781, 0.21634, 0.07361], [-0.6096, 0.23642, -0.00221], [-0.62592, 0.26841, -0.07588], [-0.60278, 0.28732, -0.13733], [-0.59728, 0.39204, -0.21736], [-0.62678, 0.5091, -0.24661], [-0.62801, 0.61879, -0.23927]], "1-5": [[0.17478, -0.16254, -0.22274], [0.19892, -0.14542, -0.23436], [0.22458, -0.13184, -0.24251], [0.25133, -0.11867, -0.24734], [0.28548, -0.1146, -0.24866], [0.32278, -0.09114, -0.244], [0.36568, -0.06734, -0.23011], [0.39266, -0.0663, -0.21714], [0.42064, -0.06784, -0.19932], [0.44115, -0.05828, -0.18112], [0.44788, -0.0495, -0.17343], [0.45489, -0.04153, -0.16497], [0.46398, -0.03669, -0.15356], [0.47169, -0.03258, -0.14271], [0.47885, -0.02864, -0.13144], [0.48542, -0.02488, -0.11978], [0.49312, -0.01887, -0.10381], [0.50164, -0.02378, -0.08363], [0.50756, -0.01604, -0.06311], [0.51185, -0.0093, -0.04221], [0.51446, -0.00275, -0.02099], [0.51533, 0.0, 0.0], [0.43027, 0.27348, -0.2342], [0.5466, 0.6842, -0.1907], [1.08907, 0.80901, 0.0]], "3-5": [[0.0, -0.11738, 0.0997], [0.14688, -0.44299, -0.03551], [0.43273, -0.71692, -0.059], [0.79778, -0.82525, -0.08114], [1.03399, -0.80079, -0.10095], [1.28649, -0.68241, -0.12859], [1.47358, -0.50404, -0.14439], [1.56394, -0.30929, -0.17423], [1.61402, -0.14842, -0.17457], [1.61265, -0.01118, -0.18922], [1.59799, 0.09073, -0.1967], [1.57044, 0.18513, -0.20364], [1.53177, 0.26247, -0.21216], [1.49014, 0.32989, -0.21797], [1.44315, 0.39167, -0.22261], [1.38757, 0.45111, -0.22661], [1.29732, 0.51788, -0.23337], [1.20405, 0.56569, -0.23863], [1.11229, 0.59727, -0.24229], [1.03878, 0.62986, -0.24075], [0.94956, 0.66489, -0.236], [0.83831, 0.67437, -0.23476], [0.85394, 0.76378, -0.18026], [0.96601, 0.81109, -0.10444], [1.08907, 0.80901, 0.0]], "2-4": [[-0.29256, 0.0, 0.24742], [-0.36429, 0.0, 0.22878], [-0.42734, 0.00143, 0.18984], [-0.47595, 0.00257, 0.13434], [-0.49921, 0.00405, 0.08815], [-0.51246, 0.00402, 0.03782], [-0.51493, 0.00357, -0.01439], [-0.51037, 0.00325, -0.04951], [-0.50087, 0.00297, -0.08362], [-0.48678, 0.00231, -0.11574], [-0.47803, 0.0021, -0.13103], [-0.46823, 0.00188, -0.14567], [-0.45741, 0.00166, -0.15958], [-0.44677, 0.0014, -0.17151], [-0.43538, 0.00113, -0.18273], [-0.42343, 0.00091, -0.19308], [-0.40366, 0.00032, -0.20759], [-0.38245, 0.0, -0.22013], [-0.36028, 0.0, -0.23045], [-0.34343, 0.0, -0.2366], [-0.31454, 0.0, -0.24411], [-0.29256, 0.0, -0.24742], [-0.78858, -0.38621, 0.14826], [-1.55988, -0.25038, 0.19692], [-0.97859, 0.83255, 0.0], [-0.8203, 0.81491, -0.10929], [-0.75705, 0.74249, -0.19289], [-0.62801, 0.61879, -0.23927]], "4-5": [[-0.62801, 0.61879, -0.23927], [-0.70115, 0.53852, -0.24682], [-0.7347, 0.44201, -0.21011], [-0.7504, 0.38305, -0.15547], [-0.7642, 0.34899, -0.09303], [-0.76771, 0.33125, -0.0023], [-0.73674, 0.33618, 0.08266], [-0.71211, 0.34609, 0.12272], [-0.67824, 0.37747, 0.17793], [-0.64975, 0.41106, 0.21142], [-0.6239, 0.4255, 0.22495], [-0.59825, 0.43596, 0.23402], [-0.56493, 0.44758, 0.2422], [-0.52924, 0.45593, 0.247], [-0.49614, 0.46422, 0.24876], [-0.45531, 0.46748, 0.2475], [-0.39453, 0.46859, 0.23949], [-0.3311, 0.47568, 0.21892], [-0.25289, 0.43937, 0.19364], [-0.16037, 0.36764, 0.1519], [-0.085, 0.2727, 0.09909], [0.0, -0.04917, -0.14595], [0.80242, -0.57281, -0.24822], [1.24455, -0.08129, 0.15037], [1.08907, 0.80901, 0.0]]}}