{"graph": "k5e", "genus": 2, "class": 29, "representative": {"1": [3, 4, 5], "2": [3, 5, 4], "3": [1, 2, 4, 5], "4": [1, 3, 2, 5], "5": [1, 3, 2, 4]}, "vertices": {"1": [-1.3538, 0.30399, -0.24851], "2": [1.12048, 0.43651, -0.23437], "3": [0.0, -0.06682, -0.13876], "4": [0.86491, -0.8294, -0.07538], "5": [-0.85889, 0.84111, 0.0]}, "edges": {"1-3": [[-1.3538, 0.30399, -0.24851], [-1.48102, 0.14926, -0.24421], [-1.5543, -0.063, -0.2251], [-1.53112, -0.34542, -0.18755], [-1.41898, -0.57515, -0.13263], [-1.15018, -0.77962, -0.06579], [-0.85889, -0.84111, 0.0], [-1.25884, -0.73441, 0.04896], [-1.53466, -0.47597, 0.08381], [-1.65393, -0.17163, 0.11419], [-1.67147, 0.03042, 0.11459], [-1.64558, 0.15491, 0.13422], [-1.59107, 0.29379, 0.15246], [-1.50288, 0.46844, 0.14237], [-1.37368, 0.58795, 0.16161], [-1.26881, 0.66734, 0.15959], [-1.06749, 0.75632, 0.15793], [-0.83263, 0.79096, 0.14922], [-0.61694, 0.75353, 0.14919], [-0.31112, 0.58493, 0.13489], [-0.11841, 0.35776, 0.09473], [0.0, -0.03427, -0.15015], [0.0, -0.04539, -0.14716], [0.0, -0.05627, -0.14336], [0.0, -0.06682, -0.13876], [0.0, -0.06682, -0.13876]], "2-5": [[1.12048, 0.43651, -0.23437], [1.02301, 0.45611, -0.22431], [0.94216, 0.45723, -0.21357], [0.84134, 0.44166, -0.19823], [0.73802, 0.40209, -0.17929], [0.65957, 0.34404, -0.15483], [0.60374, 0.2798, -0.12742], [0.57332, 0.23605, -0.1126], [0.54429, 0.17371, -0.08727], [0.52532, 0.11148, -0.06316], [0.5207, 0.08251, -0.04736], [0.51757, 0.05368, -0.03114], [0.51578, 0.02473, -0.01481], [0.51547, 0.01497, -0.00967], [0.51533, 0.0052, -0.00453], [0.51533, 0.0, 0.0], [0.48636, -0.02573, -0.11818], [0.41465, -0.06657, -0.20347], [0.29664, -0.1096, -0.24801], [0.15946, -0.12792, -0.21864], [0.06196, -0.10018, -0.13202], [0.0, 0.12041, 0.09602], [-0.12608, 0.41004, 0.02626], [-0.40653, 0.70838, 0.01763], [-0.85889, 0.84111, 0.0]], "1-5": [[-1.3538, 0.30399, -0.24851], [-1.3174, 0.35187, -0.24837], [-1.2721, 0.4032, -0.24833], [-1.22031, 0.4509, -0.24836], [-1.1802, 0.48682, -0.24862], [-1.1463, 0.51066, -0.2487], [-1.10148, 0.52676, -0.24847], [-1.0798, 0.5392, -0.24859], [-1.0427, 0.55401, -0.24863], [-1.01299, 0.57255, -0.24878], [-0.99973, 0.58403, -0.24864], [-0.98597, 0.59519, -0.24825], [-0.97171, 0.60601, -0.24761], [-0.96989, 0.61748, -0.2463], [-0.96763, 0.62899, -0.24449], [-0.95489, 0.64086, -0.24247], [-0.93884, 0.66406, -0.23672], [-0.91006, 0.68721, -0.22918], [-0.88472, 0.70577, -0.22117], [-0.87827, 0.72592, -0.20971], [-0.87622, 0.74528, -0.19606], [-0.85162, 0.76901, -0.17512], [-0.82237, 0.80735, -0.12372], [-0.89114, 0.83262, -0.06207], [-0.85889, 0.84111, 0.0]], "1-4": [[-1.3538, 0.30399, -0.24851], [-1.22504, 0.36205, -0.23643], [-1.1072, 0.38134, -0.20748], [-1.01209, 0.37381, -0.16253], [-0.92998, 0.36242, -0.11028], [-0.86601, 0.34813, -0.04788], [-0.81001, 0.34073, 0.01816], [-0.73817, 0.34558, 0.10339], [-0.66016, 0.34308, 0.1534], [-0.58966, 0.35254, 0.19941], [-0.55246, 0.35388, 0.21555], [-0.52083, 0.36684, 0.23055], [-0.46124, 0.35684, 0.24191], [-0.38727, 0.32528, 0.24802], [-0.35663, 0.34871, 0.24805], [-0.29279, 0.31984, 0.24196], [-0.21416, 0.2649, 0.22568], [-0.13268, 0.19659, 0.1905], [-0.0788, 0.14578, 0.14625], [-0.0555, 0.14512, 0.10813], [-0.03898, 0.10006, 0.08544], [0.0, -0.12041, 0.09602], [0.06642, -0.27782, -0.02603], [0.10134, -0.3581, -0.03975], [0.18114, -0.49424, -0.03374], [0.37744, -0.68074, -0.05994], [0.59131, -0.78779, -0.06675], [0.86491, -0.8294, -0.07538]], "3-5": [[0.0, -0.06682, -0.13876], [-0.21414, 0.46232, 0.14655], [-0.55871, 0.67701, 0.19979], [-0.97891, 0.67053, 0.23237], [-1.29987, 0.38824, 0.24873], [-1.38001, -0.00198, 0.23837], [-1.14465, -0.33591, 0.19747], [-0.86342, -0.3929, 0.14876], [-0.60795, -0.25635, 0.08555], [-0.51533, 0.0, 0.0], [-0.51293, 0.00601, -0.03488], [-0.50594, 0.0156, -0.06891], [-0.49441, 0.0196, -0.10106], [-0.48248, 0.03516, -0.12638], [-0.46648, 0.04952, -0.15217], [-0.45314, 0.0671, -0.1706], [-0.42436, 0.10548, -0.20202], [-0.38404, 0.17562, -0.23342], [-0.36238, 0.26566, -0.24706], [-0.33125, 0.32964, -0.24699], [-0.33928, 0.44287, -0.23178], [-0.39538, 0.5545, -0.21188], [-0.49947, 0.69983, -0.15525], [-0.67005, 0.80672, -0.07814], [-0.85889, 0.84111, 0.0]], "2-4": [[1.12048, 0.43651, -0.23437], [1.16853, 0.4463, -0.24388], [1.21877, 0.45875, -0.24861], [1.25932, 0.44553, -0.24869], [1.3069, 0.43477, -0.24672], [1.35146, 0.42095, -0.24248], [1.39821, 0.4042, -0.235], [1.43676, 0.37287, -0.22976], [1.47289, 0.33878, -0.22366], [1.50666, 0.3013, -0.21677], [1.52803, 0.27201, -0.21212], [1.54897, 0.2401, -0.20678], [1.56817, 0.20668, -0.2011], [1.5859, 0.16923, -0.19529], [1.60093, 0.1247, -0.19041], [1.61261, 0.07584, -0.18601], [1.62351, 0.00017, -0.17947], [1.63078, -0.05087, -0.17043], [1.63048, -0.11294, -0.16353], [1.60435, -0.23217, -0.16242], [1.55516, -0.37593, -0.14937], [1.46419, -0.52468, -0.13539], [1.29332, -0.68275, -0.12182], [1.07075, -0.79056, -0.10374], [0.86491, -0.8294, -0.07538]], "4-5": [[0.86491, -0.8294, -0.07538], [0.98077, -0.82141, -0.0722], [1.11336, -0.78582, -0.0854], [1.27293, -0.72095, -0.06888], [1.37762, -0.65159, -0.06355], [1.48653, -0.55071, -0.05482], [1.58292, -0.41932, -0.04671], [1.6353, -0.31501, -0.03999], [1.66471, -0.23283, -0.03392], [1.69008, -0.12119, -0.02367], [1.69597, -0.07481, -0.01854], [1.69915, -0.03066, -0.01212], [1.69977, 0.01456, -0.00713], [1.6999, 0.0102, -0.00433], [1.69998, 0.0058, -0.00145], [1.7, -0.0, 0.0], [1.40411, -0.4728, 0.21252], [0.95197, -0.47133, 0.22219], [0.76439, -0.33126, 0.02138], [0.54238, -0.3296, -0.20872], [0.22458, -0.28953, -0.22557], [0.0, 0.15015, 0.03427], [-0.11981, 0.39591, 0.03643], [-0.39174, 0.69775, 0.02662], [-0.85889, 0.84111, 0.0]], "2-3": [[1.12048, 0.43651, -0.23437], [1.19129, 0.39533, -0.23694], [1.23732, 0.34466, -0.23541], [1.28031, 0.27845, -0.23299], [1.3151, 0.2287, -0.23487], [1.35215, 0.15423, -0.23704], [1.38149, 0.05758, -0.23971], [1.3957, -0.0166, -0.24257], [1.3803, -0.10643, -0.24139], [1.37204, -0.20625, -0.24566], [1.36331, -0.25657, -0.24738], [1.35764, -0.2902, -0.24831], [1.34078, -0.33092, -0.24866], [1.31794, -0.37734, -0.24877], [1.29522, -0.42032, -0.24841], [1.26794, -0.46218, -0.24753], [1.2038, -0.54856, -0.24248], [1.11406, -0.6229, -0.23529], [0.99159, -0.68485, -0.22542], [0.80968, -0.72957, -0.2064], [0.66335, -0.73407, -0.1841], [0.4826, -0.66918, -0.17644], [0.27164, -0.54864, -0.13129], [0.118, -0.36408, -0.08673], [0.0, -0.06682, -0.13876]], "3-4": [[0.0, -0.06682, -0.13876], [0.05256, -0.21258, -0.09661], [0.11073, -0.35596, -0.07814], [0.16915, -0.45094, -0.09051], [0.2068, -0.5005, -0.09558], [0.24477, -0.54095, -0.10388], [0.28097, -0.57476, -0.11082], [0.30206, -0.59294, -0.11409], [0.32529, -0.61362, -0.11455], [0.352, -0.63848, -0.11052], [0.36516, -0.65001, -0.10839], [0.37858, -0.66125, -0.10626], [0.39227, -0.67221, -0.10411], [0.40524, -0.68218, -0.102], [0.41798, -0.69159, -0.09989], [0.43064, -0.70058, -0.09777], [0.45474, -0.71598, -0.09524], [0.48622, -0.73196, -0.09714], [0.51833, -0.74655, -0.09903], [0.56303, -0.76415, -0.1016], [0.60564, -0.77796, -0.10442], [0.64214, -0.79083, -0.10031], [0.698, -0.80747, -0.09233], [0.77665, -0.82031, -0.08958], [0.86491, -0.8294, -0.07538]]}}