{"graph": "k5e", "genus": 2, "class": 24, "representative": {"1": [3, 4, 5], "2": [3, 5, 4], "3": [1, 2, 4, 5], "4": [1, 2, 3, 5], "5": [1, 4, 2, 3]}, "vertices": {"1": [0.15627, -0.45828, -0.03345], "2": [-0.33289, 0.57424, 0.16476], "3": [-1.7, 0.0, 0.0], "4": [0.50033, 0.0, -0.08509], "5": [1.38871, -0.45647, 0.22459]}, "edges": {"1-3": [[0.15627, -0.45828, -0.03345], [0.0962, -0.34767, -0.03802], [0.06226, -0.26656, -0.02308], [0.0, -0.11738, 0.0997], [-0.0572, 0.1454, 0.11142], [-0.12467, 0.17926, 0.18756], [-0.24165, 0.27262, 0.23473], [-0.35302, 0.32538, 0.24861], [-0.46691, 0.34627, 0.23893], [-0.53883, 0.32422, 0.20782], [-0.57622, 0.32415, 0.18859], [-0.60645, 0.31555, 0.16266], [-0.65997, 0.31552, 0.11739], [-0.7016, 0.32358, 0.08838], [-0.73279, 0.32669, 0.05701], [-0.77761, 0.33389, 0.0064], [-0.8244, 0.3498, -0.06237], [-0.86293, 0.37531, -0.12166], [-0.92013, 0.40331, -0.167], [-1.02608, 0.45224, -0.22305], [-1.15439, 0.48627, -0.24768], [-1.3105, 0.46673, -0.24213], [-1.48443, 0.40161, -0.19769], [-1.63199, 0.26126, -0.1088], [-1.7, 0.0, 0.0]], "2-5": [[-0.33289, 0.57424, 0.16476], [-0.21345, 0.47647, 0.13352], [-0.09447, 0.31163, 0.08676], [0.0, 0.01665, -0.1531], [0.10193, -0.31329, -0.10203], [0.239, -0.47015, -0.16558], [0.41345, -0.56677, -0.21301], [0.49012, -0.57497, -0.23164], [0.55515, -0.56999, -0.24295], [0.64387, -0.55348, -0.24878], [0.69919, -0.54839, -0.24788], [0.76131, -0.52972, -0.24292], [0.81405, -0.50624, -0.23413], [0.8427, -0.4861, -0.22508], [0.85634, -0.4619, -0.21185], [0.89306, -0.437, -0.19539], [0.90037, -0.39782, -0.15777], [0.94851, -0.35946, -0.11254], [0.96239, -0.33658, -0.06477], [1.00435, -0.31133, 0.0064], [1.03033, -0.31374, 0.08222], [1.0798, -0.32194, 0.14537], [1.15088, -0.37455, 0.21933], [1.28105, -0.41199, 0.24877], [1.38871, -0.45647, 0.22459]], "1-4": [[0.15627, -0.45828, -0.03345], [0.20667, -0.52614, -0.03938], [0.2634, -0.586, -0.05273], [0.30571, -0.62161, -0.06634], [0.37421, -0.6756, -0.06859], [0.44631, -0.7219, -0.06858], [0.54848, -0.76543, -0.08546], [0.64233, -0.79473, -0.09143], [0.73653, -0.81179, -0.09811], [0.832, -0.81759, -0.10466], [0.89977, -0.81503, -0.10881], [0.97643, -0.80296, -0.1177], [1.06828, -0.77333, -0.13519], [1.15172, -0.73748, -0.14638], [1.21152, -0.70584, -0.15233], [1.27002, -0.6651, -0.1611], [1.4025, -0.53823, -0.17912], [1.50885, -0.3745, -0.19233], [1.56889, -0.19743, -0.20244], [1.55138, 0.08356, -0.22545], [1.43296, 0.32707, -0.2392], [1.23871, 0.4774, -0.24815], [0.83546, 0.525, -0.23964], [0.55724, 0.30161, -0.1855], [0.50033, 0.0, -0.08509]], "2-3": [[-0.33289, 0.57424, 0.16476], [-0.66212, 0.70832, 0.20371], [-1.03903, 0.6414, 0.23755], [-1.28103, 0.41438, 0.24878], [-1.36335, 0.08706, 0.23543], [-1.25308, -0.22902, 0.20803], [-0.99979, -0.39188, 0.17593], [-0.74422, -0.35186, 0.11177], [-0.57344, -0.21124, 0.07495], [-0.51533, 0.0, 0.0], [-0.51539, 0.01105, -0.00779], [-0.51573, 0.0246, -0.01546], [-0.51638, 0.03817, -0.02312], [-0.51568, 0.06201, -0.05062], [-0.51094, 0.07355, -0.07657], [-0.50546, 0.08646, -0.09841], [-0.49045, 0.13058, -0.14599], [-0.48249, 0.22092, -0.19388], [-0.49159, 0.32354, -0.22652], [-0.54263, 0.44962, -0.2451], [-0.64561, 0.5672, -0.24841], [-0.81826, 0.68088, -0.23202], [-1.1933, 0.69132, -0.17621], [-1.53599, 0.4691, -0.09138], [-1.7, 0.0, 0.0]], "3-4": [[-1.7, 0.0, 0.0], [-1.21417, 0.76006, 0.03238], [-0.38249, 0.69026, 0.03457], [0.0, 0.11738, 0.0997], [0.038, -0.08218, -0.08812], [0.05696, -0.09697, -0.12443], [0.09343, -0.07937, -0.17459], [0.12112, -0.09828, -0.19698], [0.1574, -0.10648, -0.21945], [0.19715, -0.0932, -0.23691], [0.21691, -0.09019, -0.24241], [0.2375, -0.08496, -0.24633], [0.25918, -0.07636, -0.24848], [0.27692, -0.07461, -0.24872], [0.29355, -0.07606, -0.24781], [0.31259, -0.07001, -0.24528], [0.34628, -0.04068, -0.2362], [0.37617, -0.04453, -0.22432], [0.40438, -0.04113, -0.20834], [0.42878, -0.03527, -0.18984], [0.44665, -0.02171, -0.17222], [0.46622, -0.01379, -0.14873], [0.47957, -0.00805, -0.12865], [0.49099, -0.0027, -0.10735], [0.50033, 0.0, -0.08509]], "4-5": [[0.50033, 0.0, -0.08509], [0.45966, 0.12501, -0.17782], [0.44868, 0.28889, -0.23169], [0.52631, 0.49674, -0.24872], [0.55321, 0.56255, -0.24413], [0.6083, 0.63949, -0.23013], [0.68653, 0.70896, -0.20748], [0.73317, 0.73873, -0.19297], [0.79344, 0.76524, -0.17613], [0.87922, 0.78643, -0.15529], [0.92145, 0.79211, -0.14488], [0.96213, 0.79409, -0.13581], [1.01445, 0.79306, -0.12371], [1.06503, 0.78791, -0.11209], [1.1143, 0.77914, -0.10044], [1.14787, 0.77075, -0.09283], [1.20593, 0.75143, -0.08059], [1.27972, 0.71817, -0.06531], [1.36314, 0.66682, -0.05011], [1.4302, 0.61444, -0.03231], [1.47595, 0.57099, -0.01405], [1.53936, 0.49439, 0.0], [1.67284, 0.11997, 0.09382], [1.58912, -0.25534, 0.17041], [1.38871, -0.45647, 0.22459]], "2-4": [[-0.33289, 0.57424, 0.16476], [-0.20709, 0.46261, 0.13808], [-0.08918, 0.29411, 0.09071], [0.0, -0.04917, -0.14595], [0.10247, -0.33166, -0.08559], [0.22614, -0.49781, -0.12893], [0.36887, -0.60384, -0.16599], [0.5334, -0.67787, -0.19081], [0.66547, -0.71113, -0.20242], [0.82478, -0.70094, -0.22342], [1.01829, -0.64332, -0.2386], [1.1618, -0.528, -0.24824], [1.26368, -0.40183, -0.24781], [1.29551, -0.32942, -0.24461], [1.3236, -0.23645, -0.23846], [1.33175, -0.14393, -0.22864], [1.33292, -0.05581, -0.22059], [1.31075, 0.02833, -0.20593], [1.27681, 0.11351, -0.19112], [1.18792, 0.24277, -0.16806], [1.07485, 0.31564, -0.13357], [0.92937, 0.35714, -0.09884], [0.72988, 0.32045, -0.03063], [0.57595, 0.19573, 0.01549], [0.50033, 0.0, 0.08509], [0.51365, 0.0, 0.02888], [0.51365, 0.0, -0.02888], [0.50033, 0.0, -0.08509], [0.50033, 0.0, -0.08509]], "3-5": [[-1.7, 0.0, 0.0], [-1.18024, 0.77207, 0.0488], [-0.37833, 0.68348, 0.05252], [0.0, 0.14839, 0.0412], [0.05487, -0.15784, -0.10174], [0.09084, -0.1747, -0.15407], [0.1617, -0.22666, -0.20512], [0.22515, -0.2654, -0.23004], [0.29431, -0.29676, -0.24459], [0.35874, -0.2914, -0.24841], [0.40563, -0.29909, -0.24385], [0.45968, -0.31559, -0.23437], [0.48295, -0.2938, -0.2205], [0.50559, -0.27448, -0.2022], [0.52913, -0.26467, -0.1821], [0.55684, -0.27163, -0.16509], [0.6036, -0.27354, -0.11953], [0.64964, -0.2816, -0.05972], [0.68599, -0.29699, 0.00677], [0.72419, -0.33776, 0.0979], [0.76096, -0.39241, 0.16306], [0.83593, -0.46735, 0.21543], [0.98408, -0.52675, 0.24352], [1.19586, -0.52996, 0.24621], [1.38871, -0.45647, 0.22459]], "1-5": [[0.15627, -0.45828, -0.03345], [0.22337, -0.54637, -0.03864], [0.30145, -0.62314, -0.04978], [0.36068, -0.67251, -0.04536], [0.40876, -0.70638, -0.04161], [0.48348, -0.74929, -0.03879], [0.54273, -0.77659, -0.03615], [0.59005, -0.79453, -0.03404], [0.65441, -0.81279, -0.03853], [0.72408, -0.82615, -0.04466], [0.76469, -0.83129, -0.04714], [0.8053, -0.8355, -0.04385], [0.84433, -0.838, -0.03843], [0.88492, -0.83854, -0.03279], [0.92553, -0.83698, -0.02712], [0.96689, -0.83273, -0.02644], [1.0484, -0.81685, -0.03567], [1.13057, -0.79344, -0.03483], [1.21291, -0.76138, -0.02686], [1.33311, -0.6941, -0.01546], [1.445, -0.60314, -0.007], [1.53936, -0.49439, 0.0], [1.50579, -0.51258, 0.08712], [1.43288, -0.51353, 0.17396], [1.38871, -0.45647, 0.22459]]}}