{"graph": "k5e", "genus": 2, "class": 6, "representative": {"1": [3, 4, 5], "2": [3, 4, 5], "3": [1, 2, 4, 5], "4": [1, 2, 5, 3], "5": [1, 3, 4, 2]}, "vertices": {"1": [-1.20843, 0.7555, 0.06511], "2": [-1.44238, -0.09484, -0.24878], "3": [0.0, -0.11445, 0.10305], "4": [0.0, 0.13337, 0.077], "5": [1.64927, -0.28768, 0.0]}, "edges": {"1-3": [[-1.20843, 0.7555, 0.06511], [-1.37078, 0.66227, 0.04481], [-1.51054, 0.53006, 0.02341], [-1.6167, 0.36495, 0.0], [-1.51911, 0.50639, -0.06652], [-1.35775, 0.62784, -0.13407], [-1.27136, 0.63869, -0.18351], [-1.16515, 0.6396, -0.21965], [-1.02729, 0.61133, -0.24525], [-0.93504, 0.57157, -0.24828], [-0.88515, 0.53922, -0.24318], [-0.83379, 0.49775, -0.23036], [-0.80658, 0.46411, -0.21493], [-0.75513, 0.41468, -0.18631], [-0.73962, 0.38608, -0.16264], [-0.72291, 0.35401, -0.12836], [-0.7003, 0.31011, -0.04838], [-0.65459, 0.2787, 0.03154], [-0.60573, 0.27031, 0.1123], [-0.5239, 0.25062, 0.17784], [-0.44805, 0.28947, 0.23202], [-0.30815, 0.26376, 0.24811], [-0.17176, 0.20761, 0.21482], [-0.06528, 0.12925, 0.13062], [0.0, -0.11445, 0.10305]], "2-4": [[-1.44238, -0.09484, -0.24878], [-1.45371, -0.39639, -0.21655], [-1.25279, -0.70699, -0.1217], [-0.85889, -0.84111, 0.0], [-0.43672, -0.61797, 0.19374], [-0.42329, -0.24073, 0.23007], [-0.51533, 0.0, 0.0], [-0.51049, 0.00936, -0.04946], [-0.49637, 0.01914, -0.09646], [-0.47594, 0.03266, -0.13648], [-0.43636, 0.06202, -0.18594], [-0.37088, 0.1146, -0.23152], [-0.30335, 0.18925, -0.24872], [-0.2422, 0.22597, -0.24029], [-0.2246, 0.30368, -0.22269], [-0.2057, 0.37042, -0.19169], [-0.22495, 0.48405, -0.14055], [-0.2492, 0.56295, -0.07405], [-0.33446, 0.65761, 0.0], [-0.29423, 0.62337, 0.00412], [-0.25729, 0.58763, 0.00862], [-0.22267, 0.54965, 0.01313], [-0.16699, 0.47772, 0.01257], [-0.12586, 0.41046, 0.02216], [-0.09377, 0.3456, 0.02786], [-0.07058, 0.29065, 0.02155], [-0.05142, 0.23289, 0.01909], [0.0, 0.13337, 0.077]], "4-5": [[0.0, 0.13337, 0.077], [0.09278, -0.08897, -0.17286], [0.27254, -0.07113, -0.24877], [0.46782, 0.0, -0.14623], [0.43868, 0.07248, -0.18537], [0.40287, 0.17035, -0.22528], [0.38969, 0.28334, -0.24482], [0.40135, 0.37788, -0.24878], [0.42241, 0.46652, -0.24439], [0.45592, 0.53396, -0.23669], [0.50748, 0.57789, -0.23417], [0.52947, 0.60699, -0.22854], [0.55458, 0.63866, -0.22055], [0.59847, 0.67425, -0.21183], [0.6475, 0.70643, -0.20213], [0.69219, 0.73084, -0.19276], [0.78005, 0.76271, -0.17738], [0.89511, 0.78284, -0.15899], [1.01115, 0.78164, -0.1424], [1.17749, 0.74446, -0.12089], [1.33476, 0.66885, -0.09832], [1.46481, 0.56584, -0.07653], [1.61729, 0.35059, -0.05248], [1.69923, 0.02267, -0.01523], [1.64927, -0.28768, 0.0]], "2-3": [[-1.44238, -0.09484, -0.24878], [-1.39712, 0.03716, -0.24311], [-1.34117, 0.14938, -0.23291], [-1.26626, 0.22437, -0.21377], [-1.15509, 0.28525, -0.17056], [-1.06406, 0.31255, -0.11903], [-0.97399, 0.32996, -0.05388], [-0.94159, 0.33375, -0.01194], [-0.8817, 0.34518, 0.03436], [-0.82054, 0.35674, 0.08575], [-0.77943, 0.36503, 0.11847], [-0.74069, 0.3707, 0.14346], [-0.70235, 0.37854, 0.16886], [-0.66082, 0.3876, 0.19293], [-0.61946, 0.39643, 0.21259], [-0.58255, 0.39157, 0.2216], [-0.51126, 0.39832, 0.2405], [-0.39789, 0.35937, 0.24866], [-0.31629, 0.35287, 0.24264], [-0.17916, 0.25634, 0.20953], [-0.06957, 0.16277, 0.12756], [0.0, -0.13337, 0.077], [0.0, -0.12768, 0.08612], [0.0, -0.12136, 0.09482], [0.0, -0.11445, 0.10305], [0.0, -0.11445, 0.10305]], "3-4": [[0.0, -0.11445, 0.10305], [0.26476, -0.58519, -0.05938], [0.69236, -0.80174, -0.10286], [1.14536, -0.7274, -0.16125], [1.39161, -0.50335, -0.20525], [1.50694, -0.24783, -0.22714], [1.49283, -0.00139, -0.24528], [1.4206, 0.15778, -0.24862], [1.31759, 0.27274, -0.24176], [1.15799, 0.37508, -0.22184], [1.09062, 0.38848, -0.20566], [1.04686, 0.39082, -0.19162], [0.9921, 0.40122, -0.18203], [0.93531, 0.38778, -0.15181], [0.86774, 0.37497, -0.1212], [0.81268, 0.35959, -0.09533], [0.73332, 0.3249, -0.04845], [0.67212, 0.29, -0.0262], [0.61288, 0.24214, 0.02839], [0.55467, 0.1746, 0.05946], [0.50434, 0.09468, 0.10537], [0.46782, 0.0, 0.14623], [0.458, -0.06869, -0.16566], [0.16905, -0.14552, -0.2218], [0.0, 0.13337, 0.077]], "1-5": [[-1.20843, 0.7555, 0.06511], [-1.10165, 0.78889, 0.08703], [-1.02335, 0.80759, 0.09024], [-0.94657, 0.81769, 0.09471], [-0.89578, 0.81567, 0.10789], [-0.85412, 0.80985, 0.12072], [-0.79579, 0.8016, 0.13061], [-0.73973, 0.79198, 0.13563], [-0.68781, 0.77929, 0.1402], [-0.63708, 0.76312, 0.1447], [-0.60091, 0.7511, 0.14545], [-0.5664, 0.73802, 0.14586], [-0.53253, 0.72336, 0.14628], [-0.4918, 0.70456, 0.14505], [-0.45268, 0.68403, 0.14351], [-0.41637, 0.66329, 0.14092], [-0.33681, 0.60695, 0.13609], [-0.27353, 0.55407, 0.12743], [-0.21933, 0.49993, 0.11724], [-0.12927, 0.38158, 0.09227], [-0.06297, 0.22933, 0.01858], [0.0, 0.03202, -0.15064], [0.61244, -0.49442, -0.24556], [0.99478, -0.38593, 0.16834], [1.64927, -0.28768, 0.0]], "1-4": [[-1.20843, 0.7555, 0.06511], [-1.08388, 0.80061, 0.06808], [-0.98011, 0.82713, 0.05036], [-0.86671, 0.8351, 0.05423], [-0.75924, 0.82691, 0.06344], [-0.6379, 0.80583, 0.0522], [-0.54531, 0.77502, 0.04995], [-0.48902, 0.74943, 0.05146], [-0.43567, 0.72029, 0.05294], [-0.38465, 0.68716, 0.05519], [-0.35865, 0.66814, 0.05635], [-0.33341, 0.64812, 0.05752], [-0.30898, 0.62715, 0.05868], [-0.28467, 0.60606, 0.05532], [-0.25783, 0.58117, 0.04978], [-0.22755, 0.54966, 0.04461], [-0.17606, 0.48655, 0.03635], [-0.13273, 0.41769, 0.04099], [-0.10479, 0.36394, 0.04328], [-0.08402, 0.319, 0.0395], [-0.05987, 0.26001, 0.03004], [0.0, 0.14647, 0.04759], [0.0, 0.14279, 0.05769], [0.0, 0.13842, 0.06751], [0.0, 0.13337, 0.077], [0.0, 0.13337, 0.077]], "2-5": [[-1.44238, -0.09484, -0.24878], [-1.35163, 0.04543, -0.22888], [-1.25448, 0.14356, -0.18022], [-1.15185, 0.22091, -0.10527], [-1.09429, 0.25083, -0.01482], [-1.02068, 0.31595, 0.07448], [-0.93603, 0.38337, 0.14621], [-0.90414, 0.43727, 0.19638], [-0.82628, 0.49524, 0.2295], [-0.68747, 0.53833, 0.24727], [-0.59774, 0.54049, 0.24865], [-0.53164, 0.54386, 0.24514], [-0.48874, 0.55186, 0.23809], [-0.43472, 0.53889, 0.23056], [-0.38037, 0.5335, 0.21549], [-0.28872, 0.48785, 0.19212], [-0.17622, 0.39651, 0.15177], [-0.08663, 0.27678, 0.09948], [0.0, -0.06264, -0.14069], [0.7178, -0.5657, -0.24861], [1.15217, -0.27034, 0.15641], [1.64927, 0.28768, 0.0], [1.69431, 0.09765, 0.0], [1.69431, -0.09765, 0.0], [1.64927, -0.28768, 0.0], [1.64927, -0.28768, 0.0]], "3-5": [[0.0, -0.11445, 0.10305], [0.09213, -0.33932, -0.03609], [0.23418, -0.55782, -0.04223], [0.42153, -0.71125, -0.05503], [0.51267, -0.75983, -0.05487], [0.60582, -0.796, -0.05364], [0.74792, -0.82414, -0.06822], [0.8246, -0.83184, -0.06473], [0.89842, -0.83362, -0.05674], [0.97292, -0.82701, -0.05556], [1.00967, -0.8198, -0.06087], [1.04598, -0.81086, -0.06614], [1.08176, -0.8002, -0.07138], [1.11498, -0.78866, -0.07606], [1.16087, -0.77401, -0.07079], [1.20592, -0.75656, -0.06545], [1.27274, -0.72407, -0.05907], [1.3249, -0.69217, -0.05731], [1.37458, -0.65653, -0.05547], [1.43403, -0.60659, -0.05062], [1.4932, -0.54617, -0.04481], [1.54788, -0.47707, -0.03897], [1.59582, -0.40245, -0.02686], [1.62482, -0.34682, -0.01258], [1.64927, -0.28768, 0.0]]}}