{"graph": "k5e", "genus": 2, "class": 24, "representative": {"1": [3, 4, 5], "2": [3, 5, 4], "3": [1, 2, 4, 5], "4": [1, 2, 3, 5], "5": [1, 4, 2, 3]}, "vertices": {"1": [0.14223, -0.46692, -0.03518], "2": [-0.32284, 0.58329, 0.17687], "3": [-1.71978, -0.00208, 0.00208], "4": [0.51811, 0.00187, -0.09087], "5": [1.39394, -0.46118, 0.24031]}, "edges": {"1-3": [[0.14223, -0.46692, -0.03518], [0.1054, -0.40669, -0.03578], [0.08187, -0.36453, -0.03837], [0.06269, -0.32352, -0.02873], [0.04605, -0.28179, -0.01961], [0.03174, -0.23819, -0.00853], [0.05261, -0.18803, 0.00861], [0.04134, -0.15446, 0.02759], [0.03456, -0.11998, 0.0493], [0.01123, -0.07176, 0.06038], [0.00637, -0.01834, 0.07032], [-0.01368, 0.01825, 0.08949], [-0.02383, 0.06257, 0.10838], [-0.02889, 0.10702, 0.1113], [-0.05211, 0.15673, 0.13809], [-0.06741, 0.17969, 0.15447], [-0.10358, 0.20267, 0.18547], [-0.14429, 0.22342, 0.21402], [-0.18811, 0.2427, 0.2373], [-0.23023, 0.26163, 0.25261], [-0.28218, 0.27525, 0.26314], [-0.33408, 0.28473, 0.26742], [-0.38575, 0.29166, 0.26624], [-0.43248, 0.29846, 0.25831], [-0.48092, 0.29928, 0.24442], [-0.52847, 0.29911, 0.22583], [-0.57069, 0.30107, 0.20387], [-0.61071, 0.29855, 0.17451], [-0.65089, 0.29805, 0.14192], [-0.68459, 0.29833, 0.10547], [-0.72016, 0.30212, 0.07144], [-0.75404, 0.30887, 0.03103], [-0.78391, 0.31387, -0.0099], [-0.81666, 0.32474, -0.04648], [-0.845, 0.33752, -0.08718], [-0.87765, 0.35468, -0.12676], [-0.90748, 0.37627, -0.16418], [-0.94786, 0.38683, -0.18509], [-0.98992, 0.40138, -0.20696], [-1.02983, 0.4118, -0.22586], [-1.07563, 0.42503, -0.24232], [-1.11956, 0.43336, -0.25457], [-1.16884, 0.44186, -0.26283], [-1.21891, 0.44723, -0.26742], [-1.26672, 0.44557, -0.26742], [-1.31766, 0.44324, -0.26304], [-1.36506, 0.43466, -0.25674], [-1.41474, 0.42548, -0.24408], [-1.46496, 0.41127, -0.22728], [-1.50047, 0.38333, -0.21502], [-1.53648, 0.35396, -0.20296], [-1.57351, 0.32326, -0.18598], [-1.6043, 0.28332, -0.16814], [-1.6337, 0.24395, -0.14631], [-1.65862, 0.20095, -0.12816], [-1.68243, 0.15155, -0.1051], [-1.69643, 0.10525, -0.07697], [-1.71364, 0.04714, -0.01549], [-1.70729, -0.01156, 0.07385], [-1.71978, -0.00208, 0.00208]], "2-5": [[-0.32284, 0.58329, 0.17687], [-0.2868, 0.60341, 0.11735], [-0.24882, 0.55664, 0.12269], [-0.21097, 0.51007, 0.12797], [-0.17334, 0.45996, 0.1281], [-0.13467, 0.41016, 0.11668], [-0.11289, 0.37293, 0.11739], [-0.08388, 0.35068, 0.07353], [-0.06608, 0.30209, 0.05719], [-0.04972, 0.25724, -0.01558], [-0.02958, 0.20353, -0.00979], [-0.02177, 0.16579, -0.0333], [-0.01085, 0.13088, -0.06084], [0.00121, 0.09661, -0.09104], [0.007, 0.06106, -0.10982], [0.01183, 0.02165, -0.12491], [0.02856, -0.0171, -0.15049], [0.02135, -0.06359, -0.15781], [0.04377, -0.09659, -0.13522], [0.04498, -0.15083, -0.12845], [0.0652, -0.21016, -0.13953], [0.08439, -0.25442, -0.14604], [0.09975, -0.29537, -0.14843], [0.11722, -0.33486, -0.15155], [0.14523, -0.3756, -0.1574], [0.17928, -0.41036, -0.1712], [0.21119, -0.44459, -0.18295], [0.24666, -0.47807, -0.19228], [0.29425, -0.49922, -0.21037], [0.33892, -0.52013, -0.2244], [0.3902, -0.53187, -0.2405], [0.43776, -0.54074, -0.24981], [0.48753, -0.54236, -0.25887], [0.53464, -0.54308, -0.26467], [0.58391, -0.53585, -0.26742], [0.62965, -0.5281, -0.26742], [0.67566, -0.51272, -0.26353], [0.71723, -0.49782, -0.25786], [0.7584, -0.47722, -0.24734], [0.79635, -0.45876, -0.23573], [0.82747, -0.42875, -0.21346], [0.85783, -0.39907, -0.18755], [0.88583, -0.37463, -0.16025], [0.9079, -0.35089, -0.12456], [0.93163, -0.32904, -0.08551], [0.95492, -0.31292, -0.04293], [0.97363, -0.30124, -0.00293], [0.99828, -0.29483, 0.04282], [1.02564, -0.29558, 0.08822], [1.05168, -0.3022, 0.13221], [1.0853, -0.31172, 0.17213], [1.123, -0.32531, 0.20592], [1.16184, -0.33842, 0.23034], [1.20424, -0.35705, 0.25087], [1.25134, -0.37466, 0.26341], [1.30007, -0.3922, 0.26742], [1.34896, -0.40906, 0.26296], [1.39394, -0.46118, 0.24031]], "1-4": [[0.14223, -0.46692, -0.03518], [0.18528, -0.52571, -0.04074], [0.21534, -0.55479, -0.0599], [0.247, -0.58288, -0.07457], [0.279, -0.6158, -0.07998], [0.31869, -0.64805, -0.08367], [0.35793, -0.6754, -0.08655], [0.39777, -0.70304, -0.08982], [0.44196, -0.73239, -0.09342], [0.48677, -0.75185, -0.09479], [0.53203, -0.7713, -0.09677], [0.57767, -0.79072, -0.09931], [0.62966, -0.80632, -0.1005], [0.67905, -0.81688, -0.10032], [0.72856, -0.82734, -0.1005], [0.7795, -0.82916, -0.1169], [0.82654, -0.82428, -0.1254], [0.87503, -0.82141, -0.13039], [0.92339, -0.81791, -0.13649], [0.97501, -0.80847, -0.14165], [1.02199, -0.79542, -0.14687], [1.0685, -0.78144, -0.15384], [1.11643, -0.76084, -0.16442], [1.15916, -0.73788, -0.16843], [1.2012, -0.71396, -0.17375], [1.24251, -0.68919, -0.18025], [1.28402, -0.65823, -0.18386], [1.32138, -0.62739, -0.1872], [1.35801, -0.59639, -0.19116], [1.39481, -0.56145, -0.1933], [1.4207, -0.51744, -0.203], [1.44731, -0.47514, -0.20923], [1.47343, -0.43022, -0.215], [1.49415, -0.38573, -0.21814], [1.51285, -0.34085, -0.2227], [1.52985, -0.29309, -0.22861], [1.53712, -0.24515, -0.23378], [1.546, -0.19827, -0.23649], [1.55213, -0.1512, -0.24039], [1.55384, -0.10179, -0.24229], [1.55198, -0.05411, -0.24535], [1.54718, -0.00677, -0.2497], [1.53807, 0.04185, -0.25211], [1.52183, 0.08749, -0.25643], [1.50614, 0.1324, -0.25876], [1.48693, 0.17681, -0.25996], [1.46509, 0.21883, -0.26163], [1.44039, 0.26004, -0.26388], [1.41363, 0.29867, -0.26471], [1.3855, 0.33594, -0.26593], [1.35628, 0.37287, -0.26698], [1.31112, 0.39334, -0.26742], [1.26942, 0.41548, -0.26742], [1.22845, 0.43628, -0.26742], [1.18023, 0.4486, -0.26543], [1.1351, 0.46231, -0.26213], [1.09029, 0.47238, -0.25984], [1.04437, 0.47955, -0.25724], [0.99842, 0.47928, -0.25188], [0.95263, 0.47925, -0.24761], [0.90912, 0.4754, -0.24185], [0.86481, 0.46648, -0.23786], [0.82164, 0.45056, -0.22939], [0.78228, 0.43427, -0.22219], [0.74215, 0.414, -0.21381], [0.70639, 0.39007, -0.20588], [0.67143, 0.35983, -0.19412], [0.64001, 0.33106, -0.18465], [0.60841, 0.2979, -0.17544], [0.58214, 0.26311, -0.16816], [0.55525, 0.2245, -0.16163], [0.54389, 0.18526, -0.14548], [0.5303, 0.14765, -0.13277], [0.52168, 0.10455, -0.12385], [0.51536, 0.06445, -0.11579], [0.51811, 0.00187, -0.09087]],