{"graph": "k5e", "genus": 2, "class": 17, "representative": {"1": [3, 4, 5], "2": [3, 4, 5], "3": [1, 2, 5, 4], "4": [1, 2, 3, 5], "5": [1, 3, 2, 4]}, "vertices": {"1": [0.01057, 0.10386, 0.08867], "2": [0.0977, -0.39086, -0.05319], "3": [1.71978, -0.00208, 0.00208], "4": [-1.71978, -0.00208, 0.00208], "5": [0.32579, 0.00041, -0.26079]}, "edges": {"1-3": [[0.01057, 0.10386, 0.08867], [0.02734, 0.06564, 0.05628], [0.03171, 0.03671, 0.02696], [0.03686, 0.01009, -0.0091], [0.04232, -0.01945, -0.03663], [0.01041, -0.05855, -0.05547], [0.05729, -0.08547, -0.08083], [0.03418, -0.12753, -0.11615], [0.08172, -0.13461, -0.17875], [0.11792, -0.16072, -0.20985], [0.15524, -0.18204, -0.23097], [0.20004, -0.19911, -0.2484], [0.24713, -0.21311, -0.26087], [0.29572, -0.22394, -0.26742], [0.34069, -0.23308, -0.26742], [0.38968, -0.23714, -0.25968], [0.43791, -0.23907, -0.24575], [0.48407, -0.24002, -0.22504], [0.52689, -0.24122, -0.19765], [0.56242, -0.24188, -0.16867], [0.59869, -0.24538, -0.13177], [0.63051, -0.25258, -0.09093], [0.65813, -0.25801, -0.04945], [0.68457, -0.27232, -0.01154], [0.70606, -0.28741, 0.03028], [0.73108, -0.30684, 0.07101], [0.75206, -0.32831, 0.10522], [0.77748, -0.3541, 0.14175], [0.80325, -0.38452, 0.17483], [0.82717, -0.41746, 0.20522], [0.86486, -0.43642, 0.21906], [0.90409, -0.45891, 0.23447], [0.94224, -0.47493, 0.24475], [0.9841, -0.48865, 0.25465], [1.02828, -0.50625, 0.26106], [1.07384, -0.51611, 0.26695], [1.12233, -0.52634, 0.26742], [1.16997, -0.52934, 0.26742], [1.22077, -0.5328, 0.26171], [1.27192, -0.53339, 0.25459], [1.31995, -0.52679, 0.24435], [1.37159, -0.51839, 0.2292], [1.41693, -0.50455, 0.21135], [1.46398, -0.49043, 0.18896], [1.50295, -0.47011, 0.17181], [1.54148, -0.44328, 0.14541], [1.56922, -0.40694, 0.13522], [1.59726, -0.3702, 0.12491], [1.62568, -0.3292, 0.11369], [1.64733, -0.28903, 0.09178], [1.66572, -0.24629, 0.07853], [1.684, -0.20381, 0.06536], [1.69916, -0.15745, 0.04292], [1.70568, -0.11445, 0.0239], [1.71218, -0.07161, 0.00493], [1.71978, -0.00208, 0.00208]], "2-4": [[0.0977, -0.39086, -0.05319], [0.06722, -0.33039, -0.04131], [0.05021, -0.29129, -0.02768], [0.0359, -0.25145, -0.01482], [0.02559, -0.21018, 0.00411], [0.03869, -0.16936, 0.03045], [0.03339, -0.13101, 0.05661], [0.01575, -0.09419, 0.07877], [-0.03681, -0.05809, 0.12651], [-0.05079, -0.03077, 0.1557], [-0.07402, -0.00495, 0.18534], [-0.10367, 0.02098, 0.21065], [-0.13303, 0.04167, 0.2304], [-0.1743, 0.0509, 0.24929], [-0.21912, 0.05705, 0.26204], [-0.26665, 0.0589, 0.26742], [-0.31495, 0.05642, 0.26437], [-0.36141, 0.05018, 0.25285], [-0.39966, 0.04128, 0.23541], [-0.43663, 0.02949, 0.20928], [-0.46742, 0.01579, 0.1785], [-0.49177, 0.0007, 0.14503], [-0.51021, -0.01164, 0.11509], [-0.52504, -0.02881, 0.07946], [-0.52536, -0.06447, 0.09003], [-0.5301, -0.09653, 0.10267], [-0.53388, -0.13434, 0.11968], [-0.54109, -0.16882, 0.13538], [-0.55191, -0.20723, 0.1525], [-0.56016, -0.24544, 0.1732], [-0.57463, -0.2852, 0.1909], [-0.58654, -0.32623, 0.20999], [-0.6052, -0.36653, 0.2258], [-0.62165, -0.41021, 0.23998], [-0.64445, -0.45093, 0.25248], [-0.6669, -0.49686, 0.26119], [-0.69065, -0.54329, 0.26742], [-0.72863, -0.5694, 0.26742], [-0.76759, -0.59507, 0.26742], [-0.80754, -0.62413, 0.26591], [-0.84944, -0.64448, 0.26156], [-0.89249, -0.6627, 0.25766], [-0.93855, -0.68112, 0.25079], [-0.98376, -0.69056, 0.24245], [-1.03001, -0.69643, 0.23558], [-1.07768, -0.70157, 0.22639], [-1.12692, -0.69616, 0.2167], [-1.17406, -0.6883, 0.20793], [-1.22273, -0.6809, 0.19769], [-1.27127, -0.66323, 0.18771], [-1.31561, -0.64338, 0.17654], [-1.36003, -0.62226, 0.16646], [-1.40792, -0.59861, 0.15277], [-1.44564, -0.56901, 0.13845], [-1.48354, -0.53875, 0.12466], [-1.52294, -0.5091, 0.10734], [-1.55505, -0.46692, 0.1005], [-1.58175, -0.42566, 0.09278], [-1.6085, -0.38392, 0.08568], [-1.6359, -0.33751, 0.07906], [-1.65364, -0.29167, 0.07068], [-1.67124, -0.24538, 0.06317], [-1.68922, -0.19892, 0.05216], [-1.7002, -0.14565, 0.04482], [-1.70398, -0.09053, 0.0585], [-1.70684, -0.0353, 0.06754], [-1.71978, -0.00208, 0.00208]], "1-4": [[0.01057, 0.10386, 0.08867], [-0.03633, 0.17568, 0.07498], [-0.04359, 0.20467, 0.06204], [-0.04915, 0.24445, 0.03396], [-0.05388, 0.30408, 0.01599], [-0.07265, 0.34572, 0.03277], [-0.09445, 0.38598, 0.04995], [-0.12213, 0.43153, 0.04892], [-0.14922, 0.47492, 0.052], [-0.18125, 0.51919, 0.0538], [-0.21666, 0.5552, 0.06207], [-0.25128, 0.59151, 0.06652], [-0.28581, 0.6275, 0.0714], [-0.32978, 0.65995, 0.07403], [-0.37122, 0.68883, 0.07712], [-0.41268, 0.71741, 0.08096], [-0.46039, 0.7439, 0.08406], [-0.5067, 0.76371, 0.08635], [-0.55306, 0.78327, 0.0894], [-0.60351, 0.80325, 0.09295], [-0.65205, 0.81314, 0.09427], [-0.70059, 0.82285, 0.0961], [-0.74907, 0.83243, 0.09832], [-0.80256, 0.83686, 0.09895], [-0.85305, 0.83591, 0.1019], [-0.90338, 0.83494, 0.10489], [-0.95753, 0.83182, 0.10734], [-1.00476, 0.81586, 0.11829], [-1.05222, 0.80154, 0.12551], [-1.09954, 0.78714, 0.13289], [-1.14894, 0.76577, 0.13713], [-1.19395, 0.74359, 0.14053], [-1.23879, 0.72129, 0.14426], [-1.28531, 0.69409, 0.14648], [-1.32577, 0.6648, 0.14633], [-1.36608, 0.63543, 0.14645], [-1.40864, 0.60319, 0.1465], [-1.44296, 0.56852, 0.14249], [-1.47622, 0.53066, 0.14356], [-1.50942, 0.49299, 0.1445], [-1.54054, 0.4489, 0.14194], [-1.56756, 0.40701, 0.13767], [-1.59463, 0.36563, 0.13286], [-1.62111, 0.32035, 0.12604], [-1.64129, 0.27755, 0.11564], [-1.66186, 0.23566, 0.10006], [-1.6798, 0.19371, 0.08739], [-1.69349, 0.14692, 0.07255], [-1.70377, 0.10428, 0.05222], [-1.71003, 0.06149, 0.03548], [-1.71978, -0.00208, 0.00208]],