{"graph": "k5e", "genus": 2, "class": 15, "representative": {"1": [3, 4, 5], "2": [3, 4, 5], "3": [1, 2, 4, 5], "4": [1, 5, 2, 3], "5": [1, 4, 2, 3]}, "vertices": {"1": [-1.1511, 0.64732, 0.21908], "2": [0.26655, 0.0, 0.24878], "3": [-0.87906, -0.68449, -0.23096], "4": [0.85889, -0.84111, 0.0], "5": [0.26655, 0.0, -0.24878]}, "edges": {"1-3": [[-1.1511, 0.64732, 0.21908], [-1.23055, 0.56446, 0.23435], [-1.26738, 0.49793, 0.24335], [-1.29295, 0.43881, 0.24753], [-1.31238, 0.37653, 0.24876], [-1.32461, 0.31347, 0.24685], [-1.33057, 0.24148, 0.24082], [-1.32839, 0.18203, 0.2324], [-1.32018, 0.12529, 0.22095], [-1.30575, 0.07839, 0.20657], [-1.29486, 0.05454, 0.1962], [-1.2835, 0.03197, 0.18484], [-1.26862, -0.0015, 0.16897], [-1.25309, -0.03677, 0.15268], [-1.23854, -0.06089, 0.13674], [-1.22554, -0.07844, 0.12098], [-1.20532, -0.10157, 0.09156], [-1.18566, -0.12595, 0.05715], [-1.1613, -0.16444, 0.01834], [-1.13707, -0.20401, -0.02657], [-1.11622, -0.24943, -0.0846], [-1.09148, -0.31074, -0.14212], [-1.0808, -0.39819, -0.208], [-1.03772, -0.53138, -0.24676], [-0.87906, -0.68449, -0.23096]], "2-4": [[0.26655, 0.0, 0.24878], [0.29273, -0.04515, 0.24758], [0.32228, -0.08262, 0.24382], [0.35038, -0.09284, 0.23707], [0.37333, -0.10401, 0.22961], [0.39506, -0.11217, 0.22053], [0.41346, -0.13307, 0.21365], [0.4203, -0.15543, 0.21391], [0.42826, -0.17743, 0.21416], [0.43662, -0.19762, 0.21445], [0.43788, -0.21253, 0.21752], [0.43927, -0.227, 0.22048], [0.44108, -0.2416, 0.22329], [0.43966, -0.25919, 0.22804], [0.43875, -0.27718, 0.23232], [0.43869, -0.29598, 0.23612], [0.44428, -0.33232, 0.24119], [0.44748, -0.36651, 0.24532], [0.4399, -0.40617, 0.24863], [0.44488, -0.48133, 0.24512], [0.45521, -0.54356, 0.23391], [0.5111, -0.63782, 0.20952], [0.60356, -0.75058, 0.1473], [0.72042, -0.81446, 0.08498], [0.85889, -0.84111, 0.0]], "3-5": [[-0.87906, -0.68449, -0.23096], [-0.69231, -0.67206, -0.22777], [-0.47952, -0.58382, -0.22604], [-0.29305, -0.43601, -0.21681], [-0.22206, -0.32944, -0.21529], [-0.16009, -0.18568, -0.21167], [-0.14216, 0.0, -0.21545], [-0.11773, 0.04736, -0.19822], [-0.09976, 0.10229, -0.17815], [-0.09676, 0.16498, -0.16358], [-0.09645, 0.21133, -0.14951], [-0.09527, 0.25095, -0.13107], [-0.09678, 0.28936, -0.11059], [-0.10462, 0.33141, -0.09104], [-0.12115, 0.37474, -0.08131], [-0.13669, 0.41159, -0.06937], [-0.15434, 0.45288, -0.04197], [-0.19647, 0.51669, -0.0225], [-0.25014, 0.58044, 0.0], [-0.12448, 0.40947, 0.01177], [-0.05883, 0.25925, 0.00725], [0.0, 0.09899, 0.11798], [0.0291, -0.03536, -0.07178], [0.04332, -0.08013, -0.10144], [0.06061, -0.05655, -0.13658], [0.10877, -0.0491, -0.19102], [0.18098, -0.02692, -0.23341], [0.26655, 0.0, -0.24878]], "1-4": [[-1.1511, 0.64732, 0.21908], [-1.24903, 0.57155, 0.22794], [-1.33079, 0.48549, 0.23391], [-1.40736, 0.41037, 0.23088], [-1.45203, 0.35922, 0.22731], [-1.49599, 0.29618, 0.22302], [-1.52959, 0.2264, 0.22032], [-1.55247, 0.1915, 0.2138], [-1.57222, 0.16097, 0.20637], [-1.59091, 0.12186, 0.19865], [-1.59964, 0.122, 0.19183], [-1.60658, 0.13161, 0.18453], [-1.61676, 0.11565, 0.1775], [-1.62517, 0.11256, 0.16942], [-1.63224, 0.11196, 0.16167], [-1.63899, 0.11129, 0.15364], [-1.64071, 0.17582, 0.13492], [-1.6257, 0.27038, 0.11471], [-1.60977, 0.33664, 0.09347], [-1.5946, 0.3925, 0.05964], [-1.50739, 0.53331, 0.02717], [-1.4097, 0.63567, 0.0], [-0.71371, 0.43976, -0.21258], [-0.47575, 0.24584, 0.20759], [0.0, -0.11445, 0.10305], [0.12697, -0.41191, -0.0249], [0.40854, -0.70976, -0.01643], [0.85889, -0.84111, 0.0]], "4-5": [[0.85889, -0.84111, 0.0], [0.96867, -0.83392, 0.0], [1.07658, -0.81245, 0.0], [1.18077, -0.77709, 0.0], [1.27944, -0.72843, 0.0], [1.37092, -0.6673, 0.0], [1.45364, -0.59476, 0.0], [1.52619, -0.51204, 0.0], [1.58731, -0.42056, 0.0], [1.63597, -0.32188, 0.0], [1.60012, -0.3971, -0.01028], [1.55062, -0.4769, -0.02131], [1.48915, -0.55415, -0.03053], [1.49425, -0.54716, -0.03603], [1.49917, -0.54005, -0.04153], [1.50391, -0.53282, -0.047], [1.58953, -0.40405, -0.05516], [1.63418, -0.3038, -0.06417], [1.66072, -0.21619, -0.07201], [1.68208, 0.09097, -0.07908], [1.59354, 0.35755, -0.10675], [1.42525, 0.57277, -0.12827], [0.80523, 0.75885, -0.18312], [0.35037, 0.48894, -0.22158], [0.26655, 0.0, -0.24878]], "2-3": [[0.26655, 0.0, 0.24878], [1.08607, 0.27212, -0.07295], [1.10346, -0.60236, -0.24198], [0.0, -0.09052, -0.12459], [-0.16838, 0.3733, 0.15745], [-0.41781, 0.50762, 0.23552], [-0.66021, 0.51651, 0.24572], [-0.81268, 0.47151, 0.21871], [-0.90179, 0.40606, 0.16742], [-0.99112, 0.33898, 0.09845], [-1.00473, 0.32136, 0.06758], [-1.04457, 0.29174, 0.03352], [-1.08018, 0.26283, -0.00384], [-1.10886, 0.23907, -0.03404], [-1.13405, 0.21474, -0.05195], [-1.15144, 0.20854, -0.08704], [-1.19792, 0.15384, -0.1161], [-1.23955, 0.0898, -0.1463], [-1.27953, 0.0496, -0.18277], [-1.3129, -0.01515, -0.20695], [-1.33586, -0.15391, -0.23148], [-1.32589, -0.27309, -0.24342], [-1.23268, -0.44295, -0.24845], [-1.09597, -0.58264, -0.24606], [-0.87906, -0.68449, -0.23096]], "3-4": [[-0.87906, -0.68449, -0.23096], [-0.84155, -0.7627, -0.18111], [-0.73597, -0.81173, -0.09803], [-0.66058, -0.81741, 0.0], [-0.292, -0.60476, 0.07695], [-0.12785, -0.2921, 0.15462], [-0.14216, 0.0, 0.21545], [-0.16061, 0.0104, 0.22506], [-0.18014, 0.02164, 0.23316], [-0.19927, 0.03582, 0.23923], [-0.21336, 0.04829, 0.24263], [-0.22815, 0.05895, 0.24535], [-0.24325, 0.06906, 0.24729], [-0.24848, 0.07499, 0.24775], [-0.25378, 0.08081, 0.24812], [-0.25914, 0.08654, 0.24841], [-0.25998, 0.09237, 0.24841], [-0.26077, 0.09859, 0.24839], [-0.26141, 0.10564, 0.24836], [-0.24255, 0.1147, 0.24636], [-0.22437, 0.12062, 0.24295], [-0.20654, 0.12661, 0.23808], [-0.10845, 0.08776, 0.18776], [-0.0503, 0.09588, 0.11246], [0.0, -0.08161, 0.13061], [0.13128, -0.42059, -0.01854], [0.41803, -0.71605, -0.01083], [0.85889, -0.84111, 0.0]], "1-5": [[-1.1511, 0.64732, 0.21908], [-0.9772, 0.72987, 0.20066], [-0.78932, 0.76162, 0.17931], [-0.60608, 0.74043, 0.16052], [-0.43892, 0.6773, 0.14152], [-0.2988, 0.5805, 0.12634], [-0.19069, 0.47792, 0.09677], [-0.11917, 0.37201, 0.07973], [-0.06643, 0.2532, 0.02297], [0.0, 0.09052, -0.12459], [0.08622, -0.2684, -0.10481], [0.17459, -0.38174, -0.15912], [0.30073, -0.48141, -0.20233], [0.45646, -0.52677, -0.23856], [0.60528, -0.52883, -0.24871], [0.7971, -0.49292, -0.2297], [0.963, -0.36414, -0.12753], [1.1111, -0.23631, 0.03205], [1.2678, -0.11595, 0.18413], [1.4245, 0.16397, 0.24876], [1.30556, 0.60965, 0.18756], [0.85889, 0.84111, 0.0], [0.41071, 0.67796, -0.11544], [0.20809, 0.3452, -0.20263], [0.26655, 0.0, -0.24878]], "2-5": [[0.26655, 0.0, 0.24878], [0.29902, 0.0, 0.24665], [0.33094, 0.0, 0.2403], [0.36175, 0.0, 0.22984], [0.58636, 0.24793, 0.10843], [0.81025, 0.34457, -0.04675], [1.07457, 0.35385, -0.17387], [1.0211, 0.39162, -0.18308], [0.95412, 0.41164, -0.18181], [0.88395, 0.41409, -0.17433], [0.80269, 0.40707, -0.17024], [0.71758, 0.37889, -0.16299], [0.63787, 0.33062, -0.15494], [0.56076, 0.24291, -0.13681], [0.50841, 0.12276, -0.11427], [0.49639, 0.0, -0.0952], [0.482, 0.0, -0.12439], [0.46392, 0.0, -0.15145], [0.44246, 0.0, -0.17591], [0.418, 0.0, -0.19737], [0.39094, 0.0, -0.21545], [0.36175, 0.0, -0.22984], [0.33094, 0.0, -0.2403], [0.29902, 0.0, -0.24665], [0.26655, 0.0, -0.24878], [0.26655, 0.0, -0.24878]]}}