{"graph": "k33", "genus": 2, "class": 0, "representative": {"1": [2, 4, 6], "2": [1, 3, 5], "3": [2, 4, 6], "4": [1, 3, 5], "5": [2, 4, 6], "6": [1, 5, 3]}, "vertices": {"1": [-1.14313, 0.75011, 0.13366], "2": [-0.247, 0.27714, 0.23577], "3": [-1.35753, -0.02339, -0.23069], "4": [-0.21857, 0.54373, 0.02318], "5": [1.27524, 0.55137, -0.22842], "6": [-0.26561, 0.51465, 0.15691]}, "edges": {"1-2": [[-1.14313, 0.75011, 0.13366], [-1.22924, 0.71377, 0.13051], [-1.35677, 0.63974, 0.11928], [-1.44097, 0.56536, 0.1178], [-1.50948, 0.49579, 0.10477], [-1.56867, 0.41887, 0.09026], [-1.61797, 0.33424, 0.07542], [-1.65211, 0.26281, 0.05196], [-1.66244, 0.24353, 0.02695], [-1.67556, 0.20129, 0.0], [-1.63913, 0.3042, -0.04255], [-1.58286, 0.39756, -0.08554], [-1.50325, 0.48772, -0.12379], [-1.41109, 0.53618, -0.17447], [-1.35796, 0.53383, -0.2067], [-1.25267, 0.55825, -0.23161], [-1.05064, 0.53876, -0.24794], [-0.9102, 0.48775, -0.22696], [-0.80258, 0.40458, -0.1676], [-0.75298, 0.33923, -0.07578], [-0.67876, 0.30062, 0.0582], [-0.57338, 0.28578, 0.16251], [-0.49944, 0.30945, 0.219], [-0.36791, 0.29802, 0.24813], [-0.247, 0.27714, 0.23577]], "2-3": [[-0.247, 0.27714, 0.23577], [-0.32583, 0.33417, 0.24604], [-0.38111, 0.33645, 0.24865], [-0.45855, 0.36478, 0.24355], [-0.5341, 0.38853, 0.23347], [-0.57418, 0.38382, 0.22089], [-0.62533, 0.39483, 0.20986], [-0.67069, 0.38763, 0.18929], [-0.71547, 0.38113, 0.16621], [-0.75231, 0.37553, 0.14525], [-0.7783, 0.37221, 0.131], [-0.80328, 0.36815, 0.11613], [-0.8301, 0.36344, 0.10008], [-0.85493, 0.35816, 0.08406], [-0.87898, 0.35235, 0.06764], [-0.90039, 0.34666, 0.05239], [-0.94304, 0.33443, 0.02538], [-0.98473, 0.31969, -0.00222], [-1.00512, 0.31279, -0.02931], [-1.06623, 0.28825, -0.07485], [-1.10906, 0.2734, -0.11278], [-1.17796, 0.22646, -0.14652], [-1.25184, 0.15841, -0.18289], [-1.3109, 0.07564, -0.20959], [-1.35753, -0.02339, -0.23069]], "3-4": [[-1.35753, -0.02339, -0.23069], [-1.41071, -0.23622, -0.24865], [-1.34522, -0.47934, -0.23173], [-1.15946, -0.70797, -0.17502], [-0.97718, -0.79912, -0.12431], [-0.74845, -0.82499, -0.06545], [-0.56062, -0.78646, 0.0], [-0.39955, -0.67733, 0.10388], [-0.33371, -0.56488, 0.17281], [-0.31005, -0.41462, 0.22971], [-0.37643, -0.22371, 0.2413], [-0.46947, -0.08157, 0.15515], [-0.51533, 0.0, 0.0], [-0.51043, 0.00688, -0.04948], [-0.49612, 0.01518, -0.09661], [-0.47483, 0.02569, -0.13736], [-0.44692, 0.04274, -0.17364], [-0.41746, 0.06338, -0.20116], [-0.37402, 0.09991, -0.22897], [-0.2985, 0.18361, -0.24877], [-0.23174, 0.26236, -0.23289], [-0.2143, 0.36891, -0.19821], [-0.23498, 0.4896, -0.14695], [-0.27981, 0.59122, -0.08098], [-0.38108, 0.69222, 0.0], [-0.31371, 0.64033, 0.00831], [-0.26779, 0.59752, 0.01767], [-0.21857, 0.54373, 0.02318]], "4-5": [[-0.21857, 0.54373, 0.02318], [-0.15802, 0.46369, 0.0192], [-0.11501, 0.38923, 0.02779], [-0.08818, 0.33313, 0.02723], [-0.06563, 0.27729, 0.01987], [-0.04669, 0.21661, 0.01618], [0.0, 0.12041, 0.09602], [0.05878, -0.09958, -0.12697], [0.1479, -0.12006, -0.21289], [0.28118, -0.08804, -0.24865], [0.40234, -0.05367, -0.21047], [0.48362, -0.02183, -0.12267], [0.51533, 0.0, 0.0], [0.51501, 0.03248, -0.03028], [0.51345, 0.0701, -0.06604], [0.51479, 0.10886, -0.09127], [0.5283, 0.17765, -0.1216], [0.54662, 0.25723, -0.16321], [0.57964, 0.33649, -0.19454], [0.63017, 0.41479, -0.21865], [0.7432, 0.51929, -0.24136], [0.80861, 0.56948, -0.24792], [0.98911, 0.6004, -0.2478], [1.13321, 0.58837, -0.2422], [1.27524, 0.55137, -0.22842]], "5-6": [[1.27524, 0.55137, -0.22842], [1.32479, 0.55257, -0.21184], [1.39581, 0.52728, -0.19033], [1.44287, 0.50907, -0.1692], [1.47539, 0.49269, -0.15212], [1.52374, 0.45563, -0.12744], [1.57159, 0.40658, -0.09911], [1.59094, 0.38423, -0.08327], [1.608, 0.36036, -0.06925], [1.62428, 0.33398, -0.05445], [1.64271, 0.29467, -0.04291], [1.65962, 0.2512, -0.0307], [1.67353, 0.20661, -0.01841], [1.68877, 0.13576, -0.00995], [1.69716, 0.06866, -0.00397], [1.7, -0.0, 0.0], [1.51106, -0.32707, 0.20749], [1.18209, -0.36916, 0.22705], [0.97572, -0.32896, 0.05221], [0.78594, -0.46483, -0.21692], [0.39317, -0.54419, -0.21572], [0.0, -0.0, -0.15401], [-0.07464, 0.25406, 0.05705], [-0.12904, 0.36464, 0.10921], [-0.26561, 0.51465, 0.15691]], "2-5": [[-0.247, 0.27714, 0.23577], [-0.12918, 0.18513, 0.19009], [-0.05839, 0.14733, 0.11306], [0.0, -0.12041, 0.09602], [0.0616, -0.26396, -0.02514], [0.09224, -0.33829, -0.03947], [0.13352, -0.41895, -0.04131], [0.27312, -0.59272, -0.06175], [0.4026, -0.69401, -0.07168], [0.57591, -0.77416, -0.09002], [0.71996, -0.80872, -0.09901], [0.86563, -0.81622, -0.10841], [1.03712, -0.78369, -0.13121], [1.13116, -0.74536, -0.14632], [1.19289, -0.71482, -0.15236], [1.24991, -0.6786, -0.15957], [1.31207, -0.62663, -0.17068], [1.36649, -0.57042, -0.18047], [1.42593, -0.50963, -0.18157], [1.50321, -0.38895, -0.19026], [1.55505, -0.25471, -0.19926], [1.583, -0.12521, -0.2039], [1.58239, 0.02808, -0.21105], [1.5525, 0.15382, -0.21894], [1.51152, 0.25128, -0.22459], [1.4531, 0.36762, -0.22487], [1.36976, 0.47512, -0.22538], [1.27524, 0.55137, -0.22842]], "1-6": [[-1.14313, 0.75011, 0.13366], [-1.14015, 0.74226, 0.146], [-1.11924, 0.7412, 0.15666], [-1.09801, 0.73926, 0.16674], [-1.0735, 0.74095, 0.1727], [-1.04929, 0.74033, 0.17966], [-1.02543, 0.73676, 0.18793], [-1.00003, 0.73647, 0.19254], [-0.97481, 0.73519, 0.19699], [-0.94982, 0.73293, 0.20128], [-0.93223, 0.73278, 0.20279], [-0.91488, 0.73205, 0.20437], [-0.89759, 0.7309, 0.20593], [-0.87694, 0.73053, 0.20672], [-0.85617, 0.72971, 0.20741], [-0.83545, 0.72829, 0.2081], [-0.78866, 0.72621, 0.20748], [-0.74167, 0.72269, 0.20578], [-0.69478, 0.71633, 0.20389], [-0.64183, 0.70876, 0.19929], [-0.59251, 0.69491, 0.19704], [-0.52783, 0.66419, 0.19863], [-0.41418, 0.61211, 0.18684], [-0.32408, 0.56049, 0.16921], [-0.26561, 0.51465, 0.15691]], "1-4": [[-1.14313, 0.75011, 0.13366], [-1.03789, 0.7932, 0.11461], [-0.92959, 0.82004, 0.093], [-0.84905, 0.82613, 0.08487], [-0.77739, 0.8216, 0.08639], [-0.68991, 0.81211, 0.07512], [-0.62077, 0.79686, 0.06786], [-0.5812, 0.78499, 0.0643], [-0.54184, 0.77082, 0.06119], [-0.50323, 0.75463, 0.05808], [-0.48602, 0.74672, 0.05639], [-0.46898, 0.73841, 0.05469], [-0.45214, 0.7297, 0.053], [-0.43791, 0.72196, 0.05147], [-0.42383, 0.71381, 0.05046], [-0.4099, 0.70538, 0.04945], [-0.38995, 0.69274, 0.04753], [-0.37036, 0.67952, 0.04561], [-0.35116, 0.66573, 0.04369], [-0.33186, 0.65111, 0.04121], [-0.313, 0.63592, 0.03873], [-0.29315, 0.61885, 0.03618], [-0.26727, 0.59479, 0.03302], [-0.24243, 0.56964, 0.02956], [-0.21857, 0.54373, 0.02318]], "3-6": [[-1.35753, -0.02339, -0.23069], [-1.31245, 0.03463, -0.20736], [-1.27432, 0.06721, -0.18023], [-1.22998, 0.09374, -0.13404], [-1.19016, 0.1369, -0.08478], [-1.15816, 0.1741, -0.03638], [-1.13224, 0.20867, 0.01299], [-1.10565, 0.24965, 0.06049], [-1.07644, 0.29587, 0.10595], [-1.03069, 0.34456, 0.13752], [-1.01858, 0.37002, 0.16139], [-1.01233, 0.38867, 0.17734], [-0.99562, 0.41036, 0.19068], [-0.96017, 0.44242, 0.20668], [-0.9228, 0.47147, 0.21979], [-0.91897, 0.49465, 0.23032], [-0.85614, 0.5428, 0.2438], [-0.76462, 0.5776, 0.24868], [-0.68331, 0.58566, 0.24805], [-0.6304, 0.62319, 0.23831], [-0.54561, 0.61673, 0.22806], [-0.48565, 0.6102, 0.21627], [-0.38669, 0.57898, 0.19476], [-0.31502, 0.54482, 0.17434], [-0.26561, 0.51465, 0.15691]]}}