{"graph": "k33", "genus": 2, "class": 0, "representative": {"1": [2, 4, 6], "2": [1, 3, 5], "3": [2, 4, 6], "4": [1, 3, 5], "5": [2, 4, 6], "6": [1, 5, 3]}, "vertices": {"1": [-1.14884, 0.76293, 0.14172], "2": [-0.24008, 0.28113, 0.25362], "3": [-1.34958, -0.02255, -0.24855], "4": [-0.2079, 0.55334, 0.02468], "5": [1.27936, 0.55704, -0.24407], "6": [-0.25683, 0.52255, 0.16749]}, "edges": {"1-2": [[-1.14884, 0.76293, 0.14172], [-1.205, 0.72426, 0.16151], [-1.25082, 0.71079, 0.15245], [-1.29438, 0.68662, 0.14772], [-1.33362, 0.66092, 0.14376], [-1.3731, 0.63485, 0.14007], [-1.41487, 0.60502, 0.13631], [-1.44917, 0.57281, 0.12945], [-1.48327, 0.54035, 0.12315], [-1.51691, 0.50803, 0.11727], [-1.55077, 0.47384, 0.10126], [-1.57501, 0.43945, 0.08952], [-1.59803, 0.4069, 0.07818], [-1.61966, 0.37647, 0.06731], [-1.64187, 0.34569, 0.04908], [-1.65266, 0.31744, 0.03441], [-1.66309, 0.29026, 0.01989], [-1.65794, 0.30794, -0.01446], [-1.64733, 0.3337, -0.03479], [-1.63051, 0.36278, -0.0594], [-1.60936, 0.38685, -0.07884], [-1.58678, 0.41259, -0.09953], [-1.55878, 0.43731, -0.12451], [-1.52969, 0.46261, -0.14637], [-1.49076, 0.48603, -0.17002], [-1.45206, 0.50439, -0.18842], [-1.40891, 0.51759, -0.20933], [-1.36639, 0.52966, -0.22651], [-1.31692, 0.53566, -0.24193], [-1.27046, 0.53921, -0.25287], [-1.22057, 0.53518, -0.26132], [-1.17065, 0.52769, -0.26742], [-1.12374, 0.52035, -0.26742], [-1.07601, 0.50578, -0.26512], [-1.0316, 0.49238, -0.25864], [-0.98906, 0.47182, -0.24774], [-0.94866, 0.45271, -0.23561], [-0.91026, 0.4292, -0.21474], [-0.87742, 0.40288, -0.1918], [-0.84454, 0.38068, -0.167], [-0.81751, 0.35797, -0.13385], [-0.78925, 0.33403, -0.09861], [-0.761, 0.31648, -0.06365], [-0.73754, 0.30058, -0.02278], [-0.70889, 0.28743, 0.01943], [-0.68236, 0.27877, 0.06173], [-0.64986, 0.26992, 0.09869], [-0.61486, 0.26814, 0.13736], [-0.57432, 0.26299, 0.17456], [-0.52829, 0.25886, 0.20626], [-0.48285, 0.25315, 0.23061], [-0.4288, 0.24555, 0.25073], [-0.37119, 0.23669, 0.26305], [-0.31154, 0.22709, 0.26742], [-0.24808, 0.20975, 0.26129], [-0.24008, 0.28113, 0.25362]], "2-3": [[-0.24008, 0.28113, 0.25362], [-0.29964, 0.31994, 0.2616], [-0.34778, 0.32758, 0.26742], [-0.39253, 0.3368, 0.26742], [-0.44081, 0.34222, 0.26284], [-0.48623, 0.34924, 0.25662], [-0.53421, 0.35258, 0.24265], [-0.58078, 0.35219, 0.22781], [-0.62538, 0.35558, 0.21066], [-0.66883, 0.35321, 0.18855], [-0.7131, 0.35275, 0.16797], [-0.75397, 0.34873, 0.14111], [-0.79739, 0.34422, 0.11772], [-0.83648, 0.33796, 0.08856], [-0.87872, 0.32981, 0.06332], [-0.91647, 0.3201, 0.03365], [-0.95768, 0.30861, 0.00805], [-0.99399, 0.29425, -0.021], [-1.03002, 0.27899, -0.0453], [-1.06829, 0.2593, -0.07277], [-1.1016, 0.2388, -0.09536], [-1.1378, 0.2148, -0.12035], [-1.16832, 0.18975, -0.141], [-1.20175, 0.16136, -0.16358], [-1.23011, 0.1329, -0.18201], [-1.26114, 0.10132, -0.20259], [-1.28896, 0.07078, -0.21811], [-1.31994, 0.03775, -0.23606], [-1.34958, -0.02255, -0.24855]], "3-4": [[-1.34958, -0.02255, -0.24855], [-1.4224, -0.02673, -0.26742], [-1.40927, -0.08344, -0.26635], [-1.40018, -0.13923, -0.26672], [-1.39473, -0.19633, -0.26742], [-1.38502, -0.25118, -0.26742], [-1.37494, -0.30528, -0.26742], [-1.3681, -0.36115, -0.26646], [-1.3495, -0.40739, -0.26312], [-1.33048, -0.45302, -0.25961], [-1.30956, -0.49775, -0.25653], [-1.28645, -0.54237, -0.24752], [-1.25927, -0.58189, -0.24036], [-1.23263, -0.62411, -0.2316], [-1.19707, -0.66006, -0.21994], [-1.16189, -0.69395, -0.20778], [-1.12604, -0.72964, -0.19189], [-1.08318, -0.75379, -0.18213], [-1.0413, -0.77345, -0.17038], [-0.99829, -0.79248, -0.15957], [-0.95461, -0.81209, -0.14287], [-0.90482, -0.82311, -0.12743], [-0.85807, -0.83156, -0.11272], [-0.81095, -0.83851, -0.09385], [-0.75972, -0.84107, -0.079], [-0.71397, -0.83683, -0.06237], [-0.66879, -0.83095, -0.04118], [-0.62437, -0.82334, -0.02407], [-0.57723, -0.81153, -0.00655], [-0.53696, -0.79175, 0.02275], [-0.49798, -0.77148, 0.04821], [-0.46219, -0.7469, 0.07785], [-0.42547, -0.71797, 0.10284], [-0.40008, -0.68271, 0.12938], [-0.37584, -0.64881, 0.15231], [-0.3573, -0.61044, 0.17685], [-0.33773, -0.57216, 0.19755], [-0.33426, -0.52322, 0.22037], [-0.3358, -0.4738, 0.24051], [-0.3427, -0.42406, 0.25667], [-0.35195, -0.3771, 0.26486], [-0.36953, -0.3276, 0.26742], [-0.39149, -0.28012, 0.26394], [-0.41553, -0.23494, 0.25349], [-0.43616, -0.19518, 0.2366], [-0.46152, -0.15889, 0.21219], [-0.48474, -0.12421, 0.18212], [-0.50432, -0.09329, 0.14653], [-0.51864, -0.07016, 0.11115], [-0.53151, -0.04542, 0.06494], [-0.53628, -0.02301, 0.01605], [-0.53227, -0.00252, -0.03371], [-0.52236, 0.01299, -0.0826], [-0.50481, 0.03378, -0.12847], [-0.48008, 0.05637, -0.16917], [-0.45013, 0.08123, -0.20342], [-0.42049, 0.10592, -0.22874], [-0.38586, 0.13798, -0.24951], [-0.35058, 0.17373, -0.26229], [-0.3167, 0.21256, -0.26742], [-0.28611, 0.25373, -0.26612], [-0.26503, 0.29589, -0.25776], [-0.24481, 0.34028, -0.24222], [-0.22942, 0.38507, -0.22205], [-0.21839, 0.42972, -0.19822], [-0.22122, 0.47132, -0.17621], [-0.22419, 0.50889, -0.14646], [-0.23716, 0.54046, -0.12645], [-0.24869, 0.57128, -0.10247], [-0.26291, 0.59713, -0.08164], [-0.2761, 0.62162, -0.06124], [-0.29534, 0.64485, -0.03519], [-0.29713, 0.6483, -0.01856], [-0.27845, 0.63435, -0.00773], [-0.26587, 0.62038, 0.00769], [-0.25412, 0.60558, 0.01883], [-0.2079, 0.55334, 0.02468]], "4-5": [[-0.2079, 0.55334, 0.02468], [-0.18194, 0.52293, -0.03474], [-0.15173, 0.48773, 0.00836], [-0.12502, 0.44134, 0.01033], [-0.09886, 0.39584, 0.01362], [-0.07281, 0.34894, 0.01739], [-0.05271, 0.30015, 0.02032], [-0.0701, 0.2386, 0.01911], [-0.02209, 0.18356, 0.01104], [-0.00421, 0.15457, 0.02895], [-0.00213, 0.11792, 0.02509], [0.02821, 0.08428, 0.01706], [0.00254, 0.04792, -0.00319], [-0.00117, 0.01122, -0.0238], [0.04233, -0.01334, -0.04057], [0.01335, -0.03207, -0.0878], [0.03556, -0.04682, -0.12968], [0.06393, -0.05944, -0.16777], [0.09731, -0.06875, -0.20239], [0.1333, -0.07498, -0.22806], [0.1783, -0.07694, -0.24985], [0.2274, -0.075, -0.2634], [0.27836, -0.06949, -0.26742], [0.32852, -0.06097, -0.26159], [0.37529, -0.05006, -0.24667], [0.41654, -0.03729, -0.22447], [0.45112, -0.02307, -0.19745], [0.47457, -0.00822, -0.16967], [0.49627, 0.00419, -0.13787], [0.5155, 0.0206, -0.10617], [0.52459, 0.04196, -0.08512], [0.52627, 0.07379, -0.09219], [0.53449, 0.10888, -0.10156], [0.53946, 0.14306, -0.1154], [0.55186, 0.17985, -0.12874], [0.56333, 0.21542, -0.14262], [0.58038, 0.2536, -0.16252], [0.59724, 0.29042, -0.17601], [0.6215, 0.32579, -0.19204], [0.64543, 0.36453, -0.20734], [0.67275, 0.39672, -0.22031], [0.7035, 0.43132, -0.23371], [0.73657, 0.46014, -0.2419], [0.77403, 0.48608, -0.24977], [0.81225, 0.51299, -0.25713], [0.85449, 0.53313, -0.26144], [0.89886, 0.55024, -0.26509], [0.94514, 0.56916, -0.26742], [0.99313, 0.58173, -0.26742], [1.04348, 0.59687, -0.26632], [1.09203, 0.60138, -0.26161], [1.14067, 0.60555, -0.25657], [1.19116, 0.61216, -0.2456], [1.24142, 0.61324, -0.23371], [1.27936, 0.55704, -0.24407]],