{"graph": "k5", "genus": 2, "class": 18, "representative": {"1": [2, 3, 4, 5], "2": [1, 3, 4, 5], "3": [1, 2, 5, 4], "4": [1, 3, 5, 2], "5": [1, 3, 2, 4]}, "vertices": {"1": [-0.74666, 0.82077, 0.07848], "2": [0.71283, -0.82834, 0.0], "3": [-0.74747, 0.71047, 0.21403], "4": [-0.51533, 0.0, 0.0], "5": [-0.79371, 0.33814, 0.02003]}, "edges": {"1-2": [[-0.74666, 0.82077, 0.07848], [-0.40842, 0.70165, 0.05985], [-0.1358, 0.42407, 0.03754], [0.0, 0.12353, 0.09197], [0.06394, -0.13478, -0.12694], [0.16156, -0.19589, -0.21088], [0.29285, -0.24333, -0.24764], [0.40621, -0.256, -0.23805], [0.48433, -0.22819, -0.19559], [0.54851, -0.22879, -0.13838], [0.57967, -0.23833, -0.10565], [0.58883, -0.22344, -0.0584], [0.61299, -0.24003, -0.00596], [0.63702, -0.2665, 0.03986], [0.63196, -0.27677, 0.08328], [0.62248, -0.28989, 0.11937], [0.63244, -0.35738, 0.18233], [0.60897, -0.41949, 0.22598], [0.62648, -0.50014, 0.24541], [0.60686, -0.55748, 0.24802], [0.57564, -0.62454, 0.23057], [0.62528, -0.71186, 0.19309], [0.64876, -0.76699, 0.14393], [0.695, -0.81206, 0.07841], [0.71283, -0.82834, 0.0]], "2-3": [[0.71283, -0.82834, 0.0], [0.5126, -0.74468, 0.0974], [0.40848, -0.61179, 0.18406], [0.32502, -0.42984, 0.23072], [0.32287, -0.31115, 0.24726], [0.36866, -0.24333, 0.24467], [0.41414, -0.12922, 0.2126], [0.45329, -0.08712, 0.17433], [0.47592, -0.0554, 0.14039], [0.49795, -0.03024, 0.09449], [0.5076, -0.02263, 0.06433], [0.51333, -0.00949, 0.03253], [0.51533, 0.0, 0.0], [0.47788, 0.08048, -0.14392], [0.40905, 0.21396, -0.23026], [0.35578, 0.39896, -0.24375], [0.37546, 0.57183, -0.19343], [0.49727, 0.72939, -0.11273], [0.71283, 0.82834, 0.0], [1.36013, 0.44674, 0.23587], [1.27513, -0.05546, 0.17935], [1.06595, -0.28836, -0.07461], [0.81496, -0.52087, -0.23884], [0.36127, -0.53245, -0.20803], [0.0, 0.05267, -0.14472], [-0.04822, 0.18812, -0.01795], [-0.1087, 0.34388, 0.08743], [-0.15464, 0.41659, 0.10423], [-0.32589, 0.58074, 0.15332], [-0.5533, 0.68809, 0.19003], [-0.74747, 0.71047, 0.21403]], "3-5": [[-0.74747, 0.71047, 0.21403], [-0.78274, 0.689, 0.22742], [-0.81322, 0.66826, 0.2364], [-0.81647, 0.6465, 0.2425], [-0.81977, 0.62938, 0.24582], [-0.83221, 0.60138, 0.24859], [-0.85064, 0.57614, 0.24826], [-0.87281, 0.55533, 0.24604], [-0.90241, 0.53244, 0.2419], [-0.9242, 0.51142, 0.23664], [-0.91654, 0.502, 0.23306], [-0.90904, 0.49266, 0.22904], [-0.90204, 0.48346, 0.22462], [-0.89477, 0.47454, 0.21985], [-0.88977, 0.46557, 0.21466], [-0.89669, 0.45573, 0.20894], [-0.90652, 0.43906, 0.19795], [-0.91745, 0.42263, 0.1856], [-0.89827, 0.41031, 0.17158], [-0.86607, 0.39599, 0.15285], [-0.86454, 0.37948, 0.12884], [-0.87084, 0.36623, 0.10419], [-0.84598, 0.35733, 0.08229], [-0.83128, 0.34687, 0.04665], [-0.79371, 0.33814, 0.02003]], "1-3": [[-0.74666, 0.82077, 0.07848], [-0.63406, 0.79745, 0.07811], [-0.55045, 0.76592, 0.08622], [-0.43925, 0.71468, 0.07739], [-0.42961, 0.70702, 0.08222], [-0.42015, 0.69914, 0.08702], [-0.41088, 0.69105, 0.09178], [-0.42714, 0.70015, 0.09427], [-0.4436, 0.70884, 0.09673], [-0.46355, 0.71747, 0.10215], [-0.47147, 0.71975, 0.10602], [-0.47942, 0.72188, 0.10987], [-0.48817, 0.72389, 0.11432], [-0.4966, 0.72552, 0.11875], [-0.50506, 0.72698, 0.12312], [-0.51355, 0.72826, 0.12745], [-0.53162, 0.73105, 0.13553], [-0.54976, 0.73311, 0.14341], [-0.56656, 0.73334, 0.15178], [-0.59773, 0.73806, 0.15992], [-0.62837, 0.74229, 0.16641], [-0.65618, 0.74229, 0.17468], [-0.6966, 0.7383, 0.18743], [-0.7108, 0.72428, 0.20076], [-0.74747, 0.71047, 0.21403]], "2-4": [[0.71283, -0.82834, 0.0], [0.33182, -0.65461, -0.01855], [0.1084, -0.37569, -0.03025], [0.0, -0.12353, 0.09197], [-0.03188, 0.06933, 0.07383], [-0.04367, 0.10371, 0.09615], [-0.05377, 0.11353, 0.11472], [-0.06471, 0.09489, 0.13727], [-0.08137, 0.08459, 0.16087], [-0.09743, 0.08624, 0.17782], [-0.10705, 0.09011, 0.18629], [-0.12005, 0.10249, 0.19572], [-0.13378, 0.11433, 0.20446], [-0.14887, 0.1205, 0.21343], [-0.16473, 0.11366, 0.22261], [-0.18086, 0.10846, 0.23021], [-0.21294, 0.10141, 0.24105], [-0.24664, 0.09389, 0.2473], [-0.27943, 0.08978, 0.24871], [-0.32814, 0.0696, 0.24215], [-0.38154, 0.05912, 0.22247], [-0.42907, 0.05823, 0.19168], [-0.47173, 0.02899, 0.14225], [-0.50394, 0.01966, 0.07612], [-0.51533, 0.0, 0.0]], "1-5": [[-0.74666, 0.82077, 0.07848], [-0.92872, 0.83056, 0.06113], [-1.1108, 0.7888, 0.07956], [-1.32238, 0.69273, 0.06114], [-1.44302, 0.59716, 0.05322], [-1.55605, 0.46369, 0.04348], [-1.63674, 0.31444, 0.03234], [-1.66802, 0.22578, 0.02301], [-1.69202, 0.11392, 0.01052], [-1.7, 0.0, 0.0], [-1.69945, -0.00195, -0.01651], [-1.69734, -0.00197, -0.03626], [-1.69366, -0.00206, -0.0558], [-1.6834, 0.05788, -0.08389], [-1.66586, 0.11761, -0.10995], [-1.64119, 0.17464, -0.13459], [-1.57281, 0.2817, -0.17667], [-1.4978, 0.34898, -0.20853], [-1.42119, 0.39278, -0.23052], [-1.28743, 0.43461, -0.24813], [-1.15219, 0.45015, -0.24261], [-1.04073, 0.43191, -0.21584], [-0.92415, 0.3864, -0.14733], [-0.85897, 0.35437, -0.07256], [-0.79371, 0.33814, 0.02003]], "3-4": [[-0.74747, 0.71047, 0.21403], [-0.98697, 0.65941, 0.23577], [-1.16486, 0.51432, 0.24871], [-1.25452, 0.36927, 0.24347], [-1.31292, 0.24263, 0.23639], [-1.32021, 0.11476, 0.21958], [-1.29792, 0.00336, 0.19595], [-1.27481, -0.07675, 0.18221], [-1.22216, -0.16506, 0.15659], [-1.18685, -0.22087, 0.15202], [-1.16106, -0.24558, 0.14388], [-1.1219, -0.27012, 0.12462], [-1.08513, -0.29378, 0.11321], [-1.05053, -0.31403, 0.1073], [-1.01962, -0.3281, 0.10184], [-0.9949, -0.33606, 0.09532], [-0.93861, -0.3481, 0.08102], [-0.88204, -0.35049, 0.0614], [-0.83378, -0.34771, 0.04994], [-0.75543, -0.3283, 0.01816], [-0.68697, -0.29943, 0.02919], [-0.63357, -0.25997, 0.01527], [-0.5686, -0.18436, 0.01271], [-0.52854, -0.09476, 0.00761], [-0.51533, 0.0, 0.0]], "4-5": [[-0.51533, 0.0, 0.0], [-0.51535, 0.02123, -0.01783], [-0.51585, 0.04584, -0.0354], [-0.5169, 0.07074, -0.0528], [-0.51864, 0.08449, -0.05868], [-0.521, 0.09833, -0.0639], [-0.52382, 0.11216, -0.06908], [-0.52975, 0.12779, -0.06815], [-0.53805, 0.14714, -0.06778], [-0.54456, 0.16461, -0.07401], [-0.54913, 0.17446, -0.07618], [-0.55461, 0.18481, -0.07773], [-0.56078, 0.19535, -0.07893], [-0.56801, 0.20603, -0.07907], [-0.57598, 0.21671, -0.0788], [-0.58454, 0.2272, -0.07833], [-0.60171, 0.24437, -0.07382], [-0.61804, 0.25803, -0.06779], [-0.63229, 0.26903, -0.06331], [-0.65347, 0.28276, -0.05406], [-0.66941, 0.29158, -0.04543], [-0.69169, 0.30294, -0.03494], [-0.73134, 0.31925, -0.01064], [-0.76496, 0.33061, 0.00826], [-0.79371, 0.33814, 0.02003]], "1-4": [[-0.74666, 0.82077, 0.07848], [-1.05648, 0.7961, 0.09973], [-1.37451, 0.62329, 0.1224], [-1.57754, 0.32001, 0.15531], [-1.63453, 0.12268, 0.15704], [-1.63303, -0.02807, 0.16927], [-1.58416, -0.22305, 0.18488], [-1.51294, -0.34944, 0.19906], [-1.4332, -0.4493, 0.20776], [-1.3296, -0.53824, 0.21641], [-1.27867, -0.56199, 0.22357], [-1.22669, -0.58081, 0.22987], [-1.17448, -0.60135, 0.23315], [-1.13265, -0.60727, 0.23759], [-1.08393, -0.61392, 0.24105], [-1.03271, -0.6214, 0.24309], [-0.94101, -0.62674, 0.24558], [-0.83125, -0.59978, 0.24865], [-0.74326, -0.56083, 0.248], [-0.67687, -0.50364, 0.24221], [-0.59557, -0.40556, 0.22373], [-0.55418, -0.32774, 0.20227], [-0.51652, -0.20232, 0.15492], [-0.50871, -0.09321, 0.0949], [-0.51533, 0.0, 0.0]],