{"graph": "k5", "genus": 2, "class": 26, "representative": {"1": [2, 3, 4, 5], "2": [1, 3, 5, 4], "3": [1, 2, 4, 5], "4": [1, 2, 5, 3], "5": [1, 4, 2, 3]}, "vertices": {"1": [0.27622, -0.60661, 0.0], "2": [-0.85889, 0.84111, 0.0], "3": [0.26655, 0.0, -0.24878], "4": [1.48847, -0.55776, 0.0], "5": [-0.76107, -0.58055, 0.24875]}, "edges": {"1-2": [[0.27622, -0.60661, 0.0], [0.13552, -0.42795, -0.01791], [0.07022, -0.28959, -0.02193], [0.0, -0.13914, 0.06602], [-0.04865, 0.13529, 0.09694], [-0.07451, 0.14364, 0.14083], [-0.11882, 0.1608, 0.18619], [-0.17894, 0.21548, 0.2174], [-0.22413, 0.23234, 0.23431], [-0.28119, 0.24201, 0.24645], [-0.31231, 0.24486, 0.24869], [-0.34259, 0.2445, 0.24789], [-0.38052, 0.25283, 0.24344], [-0.41791, 0.25188, 0.23399], [-0.44608, 0.23957, 0.22058], [-0.46584, 0.23248, 0.20852], [-0.50541, 0.21822, 0.1749], [-0.54534, 0.22214, 0.13637], [-0.579, 0.22977, 0.09431], [-0.61726, 0.24485, -0.01486], [-0.6104, 0.27622, -0.11464], [-0.60817, 0.3666, -0.19982], [-0.58765, 0.55036, -0.24787], [-0.70224, 0.76052, -0.16727], [-0.85889, 0.84111, 0.0]], "2-3": [[-0.85889, 0.84111, 0.0], [-0.70499, 0.8268, 0.00752], [-0.57019, 0.78983, 0.00948], [-0.43851, 0.72805, 0.0145], [-0.34479, 0.66493, 0.01769], [-0.28292, 0.61166, 0.02185], [-0.20917, 0.53285, 0.02046], [-0.1628, 0.4712, 0.01646], [-0.12792, 0.41413, 0.02213], [-0.09643, 0.35196, 0.02581], [-0.08906, 0.3364, 0.02224], [-0.0797, 0.31502, 0.01804], [-0.06886, 0.28756, 0.01387], [-0.0608, 0.26468, 0.01192], [-0.05363, 0.24233, 0.00962], [-0.04586, 0.21456, 0.01125], [-0.03476, 0.17559, 0.01574], [-0.01001, 0.12483, 0.07039], [0.0, 0.09252, 0.12312], [0.0343, -0.04532, -0.08586], [0.05926, -0.05829, -0.1343], [0.10206, -0.04536, -0.18543], [0.14842, -0.04411, -0.2182], [0.20405, -0.02223, -0.2407], [0.26655, 0.0, -0.24878]], "3-4": [[0.26655, 0.0, -0.24878], [0.62816, 0.2613, 0.04979], [0.91923, 0.62232, 0.2466], [1.63269, 0.32969, 0.0], [1.69658, 0.0608, -0.02453], [1.67164, -0.19138, -0.05488], [1.57767, -0.41611, -0.07176], [1.51464, -0.50786, -0.07538], [1.45603, -0.57476, -0.07726], [1.39196, -0.63378, -0.07924], [1.34575, -0.66771, -0.08439], [1.30213, -0.69578, -0.08816], [1.26886, -0.7157, -0.08858], [1.24643, -0.72859, -0.08743], [1.22358, -0.74076, -0.08629], [1.20035, -0.75222, -0.08513], [1.20277, -0.75327, -0.07955], [1.20488, -0.75427, -0.07404], [1.20132, -0.75688, -0.07109], [1.34752, -0.67894, -0.0477], [1.46592, -0.58037, -0.02522], [1.56979, -0.44955, 0.0], [1.54463, -0.48706, 0.0], [1.5175, -0.52316, 0.0], [1.48847, -0.55776, 0.0], [1.48847, -0.55776, 0.0]], "1-5": [[0.27622, -0.60661, 0.0], [0.17785, -0.49353, -0.00511], [0.10689, -0.37578, -0.01511], [0.0658, -0.2797, -0.00883], [0.04678, -0.21857, -0.00736], [0.0304, -0.16061, 0.00046], [0.0, -0.09252, 0.12312], [-0.03587, 0.05566, 0.08835], [-0.06163, 0.06758, 0.13681], [-0.10505, 0.06494, 0.18681], [-0.13068, 0.08951, 0.20472], [-0.16078, 0.07936, 0.22301], [-0.19234, 0.07224, 0.2362], [-0.22299, 0.07037, 0.24422], [-0.25627, 0.06093, 0.24842], [-0.28681, 0.06052, 0.24819], [-0.34288, 0.03583, 0.23718], [-0.39557, 0.03647, 0.21358], [-0.43951, 0.02989, 0.17984], [-0.47955, 0.01566, 0.12907], [-0.50605, 0.00993, 0.06781], [-0.51533, 0.0, 0.0], [-0.51638, -0.16939, 0.13303], [-0.57506, -0.37738, 0.21785], [-0.76107, -0.58055, 0.24875]], "3-5": [[0.26655, 0.0, -0.24878], [0.60291, 0.23356, 0.03829], [0.81601, 0.62067, 0.24699], [1.48847, 0.55776, 0.0], [1.66949, -0.15982, -0.08482], [1.30884, -0.65853, -0.14061], [0.83238, -0.79204, -0.14775], [0.3859, -0.63018, -0.15373], [0.11729, -0.33611, -0.11254], [0.0, 0.144, -0.05461], [-0.08874, 0.31959, 0.05964], [-0.13258, 0.40339, 0.07087], [-0.22912, 0.53013, 0.09273], [-0.37192, 0.65075, 0.11531], [-0.556, 0.73913, 0.13883], [-0.74965, 0.77335, 0.16213], [-0.87578, 0.77026, 0.17369], [-0.98589, 0.74312, 0.18918], [-1.08334, 0.70353, 0.20134], [-1.19472, 0.63101, 0.21654], [-1.2842, 0.53102, 0.23269], [-1.35244, 0.44545, 0.23798], [-1.43787, 0.2938, 0.24218], [-1.47204, 0.11735, 0.24672], [-1.44375, -0.0519, 0.24873], [-1.38302, -0.19819, 0.24672], [-1.25861, -0.35408, 0.24184], [-1.09765, -0.43788, 0.23051], [-1.00659, -0.49794, 0.23784], [-0.85628, -0.56011, 0.24669], [-0.76107, -0.58055, 0.24875]], "1-3": [[0.27622, -0.60661, 0.0], [0.2347, -0.53759, 0.09124], [0.22005, -0.45018, 0.16156], [0.23604, -0.34757, 0.21741], [0.27287, -0.2897, 0.24109], [0.34877, -0.26109, 0.24803], [0.40229, -0.18734, 0.22832], [0.44605, -0.14689, 0.19527], [0.476, -0.1177, 0.15849], [0.50487, -0.10411, 0.10961], [0.51243, -0.09295, 0.08551], [0.52367, -0.09926, 0.05451], [0.52911, -0.1005, 0.02435], [0.52636, -0.08642, 0.00243], [0.52488, -0.08542, -0.02447], [0.52114, -0.09202, -0.05652], [0.50062, -0.06601, -0.09945], [0.48487, -0.06577, -0.12924], [0.46272, -0.06752, -0.16006], [0.4395, -0.07137, -0.18447], [0.39856, -0.05299, -0.21274], [0.35768, -0.0409, -0.23214], [0.32457, -0.03326, -0.24217], [0.29553, -0.01631, -0.24711], [0.26655, 0.0, -0.24878]], "2-5": [[-0.85889, 0.84111, 0.0], [-0.90998, 0.83944, 0.0078], [-0.95623, 0.83516, 0.01221], [-1.0029, 0.82743, 0.0249], [-1.06769, 0.81167, 0.03862], [-1.13208, 0.79053, 0.04818], [-1.20167, 0.76315, 0.04718], [-1.27227, 0.7279, 0.04455], [-1.32729, 0.6923, 0.05083], [-1.36843, 0.65978, 0.06055], [-1.40415, 0.62949, 0.06375], [-1.43864, 0.59639, 0.06764], [-1.46731, 0.56473, 0.07313], [-1.50223, 0.52237, 0.07759], [-1.53546, 0.47593, 0.08202], [-1.56446, 0.42854, 0.0867], [-1.59426, 0.36538, 0.09766], [-1.62887, 0.27408, 0.1062], [-1.65601, 0.16625, 0.1124], [-1.66547, -0.03656, 0.12503], [-1.62184, -0.20764, 0.15013], [-1.53988, -0.36429, 0.17176], [-1.2746, -0.58291, 0.21589], [-1.03634, -0.63511, 0.23956], [-0.76107, -0.58055, 0.24875]], "1-4": [[0.27622, -0.60661, 0.0], [0.14817, -0.39559, 0.11413], [0.15052, -0.17576, 0.20732], [0.26655, 0.0, 0.24878], [0.15162, 0.16935, 0.20902], [0.11644, 0.31819, 0.12443], [0.18646, 0.50529, 0.0], [0.24632, 0.56157, -0.07014], [0.35805, 0.62706, -0.13309], [0.44913, 0.64297, -0.18154], [0.54887, 0.63761, -0.21974], [0.67016, 0.6269, -0.24084], [0.76466, 0.59025, -0.24872], [0.81185, 0.54382, -0.2444], [0.90952, 0.48255, -0.22453], [0.93042, 0.42631, -0.19045], [0.99282, 0.35098, -0.12225], [1.0212, 0.30321, -0.01358], [1.0937, 0.27142, 0.08601], [1.19179, 0.25277, 0.17747], [1.33809, 0.2086, 0.23882], [1.49289, 0.07025, 0.24457], [1.59311, -0.13611, 0.19507], [1.59049, -0.3639, 0.10662], [1.48847, -0.55776, 0.0]], "2-4": [[-0.85889, 0.84111, 0.0], [-0.82305, 0.76132, -0.1818], [-0.75224, 0.59589, -0.24844], [-0.74116, 0.40474, -0.18086], [-0.74839, 0.34647, -0.09799], [-0.72571, 0.32024, 0.04024], [-0.66782, 0.33567, 0.13934], [-0.62068, 0.37832, 0.20196], [-0.57314, 0.40338, 0.22866], [-0.48168, 0.42235, 0.24741], [-0.44609, 0.42825, 0.24877], [-0.40872, 0.44038, 0.24595], [-0.36203, 0.43536, 0.23923], [-0.32002, 0.43778, 0.22693], [-0.27443, 0.42945, 0.21029], [-0.23722, 0.40442, 0.199], [-0.14793, 0.33609, 0.15567], [-0.08092, 0.25636, 0.10228], [0.0, -0.08231, -0.13017], [0.0, -0.07521, -0.1344], [0.0, -0.06788, -0.13824], [0.0, -0.06037, -0.14168], [0.21928, -0.52684, -0.07775], [0.70437, -0.81768, -0.06619], [1.48847, -0.55776, 0.0]],