{"graph": "k5", "genus": 2, "class": 10, "representative": {"1": [2, 3, 4, 5], "2": [1, 3, 4, 5], "3": [1, 2, 4, 5], "4": [1, 5, 2, 3], "5": [1, 4, 3, 2]}, "vertices": {"1": [-0.85889, -0.84111, 0.0], "2": [0.60511, 0.28514, -0.13241], "3": [0.85889, -0.84111, 0.0], "4": [-0.51533, 0.0, 0.0], "5": [0.85889, 0.84111, 0.0]}, "edges": {"1-2": [[-0.85889, -0.84111, 0.0], [-1.27274, 0.15897, -0.19922], [-0.7136, 0.47241, 0.22863], [0.0, -0.13337, -0.077], [0.12069, -0.37952, -0.07339], [0.28006, -0.56955, -0.11669], [0.4907, -0.70081, -0.14889], [0.67381, -0.75117, -0.17037], [0.84899, -0.74849, -0.19362], [1.01341, -0.70253, -0.21393], [1.1068, -0.65427, -0.22444], [1.20402, -0.57856, -0.2351], [1.25593, -0.50917, -0.24299], [1.29943, -0.44364, -0.2466], [1.32744, -0.38063, -0.24852], [1.36244, -0.30614, -0.24876], [1.37318, -0.18602, -0.2446], [1.37771, -0.02979, -0.23794], [1.33094, 0.11027, -0.22432], [1.24117, 0.23405, -0.2028], [1.12168, 0.32041, -0.17386], [1.00952, 0.37291, -0.16042], [0.86914, 0.38649, -0.13992], [0.7274, 0.36117, -0.13652], [0.60511, 0.28514, -0.13241]], "2-3": [[0.60511, 0.28514, -0.13241], [0.57113, 0.19261, -0.03668], [0.51654, 0.10578, 0.08441], [0.42947, 0.0, 0.18802], [0.47111, -0.02148, 0.14244], [0.49967, -0.04079, 0.09282], [0.51926, -0.06819, 0.03751], [0.52437, -0.08104, -0.01776], [0.51555, -0.09632, -0.07948], [0.50432, -0.11254, -0.11551], [0.50023, -0.1235, -0.12852], [0.49177, -0.13249, -0.14516], [0.48475, -0.14187, -0.15795], [0.48239, -0.14996, -0.164], [0.48001, -0.15823, -0.16989], [0.47763, -0.16671, -0.1756], [0.48229, -0.17915, -0.17653], [0.48705, -0.19046, -0.17726], [0.492, -0.19991, -0.1773], [0.53808, -0.20596, -0.13163], [0.57485, -0.22139, -0.08927], [0.59835, -0.22554, -0.02276], [0.58742, -0.38071, 0.21524], [0.61328, -0.68556, 0.20839], [0.85889, -0.84111, 0.0]], "3-4": [[0.85889, -0.84111, 0.0], [0.41803, -0.71605, -0.01083], [0.13128, -0.42059, -0.01854], [0.0, -0.08161, 0.13061], [-0.02808, 0.03031, 0.06899], [-0.04378, 0.08781, 0.10071], [-0.05939, 0.07991, 0.13157], [-0.08526, 0.07238, 0.1667], [-0.11081, 0.09098, 0.18944], [-0.147, 0.12879, 0.21143], [-0.16987, 0.12611, 0.22405], [-0.19348, 0.12438, 0.23396], [-0.2179, 0.12481, 0.24127], [-0.24222, 0.12509, 0.24603], [-0.266, 0.12746, 0.24838], [-0.28933, 0.13167, 0.24866], [-0.32889, 0.10794, 0.2434], [-0.37418, 0.0925, 0.22828], [-0.41658, 0.10331, 0.20691], [-0.45237, 0.09802, 0.17764], [-0.47283, 0.07589, 0.14945], [-0.49147, 0.0602, 0.11611], [-0.50534, 0.04999, 0.08085], [-0.51327, 0.02895, 0.04022], [-0.51533, 0.0, 0.0]], "1-5": [[-0.85889, -0.84111, 0.0], [-1.42605, -0.36931, -0.234], [-1.27075, 0.11253, -0.18586], [-1.03521, 0.30552, 0.06702], [-0.93762, 0.3897, 0.15479], [-0.85467, 0.47773, 0.22082], [-0.67441, 0.54296, 0.24806], [-0.55241, 0.54532, 0.24655], [-0.49068, 0.55874, 0.23662], [-0.41402, 0.54745, 0.2216], [-0.36386, 0.53288, 0.20897], [-0.30223, 0.50287, 0.19231], [-0.25586, 0.4728, 0.17786], [-0.23438, 0.45661, 0.17037], [-0.20899, 0.43679, 0.15976], [-0.18429, 0.41506, 0.14833], [-0.10758, 0.31765, 0.10955], [-0.04842, 0.15693, -0.00163], [0.0, -0.03202, -0.15064], [0.30501, -0.53844, -0.1716], [0.69691, -0.5983, -0.24726], [1.04246, -0.3909, -0.19011], [1.20148, -0.10495, 0.0844], [1.39, 0.31914, 0.24728], [0.85889, 0.84111, 0.0]], "2-5": [[0.60511, 0.28514, -0.13241], [0.68534, 0.41966, -0.20686], [0.82245, 0.5339, -0.24212], [1.00622, 0.58949, -0.24831], [1.11336, 0.59395, -0.24289], [1.20598, 0.58706, -0.23206], [1.30616, 0.5643, -0.21349], [1.37031, 0.53936, -0.19775], [1.42156, 0.50849, -0.18524], [1.4586, 0.48499, -0.17282], [1.46865, 0.48071, -0.1673], [1.47854, 0.47615, -0.16162], [1.48827, 0.47131, -0.15579], [1.49155, 0.47405, -0.15032], [1.49699, 0.47457, -0.14396], [1.50847, 0.46889, -0.13525], [1.51141, 0.47983, -0.12056], [1.5133, 0.4903, -0.10533], [1.4937, 0.52092, -0.09758], [1.42269, 0.59913, -0.09395], [1.39226, 0.63524, -0.07524], [1.3294, 0.68925, -0.05683], [1.1742, 0.77651, -0.03868], [1.01869, 0.82509, -0.01853], [0.85889, 0.84111, 0.0]], "1-3": [[-0.85889, -0.84111, 0.0], [-1.16079, -0.78355, 0.02647], [-1.44364, -0.59704, 0.05162], [-1.5817, -0.40988, 0.07041], [-1.66301, -0.1995, 0.0782], [-1.68676, 0.06691, 0.07167], [-1.6278, 0.29229, 0.09419], [-1.55904, 0.42916, 0.09749], [-1.46053, 0.55978, 0.09616], [-1.29842, 0.68973, 0.105], [-1.20332, 0.74099, 0.10657], [-1.11574, 0.77642, 0.10515], [-1.02523, 0.80596, 0.09334], [-0.9348, 0.82344, 0.08281], [-0.85687, 0.82643, 0.08422], [-0.76656, 0.81886, 0.09055], [-0.61772, 0.78884, 0.08839], [-0.46238, 0.72753, 0.07802], [-0.34275, 0.6451, 0.08494], [-0.18803, 0.49606, 0.05765], [-0.09498, 0.33707, 0.05496], [0.0, 0.14943, -0.03726], [0.47952, -0.35318, -0.23752], [0.66584, -0.39041, 0.19314], [0.85889, -0.84111, 0.0]], "2-4": [[0.60511, 0.28514, -0.13241], [0.52949, 0.22207, -0.1544], [0.46437, 0.11997, -0.17175], [0.42947, 0.0, -0.18802], [0.24116, -0.04735, -0.24729], [0.08289, -0.05621, -0.16556], [0.0, 0.09899, 0.11798], [-0.12909, 0.41626, 0.02172], [-0.41327, 0.71293, 0.01363], [-0.85889, 0.84111, 0.0], [-0.7967, 0.83747, -0.02583], [-0.72537, 0.82386, -0.05652], [-0.62602, 0.79107, -0.08905], [-0.56265, 0.75594, -0.11695], [-0.51165, 0.71666, -0.14237], [-0.47677, 0.67686, -0.1664], [-0.41846, 0.59538, -0.19979], [-0.35689, 0.4955, -0.22163], [-0.35061, 0.42037, -0.23952], [-0.339, 0.31, -0.24844], [-0.37969, 0.23764, -0.24206], [-0.42202, 0.13931, -0.20974], [-0.46711, 0.07221, -0.1558], [-0.50082, 0.03249, -0.08774], [-0.51533, 0.0, 0.0]], "3-5": [[0.85889, -0.84111, 0.0], [0.96867, -0.83392, 0.0], [1.07658, -0.81245, 0.0], [1.18077, -0.77709, 0.0], [1.27944, -0.72843, 0.0], [1.37092, -0.6673, 0.0], [1.45364, -0.59476, 0.0], [1.52619, -0.51204, 0.0], [1.58731, -0.42056, 0.0], [1.63597, -0.32188, 0.0], [1.66084, -0.25367, -0.00016], [1.67966, -0.18383, -0.00227], [1.69239, -0.11262, -0.00438], [1.6993, 0.03394, -0.00229], [1.68022, 0.18133, -0.00022], [1.63597, 0.32188, 0.0], [1.58731, 0.42056, 0.0], [1.52619, 0.51204, 0.0], [1.45364, 0.59476, 0.0], [1.37092, 0.6673, 0.0], [1.27944, 0.72843, 0.0], [1.18077, 0.77709, 0.0], [1.07658, 0.81245, 0.0], [0.96867, 0.83392, 0.0], [0.85889, 0.84111, 0.0], [0.85889, 0.84111, 0.0]], "1-4": [[-0.85889, -0.84111, 0.0], [-0.95146, -0.83413, 0.03038], [-1.0041, -0.82042, 0.06235], [-1.03659, -0.80471, 0.09043], [-1.03492, -0.79696, 0.10859], [-1.02581, -0.78857, 0.12736], [-0.99678, -0.77833, 0.15047], [-0.97253, -0.7734, 0.16134], [-0.94983, -0.76884, 0.16975], [-0.92359, -0.76131, 0.18001], [-0.90208, -0.75439, 0.18769], [-0.88853, -0.74599, 0.19519], [-0.87056, -0.73562, 0.20331], [-0.84791, -0.72323, 0.21151], [-0.8339, -0.71006, 0.21893], [-0.82374, -0.6963, 0.22561], [-0.78017, -0.66397, 0.2368], [-0.73992, -0.62617, 0.24467], [-0.6974, -0.58846, 0.24814], [-0.64471, -0.52546, 0.24753], [-0.5891, -0.43979, 0.23676], [-0.54995, -0.35491, 0.21692], [-0.51288, -0.21939, 0.16893], [-0.50723, -0.09861, 0.10154], [-0.51533, 0.0, 0.0]], "4-5": [[-0.51533, 0.0, 0.0], [-0.53935, -0.13075, 0.02902], [-0.6108, -0.24538, 0.0515], [-0.71238, -0.31893, 0.06028], [-0.82927, -0.3596, 0.09107], [-0.95267, -0.3653, 0.12485], [-1.07461, -0.32248, 0.14189], [-1.15105, -0.27445, 0.15883], [-1.21913, -0.20997, 0.17646], [-1.28912, -0.10352, 0.19861], [-1.31504, -0.03553, 0.2091], [-1.33428, 0.03368, 0.22021], [-1.33375, 0.10342, 0.22491], [-1.33353, 0.18069, 0.23401], [-1.32177, 0.25927, 0.24099], [-1.29153, 0.33816, 0.245], [-1.22967, 0.45365, 0.2487], [-1.11769, 0.5738, 0.24599], [-0.96196, 0.67207, 0.23285], [-0.71883, 0.71111, 0.2106], [-0.51267, 0.66645, 0.19161], [-0.29785, 0.55777, 0.14958], [-0.15899, 0.41802, 0.11051], [-0.09124, 0.30696, 0.08271], [0.0, 0.03202, -0.15064], [0.80106, -0.53154, -0.24201], [1.26655, -0.08363, 0.17565], [0.85889, 0.84111, 0.0]]}}