{"graph": "k5", "genus": 2, "class": 29, "representative": {"1": [2, 3, 4, 5], "2": [1, 3, 5, 4], "3": [1, 4, 2, 5], "4": [1, 2, 3, 5], "5": [1, 2, 4, 3]}, "vertices": {"1": [0.0, 0.0082, -0.15379], "2": [0.6524, -0.81538, 0.0], "3": [-0.30624, 0.29271, -0.24658], "4": [-1.45695, -0.38013, 0.21992], "5": [1.44483, 0.58202, -0.08573]}, "edges": {"1-2": [[0.0, 0.0082, -0.15379], [0.97271, -0.5755, -0.24872], [1.11788, 0.22782, 0.02619], [0.1521, 0.0, 0.22089], [0.15544, -0.014, 0.22252], [0.15922, -0.03315, 0.22406], [0.16354, -0.05211, 0.22555], [0.17143, -0.07832, 0.22799], [0.18055, -0.09489, 0.2309], [0.19015, -0.11104, 0.2336], [0.19718, -0.12332, 0.23531], [0.20449, -0.13602, 0.23687], [0.21093, -0.14699, 0.23811], [0.21809, -0.16105, 0.2392], [0.22557, -0.17486, 0.24023], [0.23336, -0.18839, 0.2412], [0.24683, -0.22103, 0.24183], [0.26409, -0.25473, 0.24269], [0.29051, -0.28398, 0.24503], [0.32218, -0.34303, 0.24475], [0.35258, -0.39832, 0.24331], [0.37636, -0.4498, 0.2395], [0.42568, -0.60774, 0.19539], [0.50037, -0.7336, 0.10785], [0.6524, -0.81538, 0.0]], "2-3": [[0.6524, -0.81538, 0.0], [0.31082, -0.63744, -0.01505], [0.10061, -0.36099, -0.02533], [0.0, -0.10446, 0.11316], [-0.03587, 0.04726, 0.08974], [-0.06558, 0.03055, 0.14582], [-0.12523, 0.0, 0.20474], [-0.10746, -0.03548, 0.19056], [-0.09708, -0.08115, 0.17802], [-0.08513, -0.10736, 0.16196], [-0.07666, -0.11469, 0.15029], [-0.07088, -0.13162, 0.13862], [-0.06916, -0.15818, 0.12842], [-0.0685, -0.18193, 0.11855], [-0.06884, -0.20776, 0.10704], [-0.07282, -0.24186, 0.09458], [-0.0802, -0.27827, 0.08287], [-0.08984, -0.31427, 0.07095], [-0.10003, -0.3457, 0.05952], [-0.10576, -0.3626, 0.05083], [-0.10539, -0.36576, 0.04184], [-0.10534, -0.36878, 0.03278], [-0.10496, -0.37088, 0.02116], [-0.10541, -0.37341, 0.00956], [-0.11411, -0.39089, 0.0], [-0.07951, -0.27943, -0.07985], [-0.07578, -0.12228, -0.14761], [-0.12523, 0.0, -0.20474], [-0.1372, 0.05155, -0.21138], [-0.15066, 0.11333, -0.21516], [-0.16997, 0.15421, -0.22132], [-0.20935, 0.19928, -0.23304], [-0.24665, 0.2523, -0.23877], [-0.30624, 0.29271, -0.24658]], "3-5": [[-0.30624, 0.29271, -0.24658], [-0.21457, 0.35799, -0.20233], [-0.15347, 0.40451, -0.11456], [-0.11411, 0.39089, 0.0], [-0.06719, 0.28405, 0.00166], [-0.03788, 0.1824, 0.00679], [0.0, 0.07818, 0.13269], [0.02478, -0.02968, -0.05643], [0.03355, -0.02478, -0.08619], [0.0463, -0.04903, -0.11282], [0.05861, -0.03503, -0.13541], [0.0734, -0.02104, -0.15644], [0.09243, -0.01375, -0.17757], [0.1087, -0.01645, -0.19214], [0.12952, -0.0072, -0.20761], [0.1521, 0.0, -0.22089], [0.15181, 0.13673, -0.21342], [0.16255, 0.24787, -0.20085], [0.19865, 0.35957, -0.19095], [0.28961, 0.52699, -0.16807], [0.43309, 0.65514, -0.16175], [0.58951, 0.74313, -0.15048], [0.8894, 0.80771, -0.12352], [1.20857, 0.74233, -0.099], [1.44483, 0.58202, -0.08573]], "1-3": [[0.0, 0.0082, -0.15379], [-0.09531, 0.2999, 0.09949], [-0.20012, 0.41496, 0.16496], [-0.31914, 0.47812, 0.21289], [-0.37352, 0.46002, 0.23676], [-0.43336, 0.4512, 0.24721], [-0.4793, 0.42121, 0.24749], [-0.54831, 0.41667, 0.23794], [-0.565, 0.37943, 0.22194], [-0.58357, 0.35217, 0.20192], [-0.59132, 0.3361, 0.18817], [-0.59467, 0.31516, 0.1706], [-0.59635, 0.29411, 0.1505], [-0.61248, 0.28966, 0.13011], [-0.63124, 0.28957, 0.10824], [-0.64087, 0.2865, 0.089], [-0.64189, 0.27132, 0.04367], [-0.64164, 0.26627, -0.00686], [-0.65092, 0.27981, -0.05001], [-0.61033, 0.27242, -0.10914], [-0.55996, 0.27561, -0.16551], [-0.52376, 0.32137, -0.21332], [-0.46679, 0.33813, -0.23734], [-0.39354, 0.3266, -0.24764], [-0.30624, 0.29271, -0.24658]], "3-4": [[-0.30624, 0.29271, -0.24658], [-0.41347, 0.26709, -0.23784], [-0.48926, 0.19164, -0.17584], [-0.55677, 0.18659, -0.07489], [-0.57096, 0.18751, -0.00476], [-0.5563, 0.17224, 0.04772], [-0.5467, 0.18729, 0.0989], [-0.53224, 0.18133, 0.11852], [-0.51346, 0.1872, 0.14871], [-0.49521, 0.1946, 0.17187], [-0.48656, 0.19391, 0.17922], [-0.47792, 0.19445, 0.18653], [-0.47029, 0.20097, 0.19471], [-0.4645, 0.20075, 0.19863], [-0.45861, 0.20052, 0.20241], [-0.45261, 0.20025, 0.20606], [-0.4503, 0.19112, 0.20478], [-0.44803, 0.18209, 0.20362], [-0.44431, 0.17419, 0.20382], [-0.49895, 0.11106, 0.12404], [-0.52001, 0.05702, 0.00643], [-0.48683, 0.0, -0.11561], [-0.42807, -0.34072, -0.24502], [-0.72882, -0.73956, -0.19169], [-1.33669, -0.69222, 0.0], [-1.40226, -0.61264, 0.10277], [-1.44995, -0.50059, 0.16936], [-1.45695, -0.38013, 0.21992]], "4-5": [[-1.45695, -0.38013, 0.21992], [-1.48215, -0.46082, 0.16876], [-1.51253, -0.50305, 0.08859], [-1.48847, -0.55776, 0.0], [-0.78726, -0.72237, -0.20988], [-0.50064, -0.31918, -0.22188], [-0.51533, 0.0, 0.0], [-0.36031, 0.10419, 0.23453], [-0.13376, 0.20272, 0.19], [0.0, -0.1385, -0.06735], [1.13007, -0.69117, -0.19838], [1.19728, 0.40494, -0.24024], [0.51301, 0.0, -0.03388], [1.17952, 0.43085, -0.24256], [1.16856, -0.69077, -0.18647], [0.0, -0.15264, -0.02044], [0.18007, -0.48353, -0.06139], [0.48875, -0.73379, -0.09598], [0.89518, -0.80516, -0.12748], [1.01298, -0.78417, -0.13825], [1.12066, -0.74434, -0.15233], [1.20607, -0.70554, -0.15574], [1.26903, -0.66669, -0.1601], [1.33555, -0.61367, -0.16665], [1.40204, -0.55471, -0.16742], [1.49939, -0.4534, -0.1577], [1.56247, -0.31288, -0.17413], [1.61753, -0.18294, -0.16287], [1.64672, -0.05056, -0.15177], [1.65171, 0.06404, -0.14372], [1.63791, 0.17839, -0.13821], [1.60568, 0.31372, -0.12045], [1.55056, 0.44162, -0.09884], [1.44483, 0.58202, -0.08573]], "1-4": [[0.0, 0.0082, -0.15379], [-0.11257, 0.3339, 0.10558], [-0.2925, 0.5123, 0.18034], [-0.49718, 0.57841, 0.23199], [-0.58498, 0.58547, 0.24284], [-0.69565, 0.56952, 0.24878], [-0.82615, 0.54209, 0.24385], [-0.9168, 0.50935, 0.23567], [-0.93908, 0.48058, 0.22548], [-1.00004, 0.44251, 0.21341], [-1.03186, 0.42536, 0.21015], [-1.06171, 0.40649, 0.20697], [-1.08721, 0.38965, 0.20516], [-1.1077, 0.37249, 0.20259], [-1.1265, 0.35426, 0.19971], [-1.14269, 0.33511, 0.19602], [-1.18503, 0.30753, 0.20282], [-1.23006, 0.27341, 0.21129], [-1.2597, 0.22179, 0.20945], [-1.29902, 0.16468, 0.21659], [-1.33285, 0.12084, 0.22636], [-1.36949, 0.05639, 0.23603], [-1.43658, -0.07898, 0.24861], [-1.46115, -0.22253, 0.24376], [-1.45695, -0.38013, 0.21992]], "1-5": [[0.0, 0.0082, -0.15379], [0.0, 0.01365, -0.1534], [0.0, 0.01909, -0.15282], [0.0, 0.0245, -0.15205], [0.20143, -0.44127, -0.14867], [0.47856, -0.59257, -0.22225], [0.72956, -0.58763, -0.2486], [0.88651, -0.53222, -0.24159], [0.95282, -0.45708, -0.21469], [1.0289, -0.37947, -0.17531], [1.03189, -0.34861, -0.1436], [1.07161, -0.30942, -0.12194], [1.09545, -0.26996, -0.08614], [1.11702, -0.23328, -0.04641], [1.13582, -0.20343, -0.00596], [1.15439, -0.17914, 0.03151], [1.2, -0.13066, 0.10167], [1.26546, -0.08955, 0.17581], [1.33264, -0.04044, 0.21963], [1.43223, 0.08991, 0.24849], [1.48895, 0.24313, 0.23452], [1.49702, 0.42971, 0.17482], [1.49509, 0.49893, 0.12312], [1.46039, 0.57499, 0.06629], [1.42856, 0.61883, 0.0], [1.44997, 0.59647, -0.02614], [1.46822, 0.57095, -0.0547], [1.44483, 0.58202, -0.08573]], "2-4": [[0.6524, -0.81538, 0.0], [0.52957, -0.57056, 0.23974], [0.63376, -0.29652, 0.11607], [0.5525, -0.27075, -0.16803], [0.36557, -0.33989, -0.24869], [0.15178, -0.27551, -0.18481], [0.0, 0.14961, -0.03655], [-0.04234, 0.22602, 0.00288], [-0.08649, 0.32077, 0.04844], [-0.10519, 0.36235, 0.04884], [-0.17703, 0.48716, 0.03922], [-0.29682, 0.61765, 0.05436], [-0.39966, 0.7008, 0.04015], [-0.49774, 0.75731, 0.0323], [-0.58015, 0.79228, 0.02472], [-0.69331, 0.82301, 0.0283], [-0.78145, 0.83685, 0.01853], [-0.87064, 0.84088, 0.00873], [-0.96027, 0.83498, 0.0], [-1.22587, 0.71829, -0.12641], [-1.38314, 0.48174, -0.21812], [-1.38276, 0.27906, -0.24878], [-1.29736, 0.11397, -0.20613], [-1.21536, 0.00679, -0.07934], [-1.20556, -0.05217, 0.05869], [-1.26255, -0.1222, 0.18109], [-1.3872, -0.20995, 0.24764], [-1.45695, -0.38013, 0.21992]],