{"graph": "k5", "genus": 2, "class": 4, "representative": {"1": [2, 3, 4, 5], "2": [1, 3, 4, 5], "3": [1, 2, 4, 5], "4": [1, 2, 5, 3], "5": [1, 3, 4, 2]}, "vertices": {"1": [0.64316, -0.44042, -0.22694], "2": [-0.46782, 0.0, -0.14623], "3": [0.35477, 0.0, -0.23261], "4": [0.0, -0.1089, 0.1089], "5": [0.0, -0.1089, -0.1089]}, "edges": {"1-2": [[0.64316, -0.44042, -0.22694], [0.48834, -0.45928, -0.24877], [0.34044, -0.44791, -0.23082], [0.21067, -0.39071, -0.18661], [0.12395, -0.304, -0.14383], [0.07478, -0.24018, -0.10015], [0.0, 0.1089, -0.1089], [-0.13185, 0.39623, 0.07973], [-0.31611, 0.59498, 0.1285], [-0.58163, 0.73295, 0.15904], [-0.72968, 0.76061, 0.1726], [-0.88995, 0.75446, 0.18814], [-1.03389, 0.71322, 0.20424], [-1.17679, 0.6328, 0.22017], [-1.2918, 0.50399, 0.23812], [-1.37119, 0.40148, 0.24179], [-1.45096, 0.18875, 0.24707], [-1.43512, -0.04188, 0.24835], [-1.33777, -0.22947, 0.24111], [-1.14434, -0.38197, 0.22035], [-0.98351, -0.41851, 0.19407], [-0.79464, -0.38134, 0.14005], [-0.64712, -0.27947, 0.05896], [-0.55009, -0.15836, -0.04148], [-0.46782, 0.0, -0.14623]], "2-3": [[-0.46782, 0.0, -0.14623], [-0.4378, 0.0243, -0.18112], [-0.40656, 0.05592, -0.20794], [-0.36669, 0.11575, -0.23318], [-0.31794, 0.21689, -0.2486], [-0.27441, 0.29452, -0.24089], [-0.27914, 0.40238, -0.22145], [-0.3242, 0.51042, -0.2008], [-0.37779, 0.6089, -0.16778], [-0.45392, 0.68969, -0.13731], [-0.50561, 0.7369, -0.10642], [-0.56775, 0.77481, -0.08058], [-0.65095, 0.80734, -0.06031], [-0.72725, 0.82802, -0.03655], [-0.79527, 0.83822, -0.01548], [-0.85889, 0.84111, 0.0], [-0.41031, 0.71095, 0.01538], [-0.12776, 0.41355, 0.02371], [0.0, 0.1089, 0.1089], [0.03589, -0.06522, -0.08654], [0.05683, -0.07915, -0.12751], [0.09564, -0.06006, -0.17852], [0.16628, -0.06269, -0.22641], [0.25745, -0.03004, -0.24859], [0.35477, 0.0, -0.23261]], "3-4": [[0.35477, 0.0, -0.23261], [0.3416, 0.06526, -0.23845], [0.33521, 0.14033, -0.24367], [0.33932, 0.21906, -0.24714], [0.37575, 0.35175, -0.24872], [0.44361, 0.47724, -0.2455], [0.54306, 0.56029, -0.24353], [0.65522, 0.63815, -0.23639], [0.7888, 0.69329, -0.22577], [0.913, 0.72368, -0.21001], [1.00981, 0.71509, -0.20666], [1.09778, 0.6889, -0.20778], [1.18093, 0.6547, -0.20747], [1.28798, 0.61007, -0.19576], [1.39149, 0.54723, -0.18042], [1.45688, 0.48514, -0.17411], [1.58633, 0.3006, -0.15477], [1.65134, 0.10681, -0.13757], [1.65898, -0.10641, -0.1255], [1.5608, -0.4088, -0.11625], [1.32672, -0.67516, -0.09704], [1.02081, -0.815, -0.07044], [0.54252, -0.77394, -0.04969], [0.19043, -0.50744, -0.03046], [0.0, -0.1089, 0.1089]], "1-5": [[0.64316, -0.44042, -0.22694], [0.68024, -0.4592, -0.22797], [0.70641, -0.47815, -0.23175], [0.75204, -0.49403, -0.23312], [0.78313, -0.50343, -0.23444], [0.81325, -0.51245, -0.23628], [0.82519, -0.52684, -0.2403], [0.81806, -0.54164, -0.24388], [0.81058, -0.55654, -0.24649], [0.80989, -0.56795, -0.24778], [0.80787, -0.57563, -0.24836], [0.80581, -0.58332, -0.24869], [0.80371, -0.59102, -0.24878], [0.79677, -0.60033, -0.24853], [0.79068, -0.60885, -0.24795], [0.78498, -0.61584, -0.24721], [0.77132, -0.62946, -0.245], [0.75715, -0.64263, -0.24185], [0.74673, -0.66347, -0.23538], [0.65147, -0.67996, -0.21872], [0.59469, -0.68623, -0.20358], [0.51173, -0.66363, -0.1933], [0.29632, -0.56494, -0.14105], [0.1306, -0.38941, -0.08579], [0.0, -0.1089, -0.1089]], "1-4": [[0.64316, -0.44042, -0.22694], [0.7478, -0.38664, -0.16053], [0.84506, -0.34828, -0.04964], [0.89273, -0.35055, 0.06495], [0.94468, -0.37327, 0.13443], [1.00999, -0.40208, 0.18811], [1.10397, -0.43679, 0.23135], [1.18144, -0.45429, 0.24628], [1.27299, -0.45252, 0.24789], [1.35438, -0.45006, 0.23655], [1.3982, -0.43519, 0.2275], [1.4405, -0.4148, 0.21679], [1.47451, -0.40243, 0.20346], [1.50428, -0.38669, 0.19047], [1.52591, -0.38824, 0.17231], [1.55722, -0.36675, 0.15265], [1.61003, -0.2966, 0.12474], [1.64967, -0.22597, 0.09458], [1.67823, -0.15076, 0.06265], [1.69052, -0.10077, 0.04095], [1.69781, -0.04967, 0.01888], [1.7, -0.0, 0.0], [1.22045, -0.75752, -0.02928], [0.3846, -0.69226, -0.03122], [0.0, -0.1089, 0.1089]], "2-5": [[-0.46782, 0.0, -0.14623], [-0.51856, -0.1224, 0.09319], [-0.46475, -0.33766, 0.23773], [-0.49526, -0.61909, 0.21472], [-0.57261, -0.73086, 0.15748], [-0.69343, -0.81216, 0.07716], [-0.85889, -0.84111, 0.0], [-1.01627, -0.81906, -0.05888], [-1.1873, -0.74803, -0.10695], [-1.30318, -0.64093, -0.16347], [-1.42435, -0.44914, -0.21224], [-1.45666, -0.25727, -0.24182], [-1.43203, -0.09544, -0.24852], [-1.3885, -0.01652, -0.24081], [-1.34533, 0.05817, -0.22672], [-1.29748, 0.12132, -0.20748], [-1.24371, 0.16853, -0.17953], [-1.18657, 0.20852, -0.1425], [-1.12573, 0.25021, -0.10284], [-1.06269, 0.27722, -0.01616], [-0.97826, 0.33277, 0.06977], [-0.8873, 0.38701, 0.14199], [-0.79856, 0.46175, 0.21413], [-0.62471, 0.50904, 0.24671], [-0.44606, 0.50114, 0.24218], [-0.25988, 0.44064, 0.19749], [-0.11085, 0.29334, 0.13154], [0.0, -0.1089, -0.1089]], "1-3": [[0.64316, -0.44042, -0.22694], [0.59923, -0.41626, -0.22703], [0.56961, -0.38587, -0.2231], [0.54519, -0.35789, -0.21985], [0.53019, -0.33742, -0.21721], [0.51551, -0.31413, -0.21395], [0.5024, -0.28951, -0.21018], [0.49377, -0.27356, -0.20825], [0.48577, -0.25972, -0.20718], [0.47822, -0.24706, -0.20665], [0.474, -0.24058, -0.2067], [0.46986, -0.23224, -0.20615], [0.46591, -0.22384, -0.2056], [0.46187, -0.21585, -0.20535], [0.458, -0.2078, -0.2051], [0.4543, -0.19967, -0.20486], [0.44734, -0.18556, -0.20504], [0.43817, -0.17305, -0.20739], [0.42889, -0.16042, -0.21], [0.41603, -0.14247, -0.21385], [0.40089, -0.12069, -0.21864], [0.3854, -0.09692, -0.22362], [0.37348, -0.06742, -0.22679], [0.3632, -0.03579, -0.22978], [0.35477, 0.0, -0.23261]], "2-4": [[-0.46782, 0.0, -0.14623], [-0.51039, -0.0, -0.04934], [-0.50954, 0.0, 0.05337], [-0.46782, 0.0, 0.14623], [-0.46177, 0.02037, 0.15487], [-0.45666, 0.04396, 0.16326], [-0.45675, 0.07229, 0.16771], [-0.45112, 0.09107, 0.17729], [-0.44146, 0.10429, 0.18874], [-0.42705, 0.11127, 0.20115], [-0.41484, 0.11317, 0.20955], [-0.40749, 0.11805, 0.21465], [-0.39522, 0.1178, 0.22116], [-0.37786, 0.11347, 0.22862], [-0.36005, 0.10867, 0.23495], [-0.34494, 0.12162, 0.24036], [-0.31488, 0.16341, 0.24759], [-0.2851, 0.1641, 0.24874], [-0.25398, 0.16406, 0.24639], [-0.20418, 0.16594, 0.2345], [-0.15984, 0.16489, 0.21458], [-0.11325, 0.12156, 0.18782], [-0.0685, 0.10455, 0.14105], [-0.04245, 0.09785, 0.09496], [0.0, -0.1089, 0.1089]], "4-5": [[0.0, -0.1089, 0.1089], [-0.03757, 0.09096, 0.08448], [-0.0551, 0.14248, 0.10828], [-0.07931, 0.14559, 0.14698], [-0.09517, 0.16514, 0.16174], [-0.11763, 0.19721, 0.17711], [-0.14353, 0.22759, 0.19188], [-0.16303, 0.24859, 0.201], [-0.18359, 0.26832, 0.20941], [-0.20553, 0.2885, 0.21688], [-0.21073, 0.29718, 0.21754], [-0.21566, 0.30634, 0.21786], [-0.22071, 0.31543, 0.21818], [-0.2243, 0.32311, 0.21805], [-0.22798, 0.33074, 0.21792], [-0.23175, 0.33834, 0.21779], [-0.23268, 0.34721, 0.21586], [-0.23349, 0.3547, 0.21413], [-0.23432, 0.36183, 0.21243], [-0.21801, 0.3539, 0.20581], [-0.20242, 0.3566, 0.19481], [-0.18582, 0.35646, 0.18229], [-0.10917, 0.281, 0.13602], [-0.07153, 0.23218, 0.09828], [0.0, -0.1089, -0.1089]], "3-5": [[0.35477, 0.0, -0.23261], [0.43054, -0.00449, -0.1871], [0.48504, -0.00877, -0.11917], [0.51309, -0.02135, -0.03785], [0.51417, -0.01594, 0.02755], [0.49878, -0.01398, 0.08992], [0.46875, -0.01048, 0.14513], [0.43656, -0.00663, 0.18167], [0.39828, -0.00225, 0.21105], [0.35477, 0.0, 0.23261], [0.40585, 0.1075, 0.21409], [0.45263, 0.17869, 0.19959], [0.51473, 0.24302, 0.18067], [0.62258, 0.30442, 0.13805], [0.7096, 0.33061, 0.09584], [0.80236, 0.34531, 0.05586], [0.97476, 0.32544, -0.03069], [1.11783, 0.26275, -0.1094], [1.25916, 0.10775, -0.174], [1.33206, -0.15166, -0.22974], [1.26522, -0.42805, -0.24877], [1.03873, -0.65607, -0.23272], [0.63134, -0.73291, -0.17674], [0.24085, -0.5284, -0.11464], [0.0, -0.1089, -0.1089]]}}