{"graph": "k5", "genus": 2, "class": 7, "representative": {"1": [2, 3, 4, 5], "2": [1, 3, 4, 5], "3": [1, 2, 4, 5], "4": [1, 3, 5, 2], "5": [1, 2, 4, 3]}, "vertices": {"1": [1.27944, -0.72843, 0.0], "2": [-0.88784, -0.7143, -0.2165], "3": [0.0, -0.144, -0.05461], "4": [-0.91156, 0.38687, 0.14537], "5": [-0.38108, 0.69222, 0.0]}, "edges": {"1-2": [[1.27944, -0.72843, 0.0], [0.94055, -0.837, -0.00842], [0.59622, -0.79857, -0.01496], [0.32874, -0.65163, -0.02305], [0.16498, -0.4743, -0.01736], [0.07306, -0.29855, -0.01564], [0.0, -0.09252, 0.12312], [-0.02891, 0.03392, 0.07133], [-0.04381, 0.08586, 0.10124], [-0.06015, 0.06868, 0.13441], [-0.07115, 0.06018, 0.15103], [-0.08503, 0.05619, 0.16792], [-0.09704, 0.05777, 0.18003], [-0.10787, 0.06485, 0.18925], [-0.12113, 0.07768, 0.19885], [-0.13588, 0.07802, 0.20905], [-0.1566, 0.06528, 0.22165], [-0.17848, 0.05366, 0.23186], [-0.20058, 0.04569, 0.23943], [-0.2139, 0.0305, 0.24299], [-0.22841, 0.01388, 0.24582], [-0.2436, 0.0, 0.24772], [-0.16327, -0.26012, 0.19823], [-0.23659, -0.53627, 0.09686], [-0.49831, -0.75991, 0.0], [-0.64405, -0.7971, -0.08664], [-0.79994, -0.77646, -0.16481], [-0.88784, -0.7143, -0.2165]], "2-3": [[-0.88784, -0.7143, -0.2165], [-0.9824, -0.5841, -0.24874], [-1.01445, -0.45906, -0.22429], [-1.02572, -0.35643, -0.14958], [-1.03532, -0.30974, -0.07911], [-1.0537, -0.28556, 0.0325], [-1.10106, -0.28239, 0.11554], [-1.16922, -0.27244, 0.17238], [-1.2416, -0.27652, 0.21783], [-1.33545, -0.25264, 0.24308], [-1.39022, -0.2233, 0.24827], [-1.42516, -0.22471, 0.24821], [-1.46106, -0.2032, 0.245], [-1.50306, -0.14634, 0.23924], [-1.54466, -0.134, 0.22487], [-1.585, -0.08687, 0.20636], [-1.63094, 0.03446, 0.17121], [-1.64838, 0.12524, 0.13795], [-1.61179, 0.32184, 0.10297], [-1.59894, 0.38071, 0.06587], [-1.5038, 0.53712, 0.03008], [-1.39084, 0.65153, 0.0], [-0.79315, 0.4304, -0.19303], [-0.52823, 0.3956, 0.23665], [0.0, -0.144, -0.05461]], "3-4": [[0.0, -0.144, -0.05461], [-0.09057, 0.24066, 0.12889], [-0.22168, 0.35637, 0.20716], [-0.36193, 0.41631, 0.24241], [-0.38483, 0.42799, 0.24443], [-0.40795, 0.43851, 0.24606], [-0.43123, 0.44788, 0.24732], [-0.4405, 0.44898, 0.24786], [-0.4558, 0.45753, 0.24817], [-0.47439, 0.46583, 0.24851], [-0.49484, 0.4698, 0.24877], [-0.51516, 0.47295, 0.24866], [-0.53531, 0.47532, 0.24818], [-0.55202, 0.4775, 0.24755], [-0.56971, 0.47953, 0.24667], [-0.58557, 0.48115, 0.24571], [-0.59806, 0.48604, 0.24542], [-0.61061, 0.49062, 0.24513], [-0.62324, 0.49488, 0.24482], [-0.65011, 0.49665, 0.24294], [-0.679, 0.4971, 0.24049], [-0.71432, 0.49599, 0.23698], [-0.81664, 0.46318, 0.21378], [-0.89917, 0.42374, 0.18468], [-0.91156, 0.38687, 0.14537]], "4-5": [[-0.91156, 0.38687, 0.14537], [-1.12236, 0.27987, -0.13655], [-1.48927, 0.13971, -0.24299], [-1.63269, -0.32969, 0.0], [-1.46483, -0.56286, 0.08252], [-1.24688, -0.68457, 0.15507], [-1.00545, -0.70744, 0.21203], [-0.89699, -0.64309, 0.24331], [-0.75666, -0.54245, 0.24549], [-0.67314, -0.42064, 0.21055], [-0.64816, -0.35212, 0.16964], [-0.63119, -0.29497, 0.11671], [-0.6197, -0.25815, 0.06398], [-0.59769, -0.22318, -0.00015], [-0.56658, -0.19394, -0.05957], [-0.52778, -0.18373, -0.12743], [-0.44425, -0.13574, -0.19376], [-0.34115, -0.07158, -0.23882], [-0.2436, 0.0, -0.24772], [-0.13999, 0.17481, -0.20033], [-0.14883, 0.40193, -0.1091], [-0.27622, 0.60661, 0.0], [-0.30963, 0.63701, 0.0], [-0.34461, 0.66558, 0.0], [-0.38108, 0.69222, 0.0], [-0.38108, 0.69222, 0.0]], "1-4": [[1.27944, -0.72843, 0.0], [1.65063, -0.28393, 0.0], [1.64849, 0.28984, 0.0], [1.27944, 0.72843, 0.0], [1.47972, 0.5141, 0.12733], [1.52165, 0.25048, 0.21998], [1.46473, 0.04777, 0.2483], [1.3353, -0.0927, 0.2246], [1.2103, -0.18586, 0.15475], [1.12193, -0.2264, 0.0416], [1.07969, -0.26416, -0.01918], [1.03643, -0.30894, -0.07868], [0.99005, -0.35633, -0.12916], [0.95453, -0.39796, -0.16848], [0.9101, -0.44887, -0.20527], [0.87633, -0.49815, -0.23039], [0.70293, -0.56157, -0.2486], [0.55933, -0.58601, -0.23992], [0.44333, -0.57653, -0.21883], [0.25231, -0.48273, -0.16866], [0.10655, -0.32136, -0.10453], [0.0, 0.01239, -0.15351], [-0.28873, 0.50979, 0.17927], [-0.6444, 0.55126, 0.24878], [-0.91156, 0.38687, 0.14537]], "3-5": [[0.0, -0.144, -0.05461], [0.24342, -0.54568, -0.09433], [0.64517, -0.76751, -0.14185], [1.10359, -0.70975, -0.19182], [1.37173, -0.45945, -0.22942], [1.48403, -0.20202, -0.24024], [1.45041, 0.08015, -0.24874], [1.38025, 0.21467, -0.24714], [1.23951, 0.36068, -0.23932], [1.06655, 0.42859, -0.22004], [1.01025, 0.43523, -0.21116], [0.9316, 0.43236, -0.19546], [0.86485, 0.42314, -0.18243], [0.80981, 0.409, -0.17131], [0.74979, 0.38353, -0.15626], [0.69606, 0.35064, -0.13988], [0.63516, 0.29719, -0.1155], [0.59464, 0.24931, -0.09712], [0.5526, 0.18201, -0.07856], [0.5314, 0.12073, -0.05192], [0.51893, 0.05878, -0.02681], [0.51533, 0.0, 0.0], [0.36862, -0.08097, -0.22975], [0.12447, -0.14659, -0.19334], [0.0, 0.15288, 0.01856], [-0.08406, 0.32084, 0.03512], [-0.17769, 0.49242, 0.01687], [-0.38108, 0.69222, 0.0]], "1-3": [[1.27944, -0.72843, 0.0], [1.37646, -0.66262, -0.01252], [1.46262, -0.58363, -0.02634], [1.54019, -0.48682, -0.04305], [1.48741, -0.55064, -0.05205], [1.42791, -0.60936, -0.06015], [1.35763, -0.66432, -0.07122], [1.28128, -0.71367, -0.07574], [1.19972, -0.75498, -0.07867], [1.0969, -0.79036, -0.08698], [1.04055, -0.80773, -0.07999], [0.98541, -0.82013, -0.07408], [0.9322, -0.82765, -0.07058], [0.87879, -0.82992, -0.07301], [0.81617, -0.82672, -0.08023], [0.74927, -0.81923, -0.08394], [0.62619, -0.79368, -0.08236], [0.51455, -0.75208, -0.08216], [0.40038, -0.68982, -0.07882], [0.21982, -0.53342, -0.06518], [0.09996, -0.34813, -0.05499], [0.0, -0.15089, -0.03081], [0.0, -0.14902, -0.03886], [0.0, -0.14672, -0.0468], [0.0, -0.144, -0.05461], [0.0, -0.144, -0.05461]], "2-4": [[-0.88784, -0.7143, -0.2165], [-1.03891, -0.64082, -0.23774], [-1.11736, -0.54097, -0.24868], [-1.16474, -0.44921, -0.24393], [-1.19718, -0.37073, -0.23175], [-1.21827, -0.29311, -0.21298], [-1.22487, -0.22359, -0.18755], [-1.22894, -0.17439, -0.16826], [-1.22594, -0.13776, -0.14758], [-1.2261, -0.09729, -0.12945], [-1.22603, -0.07446, -0.12039], [-1.22361, -0.04351, -0.1061], [-1.21968, -0.02069, -0.0925], [-1.21581, -0.00172, -0.08048], [-1.21305, 0.01585, -0.07306], [-1.20926, 0.03478, -0.06461], [-1.19958, 0.07251, -0.04851], [-1.1873, 0.10815, -0.03307], [-1.1739, 0.14031, -0.02539], [-1.15313, 0.17739, -0.00356], [-1.12904, 0.21363, 0.02063], [-1.09658, 0.25316, 0.04278], [-1.0424, 0.30612, 0.08044], [-0.99311, 0.34598, 0.1138], [-0.91156, 0.38687, 0.14537]], "1-5": [[1.27944, -0.72843, 0.0], [1.18205, -0.76801, 0.06214], [1.08428, -0.77823, 0.12008], [1.00876, -0.75512, 0.17429], [0.85982, -0.694, 0.22706], [0.7783, -0.59791, 0.24854], [0.72894, -0.46606, 0.22387], [0.69855, -0.38681, 0.17819], [0.68635, -0.32119, 0.10014], [0.67137, -0.28939, 0.02516], [0.65151, -0.27507, -0.0215], [0.63389, -0.27423, -0.07369], [0.60427, -0.27188, -0.11644], [0.56912, -0.26507, -0.14848], [0.54356, -0.27343, -0.17685], [0.51357, -0.28146, -0.20082], [0.46804, -0.33684, -0.23677], [0.36288, -0.32465, -0.24878], [0.26956, -0.30998, -0.23766], [0.16573, -0.2687, -0.19765], [0.07498, -0.20466, -0.12015], [0.0, 0.15089, -0.03081], [-0.0862, 0.32357, 0.0411], [-0.17613, 0.48976, 0.02077], [-0.38108, 0.69222, 0.0]],