{"graph": "k5", "genus": 2, "class": 22, "representative": {"1": [2, 3, 4, 5], "2": [1, 3, 4, 5], "3": [1, 4, 2, 5], "4": [1, 2, 3, 5], "5": [1, 3, 2, 4]}, "vertices": {"1": [-0.89496, 0.32771, -0.05787], "2": [-0.5641, 0.16952, -0.095], "3": [0.51811, 0.00187, 0.09087], "4": [-0.47547, 0.09107, 0.18052], "5": [1.6643, 0.29256, -0.00208]}, "edges": {"1-2": [[-0.89496, 0.32771, -0.05787], [-0.85218, 0.32178, -0.00208], [-0.82334, 0.32321, 0.01891], [-0.79171, 0.31835, 0.03636], [-0.76006, 0.31437, 0.05787], [-0.7347, 0.30177, 0.04427], [-0.70577, 0.28776, 0.03446], [-0.682, 0.27214, 0.02462], [-0.66063, 0.25403, -0.00457], [-0.63863, 0.24216, -0.03649], [-0.62036, 0.2338, -0.07537], [-0.59539, 0.22562, -0.113], [-0.5641, 0.16952, -0.095]], "2-3": [[-0.5641, 0.16952, -0.095], [-0.58379, 0.17176, -0.02446], [-0.58785, 0.17891, 0.02498], [-0.5841, 0.19024, 0.07349], [-0.57279, 0.20518, 0.11922], [-0.55463, 0.22294, 0.16063], [-0.53116, 0.23956, 0.19287], [-0.50182, 0.26284, 0.22257], [-0.46723, 0.28718, 0.24534], [-0.42868, 0.31195, 0.26045], [-0.38534, 0.33361, 0.26742], [-0.3393, 0.35263, 0.26545], [-0.30318, 0.35642, 0.25835], [-0.26212, 0.35864, 0.24482], [-0.22088, 0.35658, 0.22706], [-0.18427, 0.34778, 0.20711], [-0.14638, 0.33632, 0.18073], [-0.11051, 0.31828, 0.15205], [-0.08242, 0.29568, 0.12342], [-0.06111, 0.2684, 0.0831], [-0.05025, 0.23085, 0.05988], [-0.03866, 0.19141, 0.03436], [-0.02674, 0.1619, -0.01142], [-0.01419, 0.11666, -0.04166], [-0.00587, 0.07864, -0.06789], [0.00547, 0.04633, -0.10461], [0.0111, 0.01624, -0.12125], [0.02928, -0.01286, -0.14861], [0.05524, -0.02767, -0.16183], [0.08691, -0.08825, -0.18993], [0.12646, -0.11619, -0.21994], [0.17085, -0.14276, -0.24346], [0.21936, -0.16905, -0.25814], [0.26478, -0.19395, -0.26573], [0.31516, -0.21669, -0.26742], [0.36469, -0.23824, -0.26442], [0.40934, -0.26183, -0.25868], [0.45615, -0.28335, -0.24859], [0.49798, -0.30508, -0.24048], [0.54297, -0.32546, -0.23084], [0.5828, -0.34621, -0.22341], [0.62457, -0.36733, -0.21795], [0.66455, -0.38512, -0.21501], [0.71277, -0.43004, -0.23065], [0.74924, -0.46008, -0.24069], [0.78764, -0.48545, -0.24823], [0.82324, -0.51208, -0.25694], [0.85946, -0.53279, -0.26136], [0.89481, -0.55089, -0.26523], [0.92963, -0.5714, -0.26742], [0.96454, -0.5864, -0.26742], [0.98344, -0.56234, -0.26742], [0.99897, -0.5259, -0.26366], [1.01587, -0.49305, -0.25754], [1.03077, -0.45587, -0.24675], [1.04874, -0.42078, -0.23568], [1.06667, -0.38277, -0.21743], [1.08424, -0.3473, -0.20227], [1.10382, -0.30882, -0.18167], [1.12258, -0.27352, -0.16511], [1.14618, -0.23618, -0.15611], [1.17601, -0.18209, -0.14593], [1.20086, -0.11851, -0.13925], [1.21622, -0.05113, -0.13728], [1.22046, 0.01603, -0.13824], [1.21729, 0.06826, -0.14224], [1.20533, 0.12127, -0.14815], [1.1921, 0.15212, -0.14408], [1.1733, 0.17844, -0.13866], [1.15418, 0.20383, -0.13194], [1.13405, 0.22306, -0.12513], [1.11041, 0.2424, -0.11707], [1.08859, 0.25671, -0.10324], [1.06314, 0.27124, -0.0933], [1.03629, 0.28168, -0.07061], [0.98832, 0.30146, -0.05787], [0.92462, 0.3202, -0.05079], [0.84608, 0.32496, -0.03246], [0.72875, 0.29578, -0.01502], [0.63079, 0.22757, -0.00208], [0.58407, 0.16758, 0.00208], [0.55678, 0.11256, 0.00518], [0.5446, 0.08213, 0.02605], [0.52835, 0.02494, 0.06802], [0.49954, -0.04754, 0.1401], [0.51811, 0.00187, 0.09087]], "3-5": [[0.51811, 0.00187, 0.09087], [0.53622, -0.0482, 0.04186], [0.53923, -0.07877, 0.05882], [0.54557, -0.11291, 0.0728], [0.5517, -0.1436, 0.08816], [0.5639, -0.17637, 0.10616], [0.56997, -0.20999, 0.12769], [0.58416, -0.2438, 0.14873], [0.59562, -0.28253, 0.17149], [0.60964, -0.31748, 0.19232], [0.62477, -0.35998, 0.21352], [0.64026, -0.40314, 0.2337], [0.66552, -0.43635, 0.24269], [0.69332, -0.46956, 0.25121], [0.72122, -0.50561, 0.25931], [0.75434, -0.53671, 0.26434], [0.78926, -0.56986, 0.26742], [0.82766, -0.59606, 0.26742], [0.86838, -0.62336, 0.26607], [0.9111, -0.64251, 0.26198], [0.95635, -0.65807, 0.25739], [1.00269, -0.67355, 0.24814], [1.04917, -0.68165, 0.24027], [1.09939, -0.68887, 0.22975], [1.14549, -0.68698, 0.2173], [1.19202, -0.6826, 0.2064], [1.23971, -0.67792, 0.19301], [1.2867, -0.66163, 0.17903], [1.33053, -0.64433, 0.16589], [1.37511, -0.62641, 0.1499], [1.41895, -0.59996, 0.13692], [1.45609, -0.57117, 0.12241], [1.49406, -0.54215, 0.10533], [1.52889, -0.5095, 0.09281], [1.56152, -0.46893, 0.08003], [1.58887, -0.42935, 0.06801], [1.61586, -0.38913, 0.05791], [1.64287, -0.34382, 0.04552], [1.65832, -0.29863, 0.03853], [1.6736, -0.25318, 0.03386], [1.68869, -0.20755, 0.03141], [1.70057, -0.15645, 0.03053], [1.70556, -0.10875, 0.03068], [1.71044, -0.06104, 0.03202], [1.71524, -0.01334, 0.03404], [1.71237, 0.03936, 0.03533], [1.70732, 0.08865, 0.03404], [1.70343, 0.1439, 0.01582], [1.68479, 0.2191, -0.03285], [1.66415, 0.26242, -0.06773], [1.6643, 0.29256, -0.00208]], "1-3": [[-0.89496, 0.32771, -0.05787], [-0.8488, 0.34261, -0.10295], [-0.86296, 0.36848, -0.15079], [-0.87629, 0.40398, -0.19303], [-0.88815, 0.44795, -0.22749], [-0.89819, 0.49865, -0.25225], [-0.90641, 0.55382, -0.26586], [-0.90899, 0.62459, -0.26581], [-0.90419, 0.67405, -0.25471], [-0.89696, 0.71513, -0.23632], [-0.88659, 0.75535, -0.20913], [-0.87253, 0.78908, -0.1764], [-0.85453, 0.81573, -0.14028], [-0.83278, 0.83571, -0.10251], [-0.80827, 0.84714, -0.06714], [-0.77415, 0.85315, -0.03321], [-0.73361, 0.84891, 0.00208], [-0.69524, 0.8405, 0.0044], [-0.65411, 0.83151, 0.00677], [-0.61066, 0.82201, 0.00923], [-0.56286, 0.8046, 0.01126], [-0.51888, 0.78491, 0.01216], [-0.47413, 0.76485, 0.01336], [-0.42545, 0.74202, 0.01476], [-0.38583, 0.71316, 0.01536], [-0.34605, 0.68416, 0.01613], [-0.30621, 0.65509, 0.01704], [-0.26622, 0.61923, 0.01753], [-0.23331, 0.58269, 0.01751], [-0.20055, 0.5463, 0.01747], [-0.16798, 0.51015, 0.01735], [-0.1394, 0.4661, 0.0163], [-0.11456, 0.42316, 0.01141], [-0.09019, 0.38116, 0.00788], [-0.06656, 0.33612, 0.00422], [-0.05242, 0.28726, -0.0082], [-0.05956, 0.22047, 0.01101], [-0.03639, 0.17214, 0.0203], [-0.01947, 0.14265, 0.02915], [0.02282, 0.12375, 0.04173], [0.02581, 0.08863, 0.05026], [0.02943, 0.06318, 0.03092], [0.03314, 0.03598, 0.01107], [0.03693, 0.01074, -0.01108], [0.04154, -0.01489, -0.03321], [0.04701, -0.04232, -0.05462], [0.02665, -0.05015, -0.11379], [0.05356, -0.07014, -0.15383], [0.09299, -0.04328, -0.20119], [0.1317, -0.0457, -0.22913], [0.17919, -0.04622, -0.25168], [0.23069, -0.04492, -0.26477], [0.28423, -0.04175, -0.26742], [0.33758, -0.03682, -0.25912], [0.38834, -0.03038, -0.23994], [0.43418, -0.02279, -0.21054], [0.47295, -0.01443, -0.17219], [0.50291, -0.00575, -0.12667], [0.52296, -0.00119, -0.07616], [0.53398, 0.0085, -0.0234], [0.53633, 0.04596, 0.03854], [0.51811, 0.00187, 0.09087]],