{"graph": "k5", "genus": 2, "class": 6, "representative": {"1": [2, 3, 4, 5], "2": [1, 3, 4, 5], "3": [1, 2, 4, 5], "4": [1, 3, 2, 5], "5": [1, 3, 4, 2]}, "vertices": {"1": [0.0, -0.00681, -0.15386], "2": [-0.50033, 0.0, 0.08509], "3": [0.88331, 0.79726, 0.14051], "4": [1.38711, -0.59945, 0.13854], "5": [1.62495, 0.30947, 0.08481]}, "edges": {"1-2": [[0.0, -0.00681, -0.15386], [0.0, -0.00227, -0.15399], [0.0, 0.00227, -0.15399], [0.0, 0.00681, -0.15386], [-0.13978, 0.38201, 0.1124], [-0.40328, 0.60455, 0.18648], [-0.70655, 0.68066, 0.22546], [-0.89515, 0.66087, 0.23887], [-1.07134, 0.55043, 0.24877], [-1.18147, 0.4363, 0.24376], [-1.21744, 0.36769, 0.23598], [-1.28207, 0.27842, 0.23353], [-1.29668, 0.17565, 0.21759], [-1.30125, 0.10926, 0.20787], [-1.29059, 0.03557, 0.1912], [-1.26667, -0.05329, 0.17059], [-1.20006, -0.19283, 0.14737], [-1.09067, -0.28866, 0.11201], [-0.97748, -0.34006, 0.08934], [-0.76559, -0.33116, 0.01566], [-0.58427, -0.20813, -0.02251], [-0.50033, 0.0, -0.08509], [-0.51365, 0.0, -0.02888], [-0.51365, 0.0, 0.02888], [-0.50033, 0.0, 0.08509], [-0.50033, 0.0, 0.08509]], "2-3": [[-0.50033, 0.0, 0.08509], [-0.47102, 0.01656, 0.14222], [-0.43477, 0.04564, 0.18551], [-0.38152, 0.0591, 0.22248], [-0.38877, 0.06847, 0.21941], [-0.39613, 0.07758, 0.21618], [-0.4047, 0.08904, 0.21242], [-0.41377, 0.09862, 0.20804], [-0.42151, 0.10683, 0.2042], [-0.4293, 0.11479, 0.20021], [-0.43467, 0.11972, 0.19729], [-0.44004, 0.12454, 0.1943], [-0.44541, 0.12926, 0.19123], [-0.45464, 0.13491, 0.18515], [-0.46084, 0.13637, 0.18015], [-0.46676, 0.13761, 0.17506], [-0.51426, 0.14266, 0.11737], [-0.54396, 0.16001, 0.06874], [-0.5686, 0.18404, 0.0089], [-0.5044, 0.33649, -0.22619], [-0.48662, 0.61906, -0.21209], [-0.71283, 0.82834, 0.0], [-0.33203, 0.65487, 0.01759], [-0.109, 0.37716, 0.02921], [0.0, 0.11918, 0.09754], [0.05022, -0.09742, -0.11193], [0.11171, -0.05433, -0.19313], [0.22888, 0.0, -0.24591], [0.1591, 0.26497, -0.19385], [0.24122, 0.54317, -0.09437], [0.50947, 0.76511, 0.0], [0.58562, 0.79022, 0.04954], [0.74945, 0.81376, 0.0978], [0.88331, 0.79726, 0.14051]], "3-4": [[0.88331, 0.79726, 0.14051], [0.98372, 0.70452, 0.21615], [1.09, 0.55042, 0.24874], [1.1125, 0.41814, 0.22632], [1.12972, 0.32707, 0.18378], [1.11341, 0.26725, 0.10972], [1.13037, 0.21354, 0.03026], [1.1439, 0.1941, -0.02516], [1.17325, 0.17367, -0.08669], [1.20158, 0.16502, -0.13022], [1.21638, 0.17011, -0.15267], [1.23922, 0.16519, -0.17414], [1.26987, 0.15533, -0.19619], [1.31041, 0.13933, -0.21804], [1.33732, 0.15354, -0.23198], [1.37055, 0.14521, -0.24132], [1.43269, 0.11746, -0.24869], [1.49136, 0.07783, -0.24469], [1.55623, 0.06514, -0.22409], [1.64031, -0.08484, -0.15614], [1.61385, -0.33931, -0.08056], [1.47857, -0.56874, 0.0], [1.46335, -0.5784, 0.0471], [1.45399, -0.56727, 0.09525], [1.38711, -0.59945, 0.13854]], "2-5": [[-0.50033, 0.0, 0.08509], [-0.53541, -0.23898, 0.16041], [-0.71186, -0.45557, 0.22132], [-1.00951, -0.50662, 0.24046], [-1.28698, -0.4111, 0.24878], [-1.45857, -0.17017, 0.24684], [-1.52873, 0.1213, 0.23254], [-1.46341, 0.3553, 0.22369], [-1.31466, 0.55579, 0.21426], [-1.08149, 0.72665, 0.18381], [-0.95911, 0.76822, 0.16919], [-0.82066, 0.78387, 0.15764], [-0.68444, 0.77249, 0.14849], [-0.55956, 0.74203, 0.13679], [-0.44134, 0.69325, 0.12175], [-0.33834, 0.62065, 0.12038], [-0.19808, 0.49212, 0.09088], [-0.10099, 0.33998, 0.07138], [0.0, 0.10523, -0.11245], [0.20077, -0.27512, -0.21739], [0.46372, -0.14779, -0.18122], [0.45531, 0.0, 0.16205], [0.57354, 0.33148, -0.19463], [0.93971, 0.74348, -0.19417], [1.63366, 0.32742, 0.0], [1.64168, 0.30383, 0.02659], [1.64492, 0.2808, 0.05618], [1.62495, 0.30947, 0.08481]], "1-3": [[0.0, -0.00681, -0.15386], [0.16614, -0.38984, -0.14442], [0.36259, -0.48598, -0.22678], [0.54135, -0.45064, -0.24537], [0.6366, -0.40584, -0.21235], [0.70098, -0.33583, -0.1138], [0.75099, -0.3262, -0.00352], [0.74525, -0.3491, 0.10572], [0.72995, -0.39006, 0.17012], [0.72624, -0.44973, 0.21599], [0.71773, -0.50378, 0.23898], [0.70746, -0.55683, 0.24831], [0.68896, -0.59063, 0.24778], [0.67027, -0.64401, 0.23599], [0.67881, -0.6974, 0.21336], [0.70285, -0.73666, 0.18994], [0.68079, -0.77893, 0.13845], [0.71407, -0.81815, 0.07067], [0.69185, -0.82436, 0.0], [0.32286, -0.64653, -0.02519], [0.10254, -0.36143, -0.03754], [0.0, -0.1456, 0.05018], [-0.48076, 0.2924, 0.22094], [-0.70899, 0.42668, -0.20559], [-1.27944, 0.72843, 0.0], [-0.62752, 0.80701, 0.02814], [-0.19978, 0.51899, 0.03301], [0.0, 0.1456, 0.05018], [0.06296, -0.10887, -0.1318], [0.16436, -0.08403, -0.22447], [0.32891, 0.0, -0.24084], [0.20564, 0.29543, -0.21532], [0.34368, 0.62022, -0.12694], [0.69185, 0.82436, 0.0], [0.72904, 0.82613, 0.04887], [0.81138, 0.81997, 0.09719], [0.88331, 0.79726, 0.14051]], "2-4": [[-0.50033, 0.0, 0.08509], [-0.32833, 0.02472, 0.24113], [-0.11016, 0.04509, 0.19237], [0.0, -0.05338, 0.14446], [0.03284, -0.15839, -0.00331], [0.06025, -0.26391, -0.0011], [0.10407, -0.37112, 0.0], [0.08801, -0.33486, 0.01797], [0.07525, -0.29806, 0.03664], [0.06733, -0.26289, 0.05878], [0.06425, -0.22867, 0.08295], [0.0627, -0.19462, 0.10114], [0.06448, -0.16091, 0.11949], [0.06518, -0.13179, 0.1298], [0.06792, -0.103, 0.14051], [0.07141, -0.07363, 0.14986], [0.07486, -0.0448, 0.15702], [0.08408, -0.02013, 0.16882], [0.09515, 0.0, 0.18031], [0.31756, 0.19634, 0.24823], [0.55919, 0.27502, 0.16569], [0.70426, 0.30689, 0.00675], [0.9954, 0.49908, -0.23723], [1.53712, 0.37058, -0.17116], [1.59128, -0.4136, 0.0], [1.54567, -0.47817, 0.04588], [1.49384, -0.52497, 0.09101], [1.38711, -0.59945, 0.13854]], "4-5": [[1.38711, -0.59945, 0.13854], [1.40201, -0.55571, 0.16665], [1.42229, -0.49713, 0.19131], [1.42148, -0.46107, 0.20893], [1.4327, -0.43723, 0.21267], [1.4436, -0.41222, 0.2162], [1.45395, -0.38485, 0.21991], [1.4648, -0.36709, 0.22002], [1.47513, -0.34903, 0.22014], [1.48491, -0.33068, 0.22026], [1.49086, -0.32006, 0.22005], [1.49663, -0.30933, 0.21983], [1.50221, -0.29849, 0.21962], [1.51191, -0.29206, 0.21623], [1.52206, -0.27628, 0.21446], [1.5319, -0.25792, 0.21308], [1.54888, -0.22425, 0.21013], [1.56426, -0.19148, 0.20662], [1.5792, -0.1694, 0.20024], [1.59927, -0.13315, 0.19057], [1.61427, -0.0845, 0.18371], [1.62507, -0.0229, 0.17762], [1.64583, 0.08928, 0.14842], [1.64375, 0.20619, 0.11772], [1.62495, 0.30947, 0.08481]], "1-4": [[0.0, -0.00681, -0.15386], [0.10483, -0.3169, -0.10486], [0.237, -0.45433, -0.17398], [0.39292, -0.5136, -0.22729], [0.45608, -0.51377, -0.24131], [0.52389, -0.50101, -0.24856], [0.61628, -0.48846, -0.24431], [0.66839, -0.46957, -0.23359], [0.73257, -0.43791, -0.20794], [0.7672, -0.41297, -0.18228], [0.78086, -0.39959, -0.16611], [0.78497, -0.37945, -0.13985], [0.81161, -0.36771, -0.11307], [0.8367, -0.35695, -0.08251], [0.85847, -0.34843, -0.04901], [0.87244, -0.34405, -0.01941], [0.88651, -0.3453, 0.03757], [0.90366, -0.35749, 0.08968], [0.92868, -0.37909, 0.13819], [0.97721, -0.42194, 0.19529], [1.04641, -0.4733, 0.23444], [1.13622, -0.52136, 0.24877], [1.23612, -0.55193, 0.23682], [1.34945, -0.55742, 0.19832], [1.38711, -0.59945, 0.13854]], "3-5": [[0.88331, 0.79726, 0.14051], [0.87524, 0.8216, 0.0962], [0.86953, 0.83632, 0.04827], [0.8829, 0.84077, 0.0], [0.9149, 0.83925, 0.0], [0.94681, 0.83651, 0.0], [0.97859, 0.83255, 0.0], [1.0102, 0.82739, 0.0], [1.04159, 0.82103, 0.0], [1.07271, 0.81348, 0.0], [1.14626, 0.78621, 0.04457], [1.26411, 0.7267, 0.06655], [1.3523, 0.64455, 0.11729], [1.39402, 0.59336, 0.13845], [1.42531, 0.54726, 0.15413], [1.45229, 0.49728, 0.16973], [1.47831, 0.4548, 0.1757], [1.49739, 0.41724, 0.18125], [1.50881, 0.38755, 0.18675], [1.53449, 0.36874, 0.17447], [1.56155, 0.34229, 0.16146], [1.58683, 0.31357, 0.14759], [1.59639, 0.32462, 0.1278], [1.60216, 0.33912, 0.10689], [1.62495, 0.30947, 0.08481]],