{"graph": "k5", "genus": 2, "class": 5, "representative": {"1": [2, 3, 4, 5], "2": [1, 3, 4, 5], "3": [1, 2, 4, 5], "4": [1, 2, 5, 3], "5": [1, 4, 2, 3]}, "vertices": {"1": [0.0, -0.13752, -0.06933], "2": [0.26655, 0.0, 0.24878], "3": [-0.5535, 0.19648, 0.09674], "4": [0.0, 0.08624, -0.1276], "5": [1.27944, 0.72843, 0.0]}, "edges": {"1-2": [[0.0, -0.13752, -0.06933], [0.15903, -0.44143, -0.08135], [0.39673, -0.65974, -0.12826], [0.70496, -0.75279, -0.1758], [0.92571, -0.72898, -0.20585], [1.14066, -0.62505, -0.23062], [1.2744, -0.46199, -0.24708], [1.32719, -0.34762, -0.24861], [1.35402, -0.22595, -0.24409], [1.35351, -0.07513, -0.23113], [1.34404, -0.00724, -0.22453], [1.31475, 0.06142, -0.21065], [1.27716, 0.12618, -0.19424], [1.23072, 0.18372, -0.17423], [1.19784, 0.2233, -0.16472], [1.15904, 0.25431, -0.14939], [1.05984, 0.3078, -0.10669], [0.99781, 0.3253, -0.0704], [0.90762, 0.34101, -0.02138], [0.81019, 0.3424, 0.03369], [0.71657, 0.33099, 0.0897], [0.62205, 0.30885, 0.14363], [0.49218, 0.24921, 0.19925], [0.3678, 0.14488, 0.23546], [0.26655, 0.0, 0.24878]], "2-3": [[0.26655, 0.0, 0.24878], [0.18042, -0.2697, 0.20715], [0.31817, -0.60482, 0.11813], [0.71283, -0.82834, 0.0], [0.64292, -0.8129, -0.00283], [0.58078, -0.79378, -0.00388], [0.5179, -0.76882, -0.00609], [0.43519, -0.72641, -0.00917], [0.35768, -0.6751, -0.01224], [0.30127, -0.62903, -0.01594], [0.26466, -0.59437, -0.018], [0.22829, -0.5554, -0.01996], [0.19429, -0.51475, -0.01558], [0.16342, -0.47233, -0.01447], [0.13866, -0.43311, -0.01849], [0.1178, -0.39565, -0.02259], [0.09012, -0.33898, -0.02151], [0.0695, -0.28938, -0.01334], [0.05235, -0.23806, -0.00938], [0.0412, -0.19583, -0.0124], [0.0173, -0.13972, 0.0358], [0.0, -0.09675, 0.11982], [-0.04459, 0.10128, 0.09901], [-0.08023, 0.09468, 0.15813], [-0.1387, 0.14441, 0.20414], [-0.29544, 0.1894, 0.24877], [-0.45814, 0.18296, 0.1971], [-0.5535, 0.19648, 0.09674]], "3-4": [[-0.5535, 0.19648, 0.09674], [-0.54285, 0.17076, 0.08687], [-0.53394, 0.14475, 0.07685], [-0.52291, 0.11979, 0.07979], [-0.51715, 0.10366, 0.08099], [-0.51568, 0.09316, 0.07655], [-0.51444, 0.08268, 0.07208], [-0.51426, 0.07639, 0.06787], [-0.51411, 0.07, 0.06356], [-0.51399, 0.0635, 0.05915], [-0.51362, 0.05687, 0.05591], [-0.5132, 0.04944, 0.05272], [-0.5129, 0.04203, 0.04952], [-0.51309, 0.03569, 0.04486], [-0.51331, 0.02939, 0.04019], [-0.51356, 0.02311, 0.0355], [-0.5145, 0.0141, 0.02358], [-0.5151, 0.00517, 0.01161], [-0.51533, 0.0, 0.0], [-0.67233, -0.33451, 0.13445], [-1.08986, -0.41376, 0.21876], [-1.45158, -0.01015, 0.24878], [-1.1695, 0.633, 0.22175], [-0.44823, 0.67658, 0.14915], [0.0, 0.08624, -0.1276]], "1-5": [[0.0, -0.13752, -0.06933], [0.13638, -0.40492, -0.079], [0.32069, -0.59251, -0.13631], [0.56774, -0.70504, -0.18121], [0.68454, -0.71513, -0.20305], [0.82772, -0.68697, -0.22979], [0.93586, -0.64316, -0.24253], [1.00002, -0.57291, -0.24877], [1.05908, -0.50562, -0.244], [1.08304, -0.45231, -0.23287], [1.1086, -0.41349, -0.22349], [1.12887, -0.37207, -0.21047], [1.13868, -0.33941, -0.19658], [1.14696, -0.30528, -0.17918], [1.15342, -0.27016, -0.15739], [1.15906, -0.23606, -0.13266], [1.17105, -0.17643, -0.08514], [1.17662, -0.13246, -0.01844], [1.18937, -0.10251, 0.03491], [1.23468, -0.02794, 0.1243], [1.30177, 0.00385, 0.1989], [1.38686, 0.10923, 0.24303], [1.45827, 0.29571, 0.23688], [1.44391, 0.53343, 0.1488], [1.27944, 0.72843, 0.0]], "3-5": [[-0.5535, 0.19648, 0.09674], [-0.60167, 0.23965, -0.06258], [-0.55768, 0.32534, -0.19924], [-0.55644, 0.4996, -0.24864], [-0.5706, 0.66221, -0.21217], [-0.68543, 0.78563, -0.12984], [-0.85889, 0.84111, 0.0], [-0.68682, 0.82317, 0.00877], [-0.53845, 0.77743, 0.01094], [-0.39432, 0.70051, 0.01671], [-0.33208, 0.65467, 0.02008], [-0.28623, 0.61448, 0.02396], [-0.22945, 0.55594, 0.02561], [-0.18041, 0.49613, 0.01721], [-0.13885, 0.43286, 0.02213], [-0.10984, 0.37892, 0.02889], [-0.07774, 0.3092, 0.02231], [-0.05071, 0.23157, 0.01448], [0.0, 0.11561, 0.10175], [0.05348, -0.08577, -0.12055], [0.13138, -0.05983, -0.20725], [0.26655, 0.0, -0.24878], [0.27259, 0.44812, -0.20172], [0.68354, 0.80146, -0.09935], [1.27944, 0.72843, 0.0]], "1-3": [[0.0, -0.13752, -0.06933], [-0.09276, 0.24855, 0.12838], [-0.22277, 0.35983, 0.20666], [-0.36269, 0.41481, 0.24276], [-0.41928, 0.40252, 0.24875], [-0.47531, 0.40351, 0.24622], [-0.55152, 0.40174, 0.23326], [-0.55843, 0.38024, 0.22425], [-0.57165, 0.37129, 0.2163], [-0.58195, 0.35599, 0.20475], [-0.58417, 0.34798, 0.19924], [-0.58648, 0.34029, 0.19344], [-0.58941, 0.3334, 0.18738], [-0.58936, 0.32503, 0.18155], [-0.58832, 0.31534, 0.175], [-0.58735, 0.30589, 0.16819], [-0.58518, 0.29338, 0.15928], [-0.58364, 0.2821, 0.15035], [-0.5852, 0.27479, 0.14167], [-0.58489, 0.26747, 0.13427], [-0.58453, 0.26037, 0.1267], [-0.58308, 0.25259, 0.11924], [-0.57249, 0.23569, 0.11341], [-0.56278, 0.21847, 0.10751], [-0.5535, 0.19648, 0.09674]], "2-4": [[0.26655, 0.0, 0.24878], [0.35365, -0.13764, 0.23911], [0.44226, -0.20142, 0.21237], [0.51315, -0.22407, 0.17137], [0.58362, -0.24212, 0.10456], [0.62441, -0.25401, 0.03252], [0.6161, -0.24731, -0.03861], [0.61334, -0.26877, -0.09887], [0.58198, -0.2709, -0.14102], [0.56439, -0.30092, -0.18042], [0.54977, -0.31507, -0.19775], [0.53669, -0.33601, -0.21404], [0.52755, -0.36376, -0.22767], [0.50974, -0.38614, -0.23821], [0.45435, -0.37451, -0.24537], [0.41458, -0.36919, -0.24835], [0.36768, -0.40297, -0.24503], [0.29233, -0.39171, -0.22933], [0.24536, -0.38303, -0.21154], [0.15818, -0.32854, -0.17007], [0.07985, -0.24509, -0.10752], [0.0, 0.10656, -0.11119], [0.0, 0.1001, -0.11704], [0.0, 0.09332, -0.12251], [0.0, 0.08624, -0.1276], [0.0, 0.08624, -0.1276]], "4-5": [[0.0, 0.08624, -0.1276], [0.08039, -0.25837, -0.09973], [0.14582, -0.34632, -0.14744], [0.23896, -0.43163, -0.1879], [0.3354, -0.49263, -0.21422], [0.41993, -0.50013, -0.23779], [0.48731, -0.51207, -0.24549], [0.57008, -0.5091, -0.24868], [0.64826, -0.50576, -0.24477], [0.71745, -0.48852, -0.23426], [0.77619, -0.4683, -0.21966], [0.81689, -0.45005, -0.20542], [0.85724, -0.4298, -0.18835], [0.86283, -0.40406, -0.16264], [0.88437, -0.38134, -0.13317], [0.9371, -0.35793, -0.10409], [0.96034, -0.3338, -0.05119], [1.02064, -0.30331, 0.0097], [1.07459, -0.28321, 0.07771], [1.16403, -0.25772, 0.15708], [1.28419, -0.19566, 0.21557], [1.39356, -0.11438, 0.24457], [1.52661, 0.11906, 0.23347], [1.5322, 0.42279, 0.14422], [1.27944, 0.72843, 0.0]], "1-4": [[0.0, -0.13752, -0.06933], [-0.25351, 0.41223, 0.2056], [-0.63159, 0.47867, 0.24082], [-0.93824, 0.34982, 0.0855], [-1.21428, 0.21546, -0.1751], [-1.46913, -0.27082, -0.23711], [-0.85889, -0.84111, 0.0], [-0.981, -0.83177, 0.01463], [-1.09394, -0.80564, 0.03056], [-1.2078, -0.76063, 0.04592], [-1.29815, -0.70948, 0.05717], [-1.38376, -0.64468, 0.06909], [-1.42497, -0.60305, 0.08228], [-1.49011, -0.53194, 0.08684], [-1.55163, -0.4461, 0.09078], [-1.59101, -0.36944, 0.10017], [-1.64731, -0.19985, 0.11419], [-1.67192, 0.01516, 0.11454], [-1.64446, 0.15555, 0.13574], [-1.51773, 0.44918, 0.14086], [-1.29833, 0.65389, 0.15385], [-1.09896, 0.75139, 0.15261], [-0.57318, 0.75573, 0.12413], [-0.20351, 0.49929, 0.09093], [0.0, 0.08624, -0.1276]], "2-5": [[0.26655, 0.0, 0.24878], [0.29902, 0.0, 0.24665], [0.33094, 0.0, 0.2403], [0.36175, 0.0, 0.22984], [0.44131, 0.05459, 0.1805], [0.50291, 0.09883, 0.1105], [0.54164, 0.13557, 0.02678], [0.54458, 0.13942, -0.01185], [0.54233, 0.1466, -0.0511], [0.53739, 0.15625, -0.08199], [0.53312, 0.16048, -0.09676], [0.52815, 0.16492, -0.11076], [0.51809, 0.1724, -0.13274], [0.50592, 0.19232, -0.16015], [0.50004, 0.21207, -0.17632], [0.49796, 0.23125, -0.18735], [0.4936, 0.28535, -0.21284], [0.46264, 0.32671, -0.23598], [0.47422, 0.40133, -0.2461], [0.46993, 0.49339, -0.24617], [0.50985, 0.57694, -0.23489], [0.52577, 0.64138, -0.21187], [0.74709, 0.78721, -0.14414], [1.00661, 0.81508, -0.07865], [1.27944, 0.72843, 0.0]]}}