{"graph": "k5", "genus": 2, "class": 25, "representative": {"1": [2, 3, 4, 5], "2": [1, 3, 5, 4], "3": [1, 2, 4, 5], "4": [1, 2, 5, 3], "5": [1, 3, 4, 2]}, "vertices": {"1": [0.0, -0.05894, -0.14228], "2": [-0.51533, 0.0, 0.0], "3": [0.0, -0.1089, 0.1089], "4": [0.9109, -0.35701, -0.09097], "5": [0.57959, -0.22491, 0.0852]}, "edges": {"1-2": [[0.0, -0.05894, -0.14228], [-0.10255, 0.32061, 0.09686], [-0.27034, 0.53577, 0.14304], [-0.49848, 0.67728, 0.17695], [-0.65787, 0.73963, 0.17769], [-0.80318, 0.74919, 0.1914], [-0.96849, 0.72699, 0.20366], [-1.06613, 0.69404, 0.21088], [-1.18605, 0.62176, 0.22302], [-1.27891, 0.52311, 0.23606], [-1.31511, 0.47627, 0.23954], [-1.35615, 0.43095, 0.23995], [-1.38072, 0.38664, 0.24213], [-1.41512, 0.32651, 0.24315], [-1.44258, 0.26177, 0.24423], [-1.45521, 0.20104, 0.24602], [-1.46156, 0.06584, 0.24839], [-1.43808, -0.06617, 0.2486], [-1.39089, -0.17039, 0.24649], [-1.26793, -0.32285, 0.23837], [-1.08863, -0.41855, 0.22067], [-0.94617, -0.43328, 0.19821], [-0.70689, -0.36259, 0.14907], [-0.55868, -0.20459, 0.09712], [-0.51533, 0.0, 0.0]], "2-3": [[-0.51533, 0.0, 0.0], [-0.58631, -0.20973, 0.01348], [-0.76564, -0.33081, 0.00869], [-0.97638, -0.32583, 0.0373], [-1.10013, -0.25352, 0.05609], [-1.19103, -0.12092, 0.06953], [-1.22189, -0.00122, 0.09644], [-1.22118, 0.12211, 0.13336], [-1.17179, 0.22513, 0.13821], [-1.09332, 0.32953, 0.16303], [-1.06683, 0.36703, 0.18118], [-1.01617, 0.39717, 0.18606], [-0.95436, 0.42858, 0.19598], [-0.89074, 0.45696, 0.20944], [-0.84351, 0.47666, 0.22038], [-0.77635, 0.49063, 0.23], [-0.63558, 0.49532, 0.24391], [-0.51401, 0.47403, 0.24871], [-0.37995, 0.43015, 0.24341], [-0.21931, 0.32595, 0.2148], [-0.07907, 0.1753, 0.13809], [0.0, -0.12805, 0.08556], [0.0, -0.12218, 0.09375], [0.0, -0.11579, 0.10154], [0.0, -0.1089, 0.1089], [0.0, -0.1089, 0.1089]], "3-4": [[0.0, -0.1089, 0.1089], [0.74616, -0.82853, -0.04937], [1.69398, -0.08088, -0.03238], [0.85889, 0.84111, 0.0], [0.94958, 0.83486, 0.02577], [1.02803, 0.81755, 0.05544], [1.12107, 0.78549, 0.07943], [1.21315, 0.74022, 0.09887], [1.30692, 0.66801, 0.13016], [1.35283, 0.60575, 0.16145], [1.38965, 0.55141, 0.17876], [1.42032, 0.49314, 0.19466], [1.45366, 0.43955, 0.20053], [1.47577, 0.37045, 0.21379], [1.48304, 0.3096, 0.22582], [1.4844, 0.25733, 0.23415], [1.46652, 0.14929, 0.24653], [1.45944, 0.05246, 0.24856], [1.4098, -0.03303, 0.24547], [1.33997, -0.13071, 0.23042], [1.25947, -0.19975, 0.20236], [1.16965, -0.25071, 0.15692], [1.06975, -0.28713, 0.07844], [0.98739, -0.31902, -0.01358], [0.9109, -0.35701, -0.09097]], "1-5": [[0.0, -0.05894, -0.14228], [0.15839, -0.42689, -0.09957], [0.39886, -0.63435, -0.1591], [0.71577, -0.73753, -0.19138], [1.02747, -0.68141, -0.22333], [1.27631, -0.47595, -0.24542], [1.38986, -0.24917, -0.24871], [1.41267, 0.00988, -0.24579], [1.31613, 0.22182, -0.23412], [1.1385, 0.37571, -0.21568], [1.06277, 0.40149, -0.20425], [0.9779, 0.42233, -0.19574], [0.8759, 0.41293, -0.17272], [0.78361, 0.393, -0.15797], [0.69623, 0.35019, -0.13916], [0.62837, 0.29364, -0.11798], [0.56259, 0.21297, -0.10081], [0.52625, 0.10481, -0.0506], [0.51533, 0.0, 0.0], [0.51615, -0.02756, 0.012], [0.51902, -0.05756, 0.02387], [0.52646, -0.09268, 0.02768], [0.53801, -0.13058, 0.03774], [0.55372, -0.17241, 0.05839], [0.57959, -0.22491, 0.0852]], "1-4": [[0.0, -0.05894, -0.14228], [0.0, -0.0495, -0.14583], [0.0, -0.03986, -0.14876], [0.0, -0.03005, -0.15105], [0.10028, -0.32151, -0.09087], [0.23827, -0.49166, -0.14873], [0.35887, -0.56913, -0.18598], [0.46956, -0.61112, -0.21071], [0.53475, -0.62127, -0.22392], [0.60117, -0.62778, -0.23334], [0.63473, -0.62723, -0.2376], [0.64718, -0.6081, -0.24338], [0.65845, -0.58615, -0.2473], [0.68825, -0.58284, -0.24833], [0.71803, -0.5805, -0.24873], [0.74457, -0.574, -0.24868], [0.77921, -0.55494, -0.24675], [0.83663, -0.5276, -0.24034], [0.87092, -0.50226, -0.23196], [0.86642, -0.47658, -0.22024], [0.88296, -0.45068, -0.20496], [0.91086, -0.42448, -0.18647], [0.88477, -0.40117, -0.16021], [0.88922, -0.37652, -0.12585], [0.9109, -0.35701, -0.09097]], "1-3": [[0.0, -0.05894, -0.14228], [-0.22862, 0.50586, 0.12373], [-0.69239, 0.77386, 0.14899], [-1.32598, 0.62422, 0.16374], [-1.66299, 0.04622, 0.12837], [-1.40275, -0.61644, 0.09547], [-0.6524, -0.81538, 0.0], [-0.86706, -0.83447, -0.05694], [-1.0964, -0.78137, -0.10754], [-1.28271, -0.6597, -0.15847], [-1.39589, -0.49912, -0.2051], [-1.47594, -0.31771, -0.22704], [-1.47385, -0.15374, -0.24529], [-1.46092, 0.0001, -0.24859], [-1.3834, 0.11626, -0.2426], [-1.30585, 0.22686, -0.2315], [-1.14012, 0.30705, -0.17587], [-0.99509, 0.33585, -0.09502], [-0.909, 0.33988, 0.00114], [-0.75509, 0.35859, 0.11799], [-0.59993, 0.37207, 0.20631], [-0.43627, 0.35031, 0.24496], [-0.24438, 0.2853, 0.23375], [-0.08664, 0.14308, 0.15691], [0.0, -0.1089, 0.1089]], "2-5": [[-0.51533, 0.0, 0.0], [-0.40055, 0.12835, -0.21989], [-0.31174, 0.48444, -0.20669], [-0.6524, 0.81538, 0.0], [-0.30975, 0.63606, 0.02004], [-0.101, 0.35979, 0.03276], [0.0, 0.12805, 0.08556], [0.03319, -0.08104, -0.0746], [0.04466, -0.11628, -0.09445], [0.05408, -0.13645, -0.10833], [0.06103, -0.12998, -0.12336], [0.07105, -0.12128, -0.14127], [0.08414, -0.11792, -0.15901], [0.09685, -0.12538, -0.17178], [0.11046, -0.13241, -0.18375], [0.13018, -0.15163, -0.19696], [0.17708, -0.19202, -0.22008], [0.21901, -0.19341, -0.23685], [0.26693, -0.19995, -0.24665], [0.33554, -0.19704, -0.24657], [0.41996, -0.18525, -0.22012], [0.46844, -0.18342, -0.1897], [0.53441, -0.17875, -0.11251], [0.56897, -0.18769, -0.02999], [0.57959, -0.22491, 0.0852]], "2-4": [[-0.51533, 0.0, 0.0], [-0.41343, 0.22022, -0.22976], [-0.53279, 0.66256, -0.20135], [-1.19676, 0.77027, 0.0], [-0.55474, 0.78152, 0.03517], [-0.1764, 0.48568, 0.04136], [0.0, 0.15105, -0.03005], [0.02732, -0.02979, -0.08329], [0.06142, -0.19628, -0.09739], [0.07386, -0.21867, -0.11114], [0.0825, -0.23163, -0.12011], [0.09431, -0.24407, -0.13299], [0.11081, -0.26294, -0.14714], [0.13784, -0.296, -0.16396], [0.16444, -0.3257, -0.17712], [0.1877, -0.34975, -0.18662], [0.22579, -0.37134, -0.20453], [0.26767, -0.41121, -0.21343], [0.31905, -0.43001, -0.22874], [0.40305, -0.45045, -0.244], [0.49237, -0.46564, -0.24878], [0.58611, -0.46881, -0.24371], [0.72687, -0.44758, -0.2147], [0.81446, -0.4096, -0.17139], [0.9109, -0.35701, -0.09097]], "4-5": [[0.9109, -0.35701, -0.09097], [0.90376, -0.3496, -0.066], [0.89961, -0.34431, -0.03951], [0.89859, -0.34161, -0.01332], [0.89276, -0.34188, 0.00135], [0.87518, -0.34414, 0.02196], [0.85736, -0.3472, 0.04248], [0.84484, -0.34898, 0.05298], [0.83691, -0.35032, 0.06045], [0.82889, -0.35189, 0.06848], [0.82357, -0.35239, 0.07186], [0.81698, -0.35311, 0.07642], [0.80972, -0.35389, 0.08153], [0.80155, -0.35432, 0.08611], [0.79331, -0.35465, 0.09066], [0.78501, -0.35487, 0.09517], [0.76705, -0.35387, 0.10237], [0.74591, -0.35192, 0.11084], [0.72877, -0.34457, 0.1082], [0.70435, -0.3298, 0.09926], [0.68152, -0.31443, 0.09154], [0.65957, -0.30222, 0.09406], [0.62556, -0.27732, 0.09504], [0.60265, -0.25349, 0.09008], [0.57959, -0.22491, 0.0852]], "3-5": [[0.0, -0.1089, 0.1089], [0.08973, -0.33644, -0.02816], [0.23625, -0.56281, -0.03], [0.45939, -0.73893, -0.02343], [0.53637, -0.77596, -0.01996], [0.59564, -0.79827, -0.01666], [0.68022, -0.82092, -0.02206], [0.71531, -0.82805, -0.01875], [0.75068, -0.83364, -0.01544], [0.78627, -0.83768, -0.01212], [0.79886, -0.83874, -0.01063], [0.81146, -0.83961, -0.00913], [0.82408, -0.84028, -0.00763], [0.83177, -0.8406, -0.00638], [0.83947, -0.84084, -0.00514], [0.84717, -0.841, -0.0039], [0.85092, -0.84107, -0.00226], [0.85467, -0.8411, -0.00062], [0.85889, -0.84111, 0.0], [0.67886, -0.79368, 0.11326], [0.57138, -0.69777, 0.18851], [0.48713, -0.53119, 0.24239], [0.51203, -0.41068, 0.24267], [0.5277, -0.27845, 0.1908], [0.57959, -0.22491, 0.0852]]}}