{"graph": "k5", "genus": 2, "class": 17, "representative": {"1": [2, 3, 4, 5], "2": [1, 3, 4, 5], "3": [1, 2, 5, 4], "4": [1, 3, 2, 5], "5": [1, 4, 3, 2]}, "vertices": {"1": [-0.85889, 0.8564, -0.00208], "2": [0.64909, -0.83094, 0.00208], "3": [0.92834, 0.8564, 0.00208], "4": [-0.85889, -0.8564, -0.00208], "5": [-0.9145, 0.3377, -0.10069]}, "edges": {"1-2": [[-0.85889, 0.8564, -0.00208], [-0.80171, 0.85225, -0.04176], [-0.74713, 0.84807, -0.03681], [-0.69799, 0.83819, -0.03154], [-0.64889, 0.82825, -0.02687], [-0.59984, 0.81824, -0.02296], [-0.54887, 0.7975, -0.01885], [-0.50229, 0.77716, -0.01539], [-0.45576, 0.75677, -0.01252], [-0.40767, 0.72978, -0.00954], [-0.36652, 0.70031, -0.00621], [-0.32538, 0.67084, -0.00297], [-0.28146, 0.63819, 0.00451], [-0.24977, 0.60262, 0.00687], [-0.21843, 0.56741, 0.00946], [-0.18773, 0.53286, 0.01235], [-0.15774, 0.49674, 0.01215], [-0.13616, 0.46063, 0.01026], [-0.11471, 0.42355, 0.00928], [-0.08659, 0.37165, 0.04522], [-0.06733, 0.29343, 0.07289], [-0.05473, 0.24582, 0.0684], [-0.04328, 0.20301, 0.0801], [-0.03303, 0.15978, 0.06935], [0.00399, 0.12352, 0.0471], [0.02669, 0.08778, 0.03711], [0.0006, 0.05073, 0.0166], [0.03589, 0.01588, -0.00461], [0.0417, -0.01579, -0.03389], [0.04964, -0.05265, -0.06212], [0.04079, -0.08541, -0.13277], [0.06042, -0.11265, -0.15738], [0.09102, -0.13979, -0.18847], [0.12861, -0.16771, -0.2157], [0.16996, -0.19002, -0.23686], [0.2101, -0.21146, -0.25098], [0.25614, -0.22961, -0.26162], [0.30379, -0.24402, -0.26742], [0.35256, -0.21689, -0.26474], [0.39739, -0.21847, -0.25625], [0.46131, -0.19533, -0.22312], [0.50614, -0.19453, -0.19165], [0.54435, -0.19597, -0.1541], [0.57305, -0.20135, -0.11549], [0.59591, -0.20414, -0.07019], [0.61536, -0.21364, -0.02262], [0.62813, -0.22834, 0.0259], [0.63443, -0.24855, 0.07354], [0.63421, -0.26995, 0.1194], [0.63321, -0.29997, 0.16103], [0.63053, -0.3336, 0.19318], [0.62363, -0.37471, 0.22272], [0.61503, -0.42007, 0.24533], [0.6052, -0.46774, 0.26087], [0.59753, -0.51819, 0.26742], [0.59138, -0.56877, 0.265], [0.58747, -0.61781, 0.25437], [0.58806, -0.66001, 0.23723], [0.58958, -0.70297, 0.21178], [0.59392, -0.74187, 0.1804], [0.60124, -0.77575, 0.1442], [0.61642, -0.8027, 0.10294], [0.63353, -0.81681, 0.07123], [0.64909, -0.83094, 0.00208]], "2-3": [[0.64909, -0.83094, 0.00208], [0.58187, -0.81217, -0.01909], [0.55313, -0.79885, 0.02363], [0.51752, -0.77839, 0.05845], [0.48437, -0.75338, 0.08745], [0.45331, -0.7252, 0.11986], [0.42285, -0.68902, 0.14379], [0.4004, -0.64994, 0.16946], [0.37941, -0.61145, 0.19045], [0.36405, -0.56852, 0.21246], [0.34952, -0.52429, 0.22813], [0.34503, -0.47769, 0.24242], [0.34173, -0.43392, 0.25443], [0.3472, -0.38659, 0.26274], [0.35746, -0.33966, 0.26742], [0.36885, -0.29664, 0.26742], [0.38799, -0.25277, 0.26166], [0.40999, -0.21082, 0.25024], [0.43108, -0.17476, 0.23534], [0.45538, -0.13824, 0.21179], [0.47829, -0.10422, 0.18207], [0.49867, -0.07645, 0.14686], [0.51507, -0.04693, 0.11309], [0.52672, -0.01842, 0.07093], [0.53329, 0.00533, 0.0268], [0.53726, 0.03374, -0.01747], [0.53487, 0.06362, -0.06048], [0.53003, 0.09092, -0.09751], [0.52125, 0.12525, -0.1357], [0.50841, 0.15949, -0.1699], [0.49791, 0.19913, -0.20135], [0.48883, 0.24077, -0.22231], [0.477, 0.28496, -0.24143], [0.46915, 0.33284, -0.25699], [0.46684, 0.37959, -0.26405], [0.46454, 0.42993, -0.26742], [0.46666, 0.48074, -0.26691], [0.47599, 0.52642, -0.26018], [0.48718, 0.57411, -0.25072], [0.50711, 0.61712, -0.24002], [0.52896, 0.65938, -0.22285], [0.55655, 0.69602, -0.2066], [0.58676, 0.73333, -0.18585], [0.62481, 0.76627, -0.16623], [0.66281, 0.79398, -0.13739], [0.70314, 0.81796, -0.11115], [0.74492, 0.84025, -0.07195], [0.79352, 0.85356, -0.02926], [0.83852, 0.85504, 0.01511], [0.88366, 0.84973, 0.05912], [0.92834, 0.8564, 0.00208]], "3-5": [[0.92834, 0.8564, 0.00208], [0.9734, 0.84566, -0.05379], [0.9896, 0.84677, 0.01128], [1.01877, 0.83749, 0.04007], [1.03484, 0.82077, 0.09101], [1.04598, 0.75876, 0.18534], [1.02085, 0.51717, 0.26281], [1.00604, 0.40668, 0.21537], [1.02281, 0.35632, 0.17986], [1.04599, 0.3342, 0.16782], [1.06251, 0.3084, 0.15202], [1.08656, 0.25924, 0.10587], [1.11319, 0.22779, 0.09922], [1.13923, 0.19656, 0.09817], [1.16226, 0.158, 0.10021], [1.18044, 0.11987, 0.10371], [1.19949, 0.07576, 0.11398], [1.19932, 0.04338, 0.10445], [1.20193, 0.00616, 0.10044], [1.19901, -0.02801, 0.09854], [1.191, -0.06472, 0.08575], [1.17752, -0.09727, 0.07351], [1.16118, -0.13335, 0.05991], [1.14109, -0.16226, 0.03794], [1.12122, -0.192, 0.01774], [1.09369, -0.22114, -0.00859], [1.06981, -0.24847, -0.03283], [1.04024, -0.27577, -0.06298], [1.01393, -0.30126, -0.08952], [0.98381, -0.32866, -0.12044], [0.9565, -0.35365, -0.14685], [0.92669, -0.38268, -0.17564], [0.90025, -0.41314, -0.20206], [0.86496, -0.43281, -0.21643], [0.83024, -0.45216, -0.23056], [0.79678, -0.47654, -0.24348], [0.75776, -0.47468, -0.24629], [0.71896, -0.46679, -0.24645], [0.68161, -0.45589, -0.24775], [0.64222, -0.44175, -0.24914], [0.60385, -0.42553, -0.25025], [0.56417, -0.40481, -0.25318], [0.52639, -0.35079, -0.24472], [0.48504, -0.32882, -0.25189], [0.43956, -0.30882, -0.25825], [0.39709, -0.28558, -0.26348], [0.34973, -0.26249, -0.26742], [0.30269, -0.19995, -0.26742], [0.25489, -0.17995, -0.26464], [0.21225, -0.15863, -0.25738], [0.16715, -0.13481, -0.24218], [0.12567, -0.11019, -0.21983], [0.08835, -0.08408, -0.19202], [0.05896, -0.05666, -0.16258], [0.02692, -0.03609, -0.155], [0.01218, -0.00369, -0.12126], [0.00608, 0.02867, -0.10345], [-0.0032, 0.06204, -0.07435], [-0.01421, 0.09642, -0.05787], [-0.02079, 0.13147, -0.02204], [-0.0141, 0.16646, 0.00525], [-0.04417, 0.21306, 0.04175], [-0.06706, 0.26656, 0.11428], [-0.09074, 0.30404, 0.13222], [-0.11534, 0.34113, 0.14448], [-0.14647, 0.37799, 0.15722], [-0.17952, 0.41134, 0.1709], [-0.21081, 0.44414, 0.18284], [-0.24572, 0.47644, 0.19272], [-0.29177, 0.49699, 0.21012], [-0.33499, 0.5176, 0.22351], [-0.38497, 0.52892, 0.2402], [-0.43149, 0.53769, 0.24926], [-0.48011, 0.54032, 0.25829], [-0.52605, 0.54331, 0.26354], [-0.57381, 0.54041, 0.26742], [-0.61785, 0.53913, 0.26742], [-0.66015, 0.53806, 0.26742], [-0.70188, 0.50316, 0.25966], [-0.74089, 0.46974, 0.2457], [-0.77682, 0.43735, 0.22522], [-0.80878, 0.4103, 0.20104], [-0.83537, 0.38165, 0.1681], [-0.86263, 0.35641, 0.12977], [-0.88856, 0.33714, 0.08602], [-0.90949, 0.32222, 0.03955], [-0.93532, 0.31342, -0.0086], [-0.95862, 0.31357, -0.05229], [-0.9145, 0.3377, -0.10069]],