{"graph": "k5", "genus": 2, "class": 16, "representative": {"1": [2, 3, 4, 5], "2": [1, 3, 4, 5], "3": [1, 2, 5, 4], "4": [1, 3, 2, 5], "5": [1, 2, 4, 3]}, "vertices": {"1": [0.2436, 0.0, 0.24772], "2": [0.0, 0.13337, 0.077], "3": [-0.78128, -0.83753, 0.0], "4": [-0.51533, 0.0, 0.0], "5": [1.27944, 0.72843, 0.0]}, "edges": {"1-2": [[0.2436, 0.0, 0.24772], [0.27701, -0.07805, 0.24873], [0.31844, -0.13833, 0.24638], [0.35545, -0.15903, 0.24031], [0.39393, -0.14128, 0.22488], [0.42959, -0.15113, 0.20752], [0.45857, -0.15017, 0.18638], [0.47872, -0.13991, 0.1638], [0.50303, -0.13644, 0.13145], [0.52957, -0.14939, 0.09306], [0.53541, -0.14287, 0.07005], [0.54078, -0.14091, 0.04639], [0.54787, -0.14819, 0.02189], [0.55151, -0.15354, -0.00428], [0.54719, -0.14769, -0.02599], [0.54126, -0.1425, -0.04749], [0.52725, -0.13738, -0.0862], [0.5059, -0.14014, -0.12929], [0.47421, -0.1456, -0.17065], [0.42259, -0.15515, -0.21256], [0.3347, -0.16151, -0.24489], [0.26106, -0.17629, -0.24685], [0.13793, -0.15457, -0.20215], [0.05974, -0.13442, -0.1198], [0.0, 0.13337, 0.077]], "2-3": [[0.0, 0.13337, 0.077], [0.0, 0.13842, 0.06751], [0.0, 0.14279, 0.05769], [0.0, 0.14647, 0.04759], [-0.09308, 0.33882, 0.04281], [-0.223, 0.54428, 0.04497], [-0.409, 0.70321, 0.05568], [-0.53512, 0.77028, 0.05229], [-0.70415, 0.81917, 0.06046], [-0.89133, 0.83456, 0.05398], [-0.99358, 0.82426, 0.05394], [-1.08782, 0.79925, 0.06888], [-1.20325, 0.75813, 0.06426], [-1.30094, 0.7069, 0.06012], [-1.37752, 0.65225, 0.06181], [-1.46183, 0.57582, 0.06013], [-1.56727, 0.44, 0.05942], [-1.63625, 0.3019, 0.05935], [-1.67298, 0.18171, 0.05852], [-1.69625, 0.02405, 0.04103], [-1.68026, -0.15647, 0.0495], [-1.61946, -0.34278, 0.05802], [-1.45844, -0.58593, 0.03719], [-1.14228, -0.79115, 0.01914], [-0.78128, -0.83753, 0.0]], "3-5": [[-0.78128, -0.83753, 0.0], [-1.13647, -0.79146, 0.03441], [-1.43885, -0.59616, 0.0677], [-1.60483, -0.35323, 0.08715], [-1.67342, -0.11245, 0.09502], [-1.65626, 0.17577, 0.10785], [-1.58461, 0.34834, 0.1291], [-1.47132, 0.52259, 0.12895], [-1.34445, 0.639, 0.13304], [-1.19896, 0.72373, 0.13752], [-1.13049, 0.75131, 0.13866], [-1.04238, 0.78184, 0.1322], [-0.94379, 0.80501, 0.12141], [-0.87042, 0.80735, 0.12499], [-0.78036, 0.80298, 0.12607], [-0.70216, 0.79193, 0.12524], [-0.55945, 0.75167, 0.12205], [-0.42244, 0.68905, 0.10966], [-0.31255, 0.59766, 0.12093], [-0.17893, 0.46262, 0.09464], [-0.09472, 0.32031, 0.07797], [0.0, 0.03202, -0.15064], [0.74943, -0.52575, -0.24255], [1.22623, -0.19854, 0.17705], [1.27944, 0.72843, 0.0]], "1-3": [[0.2436, 0.0, 0.24772], [1.04761, 0.33691, -0.13924], [1.36659, -0.5095, -0.21395], [0.0, -0.11445, 0.10305], [-0.0525, 0.13801, 0.10449], [-0.09754, 0.15909, 0.16583], [-0.19351, 0.25221, 0.21834], [-0.25843, 0.29841, 0.23618], [-0.36028, 0.3561, 0.24794], [-0.4244, 0.34441, 0.24588], [-0.50308, 0.38114, 0.23846], [-0.54041, 0.37301, 0.22697], [-0.57496, 0.3716, 0.21528], [-0.61441, 0.37111, 0.20002], [-0.65818, 0.36855, 0.1791], [-0.70963, 0.3554, 0.1382], [-0.80654, 0.35045, 0.07244], [-0.88907, 0.34234, 0.0075], [-0.93661, 0.34193, -0.05899], [-1.06637, 0.32564, -0.13917], [-1.22758, 0.29366, -0.21738], [-1.38485, 0.14685, -0.24444], [-1.50066, -0.20301, -0.2353], [-1.32729, -0.6434, -0.14309], [-0.78128, -0.83753, 0.0]], "2-4": [[0.0, 0.13337, 0.077], [-0.07791, 0.30764, 0.02929], [-0.1488, 0.44819, 0.02651], [-0.30789, 0.63283, 0.03173], [-0.51832, 0.76819, 0.02013], [-0.78389, 0.83721, 0.0165], [-1.08907, 0.80901, 0.0], [-0.95587, 0.82955, -0.05394], [-0.72054, 0.8008, -0.11553], [-0.59775, 0.74737, -0.14884], [-0.54307, 0.69878, -0.17732], [-0.48343, 0.63564, -0.2015], [-0.43253, 0.56812, -0.21903], [-0.40152, 0.50839, -0.23134], [-0.38356, 0.45267, -0.24039], [-0.37503, 0.39582, -0.24661], [-0.36587, 0.31576, -0.24869], [-0.39091, 0.24432, -0.2403], [-0.41882, 0.16059, -0.21574], [-0.45421, 0.10571, -0.17772], [-0.47615, 0.0676, -0.14285], [-0.49643, 0.03565, -0.09924], [-0.50706, 0.02876, -0.06788], [-0.51317, 0.01248, -0.03435], [-0.51533, 0.0, 0.0]], "4-5": [[-0.51533, 0.0, 0.0], [-0.58803, -0.24327, 0.09891], [-0.80704, -0.40291, 0.1651], [-1.07855, -0.41241, 0.21505], [-1.27926, -0.28915, 0.23484], [-1.39833, -0.11035, 0.24526], [-1.43489, 0.12164, 0.24875], [-1.40879, 0.27471, 0.24777], [-1.34166, 0.40998, 0.24537], [-1.25592, 0.52556, 0.23977], [-1.19315, 0.59474, 0.23197], [-1.09956, 0.65704, 0.2244], [-1.01286, 0.696, 0.21766], [-0.93157, 0.71882, 0.21202], [-0.84465, 0.73305, 0.20507], [-0.75498, 0.73735, 0.19672], [-0.63157, 0.72735, 0.18191], [-0.47449, 0.65631, 0.18325], [-0.33288, 0.5848, 0.15546], [-0.19898, 0.46175, 0.12841], [-0.08971, 0.29851, 0.0879], [0.0, -0.03202, -0.15064], [0.76675, -0.56212, -0.24774], [1.22872, -0.16744, 0.1648], [1.27944, 0.72843, 0.0]], "3-4": [[-0.78128, -0.83753, 0.0], [-0.89447, -0.82817, -0.07688], [-1.02298, -0.77732, -0.14505], [-1.10854, -0.70091, -0.19717], [-1.10863, -0.67348, -0.21454], [-1.11781, -0.6225, -0.23492], [-1.08705, -0.58424, -0.24632], [-1.07488, -0.56115, -0.24862], [-1.0745, -0.53386, -0.24823], [-1.05882, -0.51546, -0.24563], [-1.04112, -0.51001, -0.24355], [-1.02389, -0.5041, -0.24095], [-1.00708, -0.49977, -0.23842], [-0.991, -0.49103, -0.23423], [-0.96765, -0.48326, -0.2291], [-0.94762, -0.47541, -0.22377], [-0.90917, -0.46049, -0.21266], [-0.88419, -0.44753, -0.20281], [-0.86806, -0.43053, -0.18906], [-0.82222, -0.40322, -0.16357], [-0.7609, -0.37383, -0.13967], [-0.70476, -0.33729, -0.11328], [-0.60199, -0.2492, -0.08327], [-0.53784, -0.13254, -0.04318], [-0.51533, 0.0, 0.0]], "2-5": [[0.0, 0.13337, 0.077], [0.06278, -0.09147, -0.13493], [0.1696, -0.07014, -0.22757], [0.33463, 0.0, -0.23928], [0.29965, 0.10209, -0.24763], [0.28419, 0.22191, -0.24765], [0.30029, 0.35061, -0.23954], [0.34932, 0.48008, -0.22423], [0.43163, 0.58322, -0.21172], [0.54492, 0.67506, -0.19682], [0.61948, 0.72057, -0.18443], [0.70509, 0.75798, -0.17059], [0.79426, 0.78306, -0.1565], [0.87604, 0.79387, -0.14561], [0.95144, 0.7945, -0.13718], [1.05384, 0.78478, -0.1229], [1.1835, 0.75042, -0.10553], [1.30669, 0.6918, -0.09045], [1.41482, 0.61511, -0.07633], [1.47291, 0.56459, -0.05851], [1.51166, 0.52483, -0.04168], [1.55762, 0.46551, -0.02739], [1.47867, 0.5677, -0.0176], [1.39252, 0.64998, -0.00838], [1.27944, 0.72843, 0.0]], "1-5": [[0.2436, 0.0, 0.24772], [0.20807, -0.07481, 0.24073], [0.18871, -0.17416, 0.22775], [0.19039, -0.26868, 0.21325], [0.19663, -0.33555, 0.19841], [0.21739, -0.41843, 0.17824], [0.27278, -0.51065, 0.16631], [0.28373, -0.54613, 0.14688], [0.31743, -0.59395, 0.13119], [0.37224, -0.6463, 0.1222], [0.39529, -0.67036, 0.11087], [0.41918, -0.69312, 0.0984], [0.44465, -0.71451, 0.08567], [0.46742, -0.73168, 0.07411], [0.49217, -0.74745, 0.06468], [0.52043, -0.7616, 0.0614], [0.55991, -0.77926, 0.05637], [0.60018, -0.79477, 0.05108], [0.63746, -0.80913, 0.03324], [0.66181, -0.81677, 0.0212], [0.68655, -0.8231, 0.00911], [0.71283, -0.82834, 0.0], [1.43594, -0.61195, 0.0], [1.69394, 0.10078, 0.0], [1.27944, 0.72843, 0.0]], "1-4": [[0.2436, 0.0, 0.24772], [1.04424, 0.32524, -0.11989], [1.29005, -0.54735, -0.2258], [0.0, -0.14647, 0.04759], [-0.05693, 0.1713, 0.1002], [-0.09408, 0.22329, 0.14182], [-0.18285, 0.33594, 0.18832], [-0.23363, 0.38228, 0.20529], [-0.30187, 0.44714, 0.21684], [-0.38507, 0.47606, 0.23579], [-0.43205, 0.49671, 0.24078], [-0.47226, 0.51923, 0.24262], [-0.50728, 0.52776, 0.24524], [-0.54239, 0.53088, 0.24745], [-0.60822, 0.54665, 0.24862], [-0.67827, 0.55584, 0.24866], [-0.79831, 0.56097, 0.24719], [-0.94936, 0.51516, 0.23894], [-1.0432, 0.4622, 0.23003], [-1.17393, 0.33104, 0.20874], [-1.26382, 0.15589, 0.19181], [-1.25473, -0.03587, 0.15466], [-1.03526, -0.32487, 0.11094], [-0.68012, -0.30148, 0.05834], [-0.51533, 0.0, 0.0]]}}