{"graph": "k5", "genus": 2, "class": 9, "representative": {"1": [2, 3, 4, 5], "2": [1, 3, 4, 5], "3": [1, 2, 4, 5], "4": [1, 5, 2, 3], "5": [1, 2, 4, 3]}, "vertices": {"1": [-1.23756, -0.75105, 0.0], "2": [-0.45556, 0.22255, 0.21107], "3": [-0.90725, 0.58905, 0.24878], "4": [-0.26655, 0.0, 0.24878], "5": [0.32191, 0.0, -0.24254]}, "edges": {"1-2": [[-1.23756, -0.75105, 0.0], [-1.58454, -0.27459, -0.16794], [-1.46582, 0.18713, -0.24507], [-1.13326, 0.38451, -0.21794], [-1.02571, 0.38745, -0.18117], [-0.93299, 0.37805, -0.13786], [-0.86731, 0.35868, -0.08568], [-0.83573, 0.34998, -0.05938], [-0.80596, 0.34125, -0.0297], [-0.77449, 0.33308, 0.00497], [-0.751, 0.3279, 0.02847], [-0.73197, 0.3232, 0.04262], [-0.71479, 0.31912, 0.05688], [-0.70163, 0.31638, 0.06897], [-0.68597, 0.30991, 0.07422], [-0.67149, 0.30549, 0.08462], [-0.64688, 0.29907, 0.10455], [-0.61052, 0.28655, 0.12832], [-0.58353, 0.27579, 0.14436], [-0.56289, 0.27449, 0.16218], [-0.53647, 0.26168, 0.17473], [-0.50862, 0.24603, 0.18681], [-0.49148, 0.24278, 0.19698], [-0.4737, 0.23863, 0.20618], [-0.45556, 0.22255, 0.21107]], "2-3": [[-0.45556, 0.22255, 0.21107], [-0.25568, 0.18995, 0.24553], [-0.09097, 0.08726, 0.17118], [0.0, -0.06573, 0.13928], [0.40727, -0.70886, -0.01743], [1.24666, -0.74581, -0.01609], [1.7, -0.0, 0.0], [1.59167, -0.24658, 0.17086], [1.39419, -0.30658, 0.24757], [1.16387, -0.32666, 0.20185], [1.09954, -0.30255, 0.13986], [1.03826, -0.30018, 0.05491], [0.9885, -0.32049, -0.03264], [0.96865, -0.35272, -0.11043], [0.92621, -0.4112, -0.17617], [0.86953, -0.48133, -0.2227], [0.69654, -0.57462, -0.24873], [0.54638, -0.62267, -0.22583], [0.33656, -0.56619, -0.17382], [0.22631, -0.49398, -0.13297], [0.107, -0.34388, -0.0832], [0.0, -0.10114, -0.11614], [-0.20821, 0.43217, 0.16202], [-0.53646, 0.61638, 0.22633], [-0.90725, 0.58905, 0.24878]], "3-4": [[-0.90725, 0.58905, 0.24878], [-0.95266, 0.53894, 0.24462], [-0.99385, 0.49141, 0.23462], [-1.01966, 0.44538, 0.21857], [-1.06586, 0.39103, 0.19855], [-1.07785, 0.34452, 0.16731], [-1.1087, 0.29773, 0.14285], [-1.1359, 0.23443, 0.09619], [-1.16418, 0.16838, 0.05012], [-1.17116, 0.14329, -0.00357], [-1.18492, 0.11191, -0.02395], [-1.19998, 0.07607, -0.05395], [-1.21475, 0.03948, -0.08369], [-1.22859, -0.00375, -0.11107], [-1.24291, -0.07523, -0.14658], [-1.25919, -0.09584, -0.17098], [-1.27408, -0.22627, -0.21821], [-1.24002, -0.38038, -0.24288], [-1.14213, -0.5438, -0.24791], [-0.8766, -0.72699, -0.20905], [-0.556, -0.74999, -0.12254], [-0.20447, -0.52841, 0.0], [-0.11518, -0.32214, 0.11961], [-0.15695, -0.16837, 0.21241], [-0.26655, 0.0, 0.24878]], "1-5": [[-1.23756, -0.75105, 0.0], [-1.17722, 0.33968, -0.21404], [-0.60609, 0.39901, 0.21794], [0.0, -0.14929, 0.03781], [0.1808, -0.48873, -0.05089], [0.4822, -0.73332, -0.08962], [0.8696, -0.8064, -0.12663], [1.14666, -0.72467, -0.16365], [1.37197, -0.53677, -0.19831], [1.51815, -0.28809, -0.21385], [1.54748, -0.14371, -0.2226], [1.53754, -0.02602, -0.23314], [1.49613, 0.09933, -0.24316], [1.44846, 0.23452, -0.24518], [1.38822, 0.32908, -0.24685], [1.29279, 0.40714, -0.24877], [1.1128, 0.48398, -0.24453], [0.96066, 0.49612, -0.23349], [0.82565, 0.47622, -0.22063], [0.67179, 0.4056, -0.20168], [0.58495, 0.31841, -0.17945], [0.52128, 0.20455, -0.15116], [0.45283, 0.15673, -0.19292], [0.40187, 0.08332, -0.21346], [0.32191, 0.0, -0.24254]], "1-3": [[-1.23756, -0.75105, 0.0], [-1.3624, -0.66989, 0.03911], [-1.41919, -0.60899, 0.08108], [-1.48312, -0.52769, 0.10603], [-1.52582, -0.44143, 0.13732], [-1.59514, -0.29431, 0.14719], [-1.6133, -0.18231, 0.16766], [-1.62059, -0.05331, 0.18047], [-1.60738, 0.02928, 0.1932], [-1.58727, 0.0991, 0.20374], [-1.56854, 0.15984, 0.20891], [-1.54719, 0.20685, 0.21429], [-1.52128, 0.25602, 0.21912], [-1.49793, 0.29576, 0.22222], [-1.46804, 0.33536, 0.22644], [-1.438, 0.36936, 0.23011], [-1.3836, 0.41925, 0.2358], [-1.3245, 0.46465, 0.24001], [-1.27169, 0.50596, 0.24127], [-1.22048, 0.54631, 0.24072], [-1.15539, 0.57485, 0.24274], [-1.08621, 0.59565, 0.24464], [-1.02726, 0.60152, 0.24667], [-0.96618, 0.59832, 0.2483], [-0.90725, 0.58905, 0.24878]], "2-4": [[-0.45556, 0.22255, 0.21107], [-0.44827, 0.20801, 0.21085], [-0.44149, 0.19324, 0.21064], [-0.43336, 0.17956, 0.21182], [-0.43776, 0.17265, 0.20753], [-0.44212, 0.16589, 0.20303], [-0.44644, 0.1593, 0.19833], [-0.44645, 0.15379, 0.19682], [-0.44763, 0.1488, 0.19461], [-0.45045, 0.14461, 0.19129], [-0.44982, 0.14163, 0.19097], [-0.44921, 0.13865, 0.19065], [-0.44862, 0.13567, 0.19032], [-0.44657, 0.13217, 0.19105], [-0.44455, 0.12864, 0.19177], [-0.44255, 0.12509, 0.19248], [-0.4354, 0.1172, 0.19622], [-0.42832, 0.10908, 0.19985], [-0.42131, 0.10072, 0.20335], [-0.40323, 0.08432, 0.21276], [-0.38578, 0.07138, 0.22119], [-0.3684, 0.05617, 0.22839], [-0.33152, 0.03948, 0.24054], [-0.29837, 0.02202, 0.24679], [-0.26655, 0.0, 0.24878]], "3-5": [[-0.90725, 0.58905, 0.24878], [-1.10502, 0.44532, 0.23434], [-1.25088, 0.22802, 0.20643], [-1.24785, 0.00685, 0.14337], [-1.2087, -0.09561, 0.09557], [-1.15256, -0.1892, 0.05336], [-1.06408, -0.27555, -0.00136], [-1.02241, -0.30674, -0.04473], [-0.94276, -0.34114, -0.06161], [-0.87345, -0.36083, -0.09183], [-0.84414, -0.37111, -0.11437], [-0.80949, -0.37218, -0.12187], [-0.77426, -0.37188, -0.13189], [-0.72912, -0.37478, -0.15356], [-0.68304, -0.36958, -0.16847], [-0.6362, -0.35142, -0.17553], [-0.55708, -0.32733, -0.20063], [-0.49536, -0.29329, -0.21496], [-0.43158, -0.24457, -0.2278], [-0.37191, -0.18092, -0.23788], [-0.31016, -0.09475, -0.24624], [-0.26655, 0.0, -0.24878], [-0.16815, 0.23639, -0.20718], [-0.25646, 0.54238, -0.11935], [-0.54527, 0.78046, 0.0], [-0.25999, 0.58909, 0.02285], [-0.09335, 0.34305, 0.03322], [0.0, 0.13741, 0.06954], [0.06113, -0.09779, -0.13116], [0.1612, -0.07488, -0.22346], [0.32191, 0.0, -0.24254]], "1-4": [[-1.23756, -0.75105, 0.0], [-1.19305, -0.77107, 0.01926], [-1.14923, -0.78585, 0.04064], [-1.10124, -0.79728, 0.06184], [-1.0314, -0.81173, 0.07397], [-0.97078, -0.81894, 0.08388], [-0.90819, -0.82213, 0.09168], [-0.85525, -0.82256, 0.09426], [-0.80246, -0.81956, 0.09683], [-0.74614, -0.81228, 0.10016], [-0.71801, -0.80761, 0.10074], [-0.68982, -0.80191, 0.10135], [-0.66096, -0.79493, 0.1021], [-0.63207, -0.78717, 0.1021], [-0.60362, -0.77841, 0.10211], [-0.56663, -0.76311, 0.10651], [-0.50062, -0.7279, 0.11811], [-0.44204, -0.69062, 0.1263], [-0.39472, -0.65973, 0.12632], [-0.35121, -0.61308, 0.14289], [-0.28668, -0.54402, 0.15166], [-0.22773, -0.46034, 0.16193], [-0.18756, -0.29759, 0.20428], [-0.19744, -0.12349, 0.23538], [-0.26655, 0.0, 0.24878]], "4-5": [[-0.26655, 0.0, 0.24878], [-0.34342, 0.01026, 0.23664], [-0.41636, 0.03482, 0.19964], [-0.46801, 0.04054, 0.14881], [-0.4922, 0.04298, 0.11], [-0.51386, 0.0691, 0.06382], [-0.5209, 0.06226, 0.00767], [-0.5224, 0.08163, -0.0365], [-0.51081, 0.08166, -0.0822], [-0.4978, 0.09709, -0.11908], [-0.48242, 0.1045, -0.14572], [-0.46907, 0.12952, -0.17008], [-0.45447, 0.14992, -0.18964], [-0.43482, 0.18184, -0.21154], [-0.41455, 0.21713, -0.22876], [-0.39738, 0.25196, -0.23972], [-0.36136, 0.30637, -0.24865], [-0.35883, 0.36574, -0.24729], [-0.34661, 0.445, -0.23336], [-0.44773, 0.6356, -0.18649], [-0.58643, 0.77362, -0.09985], [-0.82319, 0.84036, 0.0], [-0.37295, 0.68485, 0.02616], [-0.11596, 0.38856, 0.03668], [0.0, 0.14929, 0.03781], [0.06254, -0.11704, -0.12926], [0.15947, -0.09054, -0.22168], [0.32191, 0.0, -0.24254]],