{"graph": "k5", "genus": 2, "class": 11, "representative": {"1": [2, 3, 4, 5], "2": [1, 3, 4, 5], "3": [1, 2, 4, 5], "4": [1, 5, 3, 2], "5": [1, 4, 3, 2]}, "vertices": {"1": [0.85889, -0.84111, 0.0], "2": [-1.62246, -0.08849, 0.17548], "3": [-1.21855, -0.10624, -0.12111], "4": [0.64466, 0.72061, -0.19097], "5": [0.0, -0.14453, -0.05319]}, "edges": {"1-2": [[0.85889, -0.84111, 0.0], [0.41521, -0.71421, -0.01249], [0.12997, -0.41803, -0.02043], [0.0, -0.09211, 0.12342], [-0.05319, 0.06881, 0.12292], [-0.13345, 0.04465, 0.20931], [-0.26655, 0.0, 0.24878], [-0.25534, -0.0725, 0.24829], [-0.25269, -0.15146, 0.24665], [-0.26386, -0.23571, 0.24417], [-0.27839, -0.28522, 0.24275], [-0.29659, -0.33227, 0.24124], [-0.31853, -0.37888, 0.23942], [-0.33987, -0.42127, 0.23685], [-0.36465, -0.46229, 0.23402], [-0.3934, -0.5024, 0.23092], [-0.50174, -0.57603, 0.23365], [-0.57316, -0.62396, 0.23037], [-0.66513, -0.67176, 0.22469], [-0.81038, -0.71507, 0.21545], [-0.95936, -0.72609, 0.20519], [-1.11668, -0.67763, 0.21045], [-1.35907, -0.55287, 0.196], [-1.51579, -0.36572, 0.19091], [-1.62246, -0.08849, 0.17548]], "2-3": [[-1.62246, -0.08849, 0.17548], [-1.43317, -0.54557, 0.14825], [-1.00995, -0.80983, 0.0912], [-0.47192, -0.74681, 0.0], [-0.57987, -0.78974, -0.04181], [-0.7501, -0.81964, -0.0831], [-0.91593, -0.8083, -0.11991], [-1.02099, -0.77771, -0.14509], [-1.10869, -0.73463, -0.16787], [-1.16409, -0.68725, -0.19081], [-1.19927, -0.6548, -0.20168], [-1.23415, -0.61692, -0.21226], [-1.26455, -0.57788, -0.22127], [-1.28509, -0.54445, -0.22819], [-1.30299, -0.51017, -0.23415], [-1.3191, -0.47421, -0.23917], [-1.32972, -0.41916, -0.24585], [-1.3324, -0.3697, -0.24864], [-1.32064, -0.33898, -0.24801], [-1.32342, -0.2876, -0.24449], [-1.30132, -0.25036, -0.23418], [-1.29015, -0.20516, -0.22073], [-1.2614, -0.16142, -0.19163], [-1.23367, -0.13489, -0.15573], [-1.21855, -0.10624, -0.12111]], "3-4": [[-1.21855, -0.10624, -0.12111], [-1.12451, -0.30505, -0.16311], [-0.94821, -0.43702, -0.20123], [-0.67102, -0.45195, -0.2265], [-0.48924, -0.35265, -0.23507], [-0.35041, -0.20024, -0.24452], [-0.26655, 0.0, -0.24878], [-0.20095, 0.10525, -0.23753], [-0.17689, 0.24942, -0.20971], [-0.19762, 0.39683, -0.17291], [-0.24223, 0.49433, -0.15062], [-0.28664, 0.56958, -0.12506], [-0.35591, 0.6483, -0.09908], [-0.44846, 0.72707, -0.05519], [-0.56683, 0.78475, -0.04323], [-0.68776, 0.82352, 0.0], [-0.32348, 0.64809, 0.01532], [-0.10599, 0.37191, 0.02614], [0.0, 0.10714, 0.11063], [0.05333, -0.07926, -0.12146], [0.13213, -0.054, -0.20804], [0.26655, 0.0, -0.24878], [0.24797, 0.27332, -0.23659], [0.3843, 0.54519, -0.21182], [0.64466, 0.72061, -0.19097]], "2-5": [[-1.62246, -0.08849, 0.17548], [-1.57093, 0.21892, 0.19648], [-1.42679, 0.44018, 0.2144], [-1.1681, 0.65221, 0.21244], [-1.03451, 0.70589, 0.20892], [-0.91364, 0.72501, 0.20913], [-0.78594, 0.72549, 0.20778], [-0.70244, 0.71787, 0.204], [-0.64079, 0.70531, 0.20149], [-0.58614, 0.68514, 0.20209], [-0.55857, 0.67302, 0.2024], [-0.52165, 0.65203, 0.20445], [-0.48299, 0.6295, 0.20507], [-0.44193, 0.61186, 0.19991], [-0.40178, 0.59139, 0.1945], [-0.36495, 0.569, 0.18954], [-0.30806, 0.52847, 0.18069], [-0.26176, 0.48737, 0.17336], [-0.22034, 0.44388, 0.16596], [-0.12174, 0.31926, 0.13184], [-0.07271, 0.23649, 0.09806], [0.0, -0.13654, -0.07123], [0.0, -0.13946, -0.06533], [0.0, -0.14213, -0.05932], [0.0, -0.14453, -0.05319], [0.0, -0.14453, -0.05319]], "1-3": [[0.85889, -0.84111, 0.0], [0.40653, -0.70838, -0.01763], [0.12608, -0.41004, -0.02626], [0.0, -0.12041, 0.09602], [-0.05188, 0.13677, 0.1036], [-0.09406, 0.14806, 0.16443], [-0.18224, 0.23078, 0.21649], [-0.23268, 0.26674, 0.23258], [-0.29723, 0.31277, 0.24359], [-0.36088, 0.33444, 0.24867], [-0.38167, 0.32591, 0.24836], [-0.41629, 0.33488, 0.24597], [-0.46735, 0.36426, 0.24203], [-0.51883, 0.38708, 0.23653], [-0.54077, 0.38172, 0.22975], [-0.56312, 0.37831, 0.22208], [-0.6224, 0.39851, 0.21276], [-0.69458, 0.39029, 0.18268], [-0.76249, 0.3887, 0.15837], [-0.85538, 0.36943, 0.11051], [-0.94529, 0.34399, 0.07356], [-1.01518, 0.30905, 0.03701], [-1.13787, 0.20152, -0.01726], [-1.2059, 0.06406, -0.06746], [-1.21855, -0.10624, -0.12111]], "2-4": [[-1.62246, -0.08849, 0.17548], [-1.53826, 0.32812, 0.18869], [-1.23308, 0.67386, 0.17335], [-0.89076, 0.78886, 0.15171], [-0.43956, 0.67926, 0.13959], [-0.15215, 0.41427, 0.10209], [0.0, -0.02944, -0.15117], [0.13973, -0.38069, -0.11353], [0.37771, -0.57644, -0.19172], [0.6406, -0.63682, -0.23528], [0.75592, -0.59633, -0.24845], [0.9272, -0.51924, -0.23913], [1.00112, -0.43182, -0.2072], [1.0499, -0.34765, -0.15365], [1.11607, -0.25035, -0.08606], [1.15624, -0.17224, 0.00653], [1.24156, -0.03436, 0.13631], [1.3605, 0.10938, 0.23593], [1.38185, 0.36808, 0.24427], [1.27639, 0.60723, 0.20246], [1.11862, 0.7747, 0.10667], [0.85889, 0.84111, 0.0], [0.7833, 0.8279, -0.06905], [0.69675, 0.78329, -0.13716], [0.64466, 0.72061, -0.19097]], "1-5": [[0.85889, -0.84111, 0.0], [0.82899, -0.83541, 0.05046], [0.70116, -0.7987, 0.1127], [0.65661, -0.76598, 0.14809], [0.57396, -0.67822, 0.20336], [0.5142, -0.54903, 0.24241], [0.53374, -0.46321, 0.24738], [0.53972, -0.3852, 0.23111], [0.52857, -0.30178, 0.20221], [0.53154, -0.22788, 0.15639], [0.5383, -0.21196, 0.13645], [0.55063, -0.20774, 0.11498], [0.5572, -0.19789, 0.09101], [0.55036, -0.18491, 0.08815], [0.54405, -0.17172, 0.08527], [0.53826, -0.15834, 0.08239], [0.50518, -0.13248, 0.1258], [0.46949, -0.11428, 0.16463], [0.442, -0.08955, 0.18536], [0.38178, -0.07124, 0.22317], [0.32301, -0.06301, 0.24312], [0.26655, 0.0, 0.24878], [1.05719, 0.30548, -0.09923], [1.19637, -0.59299, -0.23194], [0.0, -0.14453, -0.05319]], "3-5": [[-1.21855, -0.10624, -0.12111], [-1.20771, -0.06632, -0.07484], [-1.20099, -0.03687, -0.01621], [-1.20454, 0.00579, 0.03267], [-1.20947, 0.05783, 0.07561], [-1.20642, 0.12762, 0.11207], [-1.21073, 0.16918, 0.14531], [-1.17751, 0.23805, 0.15499], [-1.15257, 0.30692, 0.18391], [-1.12091, 0.36389, 0.20292], [-1.0981, 0.39726, 0.21296], [-1.06381, 0.43003, 0.2201], [-1.02321, 0.46007, 0.22609], [-0.98089, 0.48901, 0.23257], [-0.95521, 0.51261, 0.23851], [-0.90458, 0.5376, 0.24311], [-0.77963, 0.57759, 0.24861], [-0.67679, 0.57483, 0.24855], [-0.58401, 0.58063, 0.24369], [-0.48441, 0.55841, 0.23556], [-0.387, 0.52192, 0.22251], [-0.2567, 0.44759, 0.19219], [-0.14846, 0.33515, 0.15677], [-0.07504, 0.23259, 0.10553], [0.0, -0.14453, -0.05319]], "1-4": [[0.85889, -0.84111, 0.0], [0.83066, -0.84037, -0.01165], [0.80299, -0.83807, -0.02428], [0.77551, -0.83421, -0.03685], [0.84655, -0.83816, -0.03767], [0.91403, -0.83696, -0.03408], [0.98268, -0.82878, -0.0394], [1.07165, -0.80736, -0.05513], [1.16025, -0.7768, -0.06223], [1.26164, -0.7312, -0.05577], [1.30553, -0.7038, -0.06084], [1.3464, -0.67441, -0.06612], [1.39699, -0.63421, -0.06769], [1.44852, -0.58533, -0.07079], [1.49396, -0.53372, -0.07493], [1.53957, -0.47249, -0.07791], [1.60003, -0.36487, -0.08515], [1.63878, -0.26606, -0.09061], [1.67037, -0.14562, -0.08954], [1.6721, 0.10214, -0.10119], [1.61567, 0.29549, -0.11598], [1.50558, 0.47563, -0.13271], [1.267, 0.67569, -0.15188], [0.94362, 0.77335, -0.16562], [0.64466, 0.72061, -0.19097]], "4-5": [[0.64466, 0.72061, -0.19097], [0.64414, 0.67942, -0.21781], [0.6564, 0.63635, -0.23706], [0.66507, 0.5893, -0.2472], [0.69214, 0.57193, -0.24876], [0.70869, 0.55192, -0.24795], [0.73173, 0.53565, -0.24524], [0.77605, 0.53798, -0.2441], [0.82421, 0.53512, -0.24238], [0.87725, 0.52514, -0.23962], [0.92933, 0.51988, -0.23939], [0.98945, 0.50456, -0.23839], [1.04113, 0.49128, -0.23921], [1.0935, 0.4802, -0.24195], [1.16322, 0.45114, -0.24408], [1.22289, 0.41977, -0.24606], [1.33533, 0.3281, -0.24839], [1.40704, 0.21377, -0.24875], [1.44583, 0.1031, -0.24875], [1.49147, -0.10774, -0.24383], [1.44734, -0.32208, -0.23607], [1.30965, -0.51085, -0.23233], [0.82412, -0.77985, -0.1626], [0.30428, -0.59602, -0.11267], [0.0, -0.14453, -0.05319]]}}