{"graph": "k5", "genus": 2, "class": 17, "representative": {"1": [2, 3, 4, 5], "2": [1, 3, 4, 5], "3": [1, 2, 5, 4], "4": [1, 3, 2, 5], "5": [1, 4, 3, 2]}, "vertices": {"1": [-0.85889, 0.84111, 0.0], "2": [0.6524, -0.81538, 0.0], "3": [0.92834, 0.83824, 0.0], "4": [-0.85889, -0.84111, 0.0], "5": [-0.91863, 0.35715, -0.09427]}, "edges": {"1-2": [[-0.85889, 0.84111, 0.0], [-0.40757, 0.70909, 0.01701], [-0.12654, 0.41101, 0.02556], [0.0, 0.11738, 0.0997], [0.07186, -0.12143, -0.14239], [0.1922, -0.21188, -0.22449], [0.34901, -0.23777, -0.247], [0.45193, -0.22771, -0.21451], [0.51313, -0.21721, -0.16742], [0.57163, -0.23067, -0.10839], [0.58071, -0.2163, -0.06566], [0.60099, -0.22793, -0.01765], [0.62586, -0.25506, 0.03087], [0.62945, -0.26969, 0.07159], [0.61466, -0.27687, 0.11001], [0.60146, -0.29141, 0.14309], [0.60927, -0.36951, 0.20114], [0.59665, -0.43209, 0.23311], [0.6085, -0.50962, 0.24757], [0.56984, -0.55899, 0.24602], [0.5534, -0.62746, 0.22528], [0.59768, -0.7078, 0.1887], [0.61111, -0.7612, 0.13621], [0.63624, -0.79768, 0.07922], [0.6524, -0.81538, 0.0]], "2-3": [[0.6524, -0.81538, 0.0], [0.48469, -0.73639, 0.08538], [0.37771, -0.61068, 0.16618], [0.30378, -0.44915, 0.21697], [0.32565, -0.37559, 0.24146], [0.31465, -0.27648, 0.24812], [0.37033, -0.2311, 0.24331], [0.3925, -0.1666, 0.22906], [0.42291, -0.12287, 0.20607], [0.45081, -0.09355, 0.17813], [0.45879, -0.08203, 0.16752], [0.46506, -0.07145, 0.1581], [0.47341, -0.06213, 0.14538], [0.4811, -0.05493, 0.13247], [0.48709, -0.0465, 0.12052], [0.49258, -0.0384, 0.1082], [0.50012, -0.03371, 0.08985], [0.50664, -0.02917, 0.06947], [0.5112, -0.0199, 0.04811], [0.51344, -0.01209, 0.03224], [0.51483, -0.0044, 0.01624], [0.51533, 0.0, 0.0], [0.42514, 0.25047, -0.23136], [0.46777, 0.63868, -0.19332], [0.92834, 0.83824, 0.0]], "3-5": [[0.92834, 0.83824, 0.0], [1.25735, -0.0615, 0.16159], [0.80396, -0.55894, -0.24688], [0.0, -0.01665, -0.1531], [-0.08932, 0.29281, 0.09223], [-0.19841, 0.43563, 0.14947], [-0.30189, 0.51418, 0.18556], [-0.40869, 0.56257, 0.21321], [-0.4708, 0.56794, 0.2297], [-0.52425, 0.56981, 0.23917], [-0.5435, 0.55997, 0.24363], [-0.56471, 0.55084, 0.2467], [-0.60446, 0.54643, 0.24856], [-0.64429, 0.54354, 0.24865], [-0.6829, 0.53786, 0.24737], [-0.71984, 0.52661, 0.24417], [-0.77088, 0.5028, 0.23492], [-0.80763, 0.47462, 0.22063], [-0.8408, 0.44856, 0.20329], [-0.85828, 0.41572, 0.17521], [-0.85574, 0.38319, 0.13475], [-0.89793, 0.35729, 0.08742], [-0.91567, 0.34101, 0.03265], [-0.91413, 0.34187, -0.03692], [-0.91863, 0.35715, -0.09427]], "1-3": [[-0.85889, 0.84111, 0.0], [-0.39325, 0.69887, 0.02569], [-0.12043, 0.39738, 0.03538], [0.0, 0.14839, 0.0412], [0.08153, -0.18349, -0.13892], [0.21902, -0.30336, -0.22019], [0.38508, -0.38578, -0.24808], [0.48453, -0.39435, -0.24399], [0.5813, -0.39251, -0.22235], [0.66508, -0.3824, -0.1874], [0.71002, -0.3726, -0.15929], [0.75431, -0.36404, -0.12759], [0.79874, -0.35637, -0.09255], [0.84466, -0.34825, -0.04955], [0.87758, -0.3438, -0.0194], [0.91381, -0.33932, 0.00948], [0.94842, -0.33981, 0.06204], [1.02179, -0.33789, 0.12127], [1.10231, -0.32152, 0.1617], [1.19844, -0.3015, 0.20683], [1.29713, -0.24244, 0.23134], [1.38203, -0.13472, 0.24326], [1.50558, 0.17667, 0.23622], [1.38194, 0.59693, 0.14614], [0.92834, 0.83824, 0.0]], "2-4": [[0.6524, -0.81538, 0.0], [0.31026, -0.63674, -0.01761], [0.10128, -0.36135, -0.02945], [0.0, -0.11738, 0.0997], [-0.04306, 0.09794, 0.09639], [-0.07131, 0.08371, 0.14839], [-0.12352, 0.10284, 0.19833], [-0.17518, 0.10584, 0.22801], [-0.23199, 0.09476, 0.24526], [-0.29, 0.08589, 0.2482], [-0.32222, 0.07177, 0.24352], [-0.35869, 0.05236, 0.23216], [-0.3901, 0.05124, 0.2175], [-0.42092, 0.05588, 0.19785], [-0.44157, 0.04291, 0.17895], [-0.45989, 0.03072, 0.158], [-0.48983, 0.01797, 0.11061], [-0.50879, 0.01206, 0.05755], [-0.51533, 0.0, 0.0], [-0.49009, -0.09498, 0.13098], [-0.46096, -0.24496, 0.21506], [-0.46261, -0.43738, 0.24877], [-0.46509, -0.60461, 0.2126], [-0.621, -0.77589, 0.11765], [-0.85889, -0.84111, 0.0]], "4-5": [[-0.85889, -0.84111, 0.0], [-0.90658, -0.83953, -0.01066], [-0.95534, -0.83443, -0.02368], [-1.00255, -0.82598, -0.03681], [-1.06972, -0.80652, -0.06062], [-1.15966, -0.77328, -0.07444], [-1.23556, -0.73412, -0.08778], [-1.30743, -0.67983, -0.11201], [-1.37807, -0.60627, -0.13968], [-1.43053, -0.5343, -0.16044], [-1.45854, -0.48551, -0.17254], [-1.48056, -0.4371, -0.18383], [-1.49885, -0.38517, -0.19491], [-1.51507, -0.32366, -0.2061], [-1.52634, -0.26191, -0.21529], [-1.53012, -0.21948, -0.22119], [-1.52596, -0.12585, -0.23326], [-1.50988, -0.03292, -0.24156], [-1.48238, 0.06472, -0.24638], [-1.41831, 0.16779, -0.24864], [-1.35705, 0.25401, -0.24656], [-1.25289, 0.32085, -0.23409], [-1.12432, 0.3541, -0.19863], [-1.01182, 0.36424, -0.15155], [-0.91863, 0.35715, -0.09427]], "3-4": [[0.92834, 0.83824, 0.0], [1.26364, -0.114, 0.1799], [0.7902, -0.52069, -0.23955], [0.0, 0.04917, -0.14595], [-0.11554, 0.35747, 0.08853], [-0.27259, 0.54709, 0.13406], [-0.48646, 0.66896, 0.17848], [-0.65689, 0.73536, 0.18139], [-0.80223, 0.73937, 0.19907], [-0.971, 0.71194, 0.2131], [-1.04526, 0.68864, 0.21733], [-1.12954, 0.64811, 0.22313], [-1.2167, 0.58252, 0.23142], [-1.27191, 0.52169, 0.23781], [-1.31831, 0.4691, 0.24034], [-1.37053, 0.4152, 0.2397], [-1.44855, 0.30837, 0.2378], [-1.49478, 0.19551, 0.23785], [-1.51567, 0.08174, 0.23887], [-1.52789, -0.04374, 0.2362], [-1.50835, -0.23476, 0.22856], [-1.44566, -0.4067, 0.21703], [-1.32468, -0.61138, 0.17556], [-1.15158, -0.76817, 0.09554], [-0.85889, -0.84111, 0.0]], "2-5": [[0.6524, -0.81538, 0.0], [0.30844, -0.63408, -0.02674], [0.10056, -0.35705, -0.0381], [0.0, -0.14839, 0.0412], [-0.05068, 0.1499, 0.09567], [-0.07345, 0.16811, 0.13198], [-0.1188, 0.20326, 0.17667], [-0.1625, 0.23403, 0.20405], [-0.21282, 0.26823, 0.2245], [-0.25233, 0.2916, 0.23534], [-0.28512, 0.31219, 0.24122], [-0.319, 0.3291, 0.24555], [-0.34957, 0.33684, 0.24811], [-0.36617, 0.32452, 0.24877], [-0.38151, 0.31064, 0.24774], [-0.41936, 0.32432, 0.24447], [-0.49047, 0.35587, 0.23553], [-0.51939, 0.33977, 0.22213], [-0.54895, 0.329, 0.20542], [-0.595, 0.33135, 0.1828], [-0.64423, 0.32456, 0.14351], [-0.70668, 0.33191, 0.10136], [-0.78269, 0.33735, 0.0337], [-0.85935, 0.346, -0.03478], [-0.91863, 0.35715, -0.09427]], "1-4": [[-0.85889, 0.84111, 0.0], [-0.85486, 0.84072, 0.01382], [-0.85121, 0.83944, 0.02849], [-0.84402, 0.83794, 0.0388], [-0.91361, 0.8369, 0.03469], [-0.98444, 0.82843, 0.03993], [-1.05388, 0.81217, 0.05372], [-1.12048, 0.78986, 0.06655], [-1.20881, 0.75663, 0.06058], [-1.28187, 0.71855, 0.05986], [-1.31699, 0.69566, 0.06323], [-1.35086, 0.67101, 0.06658], [-1.39193, 0.63863, 0.06724], [-1.43714, 0.59787, 0.06759], [-1.47412, 0.55856, 0.07034], [-1.51236, 0.51269, 0.07159], [-1.58782, 0.39718, 0.07314], [-1.62398, 0.3198, 0.07595], [-1.65523, 0.23034, 0.07673], [-1.69117, 0.05156, 0.05955], [-1.67569, -0.15338, 0.06994], [-1.61845, -0.3331, 0.07544], [-1.47695, -0.56177, 0.05384], [-1.19334, -0.77002, 0.02814], [-0.85889, -0.84111, 0.0]], "1-5": [[-0.85889, 0.84111, 0.0], [-0.87519, 0.84076, -0.00985], [-0.89447, 0.83939, -0.02198], [-0.91365, 0.83698, -0.03406], [-0.93798, 0.83122, -0.05494], [-0.91411, 0.8277, -0.075], [-0.89043, 0.82185, -0.09453], [-0.88933, 0.81305, -0.11369], [-0.90557, 0.80023, -0.13455], [-0.92436, 0.78502, -0.15397], [-0.93838, 0.77398, -0.16554], [-0.95104, 0.76193, -0.17668], [-0.95826, 0.75214, -0.18499], [-0.95324, 0.74349, -0.19289], [-0.94828, 0.73443, -0.20033], [-0.94336, 0.72499, -0.20729], [-0.94643, 0.6982, -0.22248], [-0.96402, 0.65989, -0.23693], [-0.95067, 0.62422, -0.24577], [-0.95418, 0.57729, -0.24868], [-0.95994, 0.53881, -0.24484], [-0.94521, 0.49351, -0.23141], [-0.92654, 0.43338, -0.19562], [-0.91945, 0.38448, -0.14366], [-0.91863, 0.35715, -0.09427]]}}