{"graph": "k5", "genus": 2, "class": 8, "representative": {"1": [2, 3, 4, 5], "2": [1, 3, 4, 5], "3": [1, 2, 4, 5], "4": [1, 3, 5, 2], "5": [1, 3, 2, 4]}, "vertices": {"1": [-0.81507, -0.74533, -0.19517], "2": [0.26655, 0.0, -0.24878], "3": [0.85889, 0.84111, 0.0], "4": [0.0, 0.01124, -0.1536], "5": [0.85889, -0.84111, 0.0]}, "edges": {"1-2": [[-0.81507, -0.74533, -0.19517], [-0.48919, -0.59988, -0.22199], [-0.25337, -0.28197, -0.23701], [-0.2436, 0.0, -0.24772], [-0.21071, 0.03228, -0.24225], [-0.18077, 0.08282, -0.23161], [-0.15801, 0.15268, -0.21511], [-0.14569, 0.18787, -0.20202], [-0.13811, 0.22855, -0.18724], [-0.14231, 0.30951, -0.16267], [-0.15357, 0.3642, -0.14596], [-0.15759, 0.39315, -0.13076], [-0.17391, 0.43375, -0.11909], [-0.20034, 0.48144, -0.10942], [-0.21204, 0.51047, -0.09067], [-0.21422, 0.52586, -0.06696], [-0.25601, 0.57813, -0.05356], [-0.30522, 0.63054, -0.03143], [-0.35661, 0.67468, 0.0], [-0.16994, 0.48223, 0.00906], [-0.07169, 0.29546, 0.01217], [0.0, 0.10277, 0.1147], [0.05327, -0.0761, -0.1219], [0.13252, -0.05117, -0.20843], [0.26655, 0.0, -0.24878]], "2-3": [[0.26655, 0.0, -0.24878], [0.30084, 0.31373, -0.24413], [0.52935, 0.57348, -0.239], [0.83496, 0.70354, -0.22234], [1.00546, 0.70704, -0.21227], [1.18779, 0.63793, -0.21487], [1.38078, 0.53892, -0.19227], [1.4509, 0.47339, -0.18559], [1.5154, 0.39568, -0.17761], [1.56922, 0.30852, -0.16949], [1.58705, 0.27644, -0.1646], [1.6033, 0.24334, -0.1596], [1.6179, 0.20927, -0.15448], [1.62738, 0.18904, -0.14921], [1.63491, 0.17135, -0.14469], [1.64224, 0.15202, -0.14002], [1.64288, 0.16643, -0.13475], [1.64499, 0.17619, -0.12809], [1.6468, 0.18591, -0.12127], [1.63013, 0.2634, -0.11098], [1.60551, 0.33908, -0.10026], [1.57472, 0.41098, -0.08694], [1.42232, 0.6114, -0.06875], [1.1592, 0.78308, -0.03462], [0.85889, 0.84111, 0.0]], "3-4": [[0.85889, 0.84111, 0.0], [1.26414, 0.67976, 0.14922], [1.40444, 0.36946, 0.23971], [1.37797, 0.0932, 0.24015], [1.28387, -0.05518, 0.18726], [1.19113, -0.14015, 0.09049], [1.12306, -0.21982, -0.00754], [1.0795, -0.27803, -0.07437], [1.02035, -0.34375, -0.12928], [0.98303, -0.39597, -0.17446], [0.96479, -0.42241, -0.1931], [0.92073, -0.45517, -0.21026], [0.90173, -0.48197, -0.22389], [0.89828, -0.50342, -0.23293], [0.86049, -0.52762, -0.24022], [0.7972, -0.5515, -0.24595], [0.72999, -0.57537, -0.24877], [0.65215, -0.57699, -0.24793], [0.61094, -0.60734, -0.2405], [0.5441, -0.60584, -0.23177], [0.49273, -0.59979, -0.22295], [0.41247, -0.58155, -0.2051], [0.2447, -0.48419, -0.16088], [0.10246, -0.3171, -0.09983], [0.0, 0.01124, -0.1536]], "4-5": [[0.0, 0.01124, -0.1536], [0.30966, -0.54703, -0.16871], [0.81263, -0.65928, -0.23915], [1.17379, -0.37875, -0.2279], [1.26663, -0.13581, -0.18832], [1.21263, 0.08717, -0.09952], [1.09037, 0.25386, -0.00136], [0.9701, 0.33362, 0.06302], [0.8511, 0.38032, 0.1303], [0.66936, 0.37627, 0.18067], [0.56575, 0.34568, 0.20626], [0.47562, 0.29817, 0.22472], [0.39848, 0.23193, 0.23662], [0.34423, 0.16472, 0.24329], [0.29716, 0.08296, 0.24757], [0.26655, 0.0, 0.24878], [0.23749, -0.04256, 0.2469], [0.21508, -0.10797, 0.24132], [0.20329, -0.17993, 0.23288], [0.20512, -0.2841, 0.21765], [0.22691, -0.39638, 0.19565], [0.29754, -0.51548, 0.18183], [0.41259, -0.66302, 0.13814], [0.61539, -0.79354, 0.07334], [0.85889, -0.84111, 0.0]], "1-3": [[-0.81507, -0.74533, -0.19517], [-1.00755, -0.64149, -0.23982], [-1.14211, -0.47474, -0.24562], [-1.18429, -0.33218, -0.21373], [-1.23003, -0.13017, -0.14927], [-1.20727, 0.04826, -0.06317], [-1.15588, 0.1758, 0.02791], [-1.04322, 0.32232, 0.11419], [-0.94028, 0.41744, 0.18437], [-0.75551, 0.49932, 0.23473], [-0.61337, 0.51234, 0.2476], [-0.46395, 0.49608, 0.24525], [-0.33718, 0.45819, 0.22691], [-0.19964, 0.36696, 0.18867], [-0.08199, 0.23236, 0.11884], [0.0, -0.15145, -0.02797], [0.08262, -0.31012, -0.0507], [0.1201, -0.38934, -0.05437], [0.21175, -0.52558, -0.06039], [0.43838, -0.71618, -0.07188], [0.75298, -0.81991, -0.0834], [1.10555, -0.78457, -0.0946], [1.63395, -0.2907, -0.08035], [1.55294, 0.46512, -0.05258], [0.85889, 0.84111, 0.0]], "2-4": [[0.26655, 0.0, -0.24878], [0.37079, 0.34296, -0.24875], [0.64729, 0.55456, -0.24878], [0.96966, 0.5925, -0.24856], [1.194, 0.51861, -0.24751], [1.38311, 0.34936, -0.24592], [1.45886, 0.12732, -0.24789], [1.50029, -0.03178, -0.24373], [1.48256, -0.19469, -0.24118], [1.42367, -0.34217, -0.2393], [1.37449, -0.41519, -0.23883], [1.31531, -0.47709, -0.23933], [1.2611, -0.54208, -0.23464], [1.18646, -0.61546, -0.2256], [1.08607, -0.67787, -0.21648], [1.0104, -0.70554, -0.21254], [0.85105, -0.738, -0.20165], [0.70185, -0.74066, -0.18638], [0.54635, -0.6967, -0.18045], [0.29623, -0.56229, -0.14365], [0.11742, -0.35591, -0.09452], [0.0, -0.01124, -0.1536], [0.0, -0.00375, -0.15396], [0.0, 0.00375, -0.15396], [0.0, 0.01124, -0.1536], [0.0, 0.01124, -0.1536]], "1-5": [[-0.81507, -0.74533, -0.19517], [-0.9014, -0.79803, -0.13825], [-0.99146, -0.82041, -0.07005], [-1.10012, -0.80578, 0.0], [-0.56278, -0.76492, 0.09978], [-0.23232, -0.41009, 0.19339], [-0.2436, 0.0, 0.24772], [-0.18839, 0.0151, 0.23613], [-0.13823, 0.03361, 0.21266], [-0.09806, 0.03174, 0.18243], [-0.0822, 0.03421, 0.16622], [-0.06631, 0.03994, 0.14626], [-0.05545, 0.05646, 0.1284], [-0.04636, 0.0691, 0.11003], [-0.03935, 0.05456, 0.09718], [-0.03154, 0.03012, 0.08002], [-0.02613, 0.0268, 0.06231], [-0.01897, 0.00535, 0.05275], [0.0, -0.08498, 0.12844], [0.03359, -0.16651, -0.00602], [0.05269, -0.23949, -0.00711], [0.07512, -0.30435, -0.01289], [0.12627, -0.41155, -0.02023], [0.2056, -0.52885, -0.01723], [0.30916, -0.63593, -0.01609], [0.46435, -0.74261, -0.0102], [0.64751, -0.81399, -0.00814], [0.85889, -0.84111, 0.0]], "1-4": [[-0.81507, -0.74533, -0.19517], [-1.02601, -0.78298, -0.13605], [-1.22978, -0.74697, -0.05914], [-1.43609, -0.6118, 0.0], [-1.45019, -0.59284, 0.04331], [-1.40555, -0.61581, 0.09208], [-1.3825, -0.61273, 0.12745], [-1.44532, -0.53802, 0.14309], [-1.49265, -0.46142, 0.15868], [-1.55186, -0.35522, 0.16478], [-1.57337, -0.28988, 0.17306], [-1.60735, -0.18975, 0.17193], [-1.62258, -0.09234, 0.1749], [-1.6244, 0.00827, 0.17856], [-1.61725, 0.09343, 0.17997], [-1.59522, 0.18495, 0.18451], [-1.50595, 0.3888, 0.18833], [-1.37153, 0.54661, 0.19293], [-1.2063, 0.68104, 0.17955], [-0.97745, 0.76899, 0.16551], [-0.7131, 0.77234, 0.15619], [-0.48426, 0.70139, 0.14405], [-0.2606, 0.54452, 0.1223], [-0.10948, 0.34592, 0.08704], [0.0, 0.01124, -0.1536]], "3-5": [[0.85889, 0.84111, 0.0], [0.96867, 0.83392, 0.0], [1.07658, 0.81245, 0.0], [1.18077, 0.77709, 0.0], [1.27944, 0.72843, 0.0], [1.37092, 0.6673, 0.0], [1.45364, 0.59476, 0.0], [1.52619, 0.51204, 0.0], [1.58731, 0.42056, 0.0], [1.63597, 0.32188, 0.0], [1.68689, 0.1478, -0.00325], [1.6993, -0.03076, -0.00839], [1.67321, -0.20913, -0.01356], [1.63942, -0.31218, -0.01527], [1.59471, -0.40636, -0.01634], [1.52567, -0.51175, -0.01696], [1.44153, -0.6058, -0.01722], [1.34541, -0.68531, -0.01819], [1.2443, -0.74673, -0.01979], [1.15453, -0.78642, -0.02187], [1.06339, -0.815, -0.02056], [0.97108, -0.83324, -0.01326], [0.93533, -0.83752, -0.00741], [0.89781, -0.84018, -0.00427], [0.85889, -0.84111, 0.0]], "2-5": [[0.26655, 0.0, -0.24878], [0.21929, -0.03324, -0.24408], [0.1782, -0.06452, -0.23138], [0.14136, -0.10214, -0.21061], [0.15189, -0.11485, -0.21572], [0.16276, -0.12752, -0.22041], [0.17374, -0.14104, -0.22451], [0.20465, -0.14467, -0.23633], [0.23684, -0.15107, -0.24415], [0.26984, -0.16235, -0.24808], [0.29365, -0.1687, -0.24877], [0.31715, -0.1751, -0.24771], [0.33973, -0.15388, -0.24353], [0.37426, -0.15161, -0.23397], [0.41383, -0.16341, -0.21889], [0.43849, -0.16872, -0.20609], [0.48954, -0.1705, -0.16574], [0.53529, -0.17612, -0.10841], [0.55819, -0.17836, -0.05456], [0.58944, -0.23533, 0.0828], [0.54482, -0.3034, 0.19407], [0.52702, -0.4453, 0.24602], [0.52374, -0.60792, 0.22698], [0.66782, -0.77746, 0.13609], [0.85889, -0.84111, 0.0]]}}