{"graph": "k5", "genus": 2, "class": 24, "representative": {"1": [2, 3, 4, 5], "2": [1, 3, 4, 5], "3": [1, 4, 2, 5], "4": [1, 5, 3, 2], "5": [1, 4, 2, 3]}, "vertices": {"1": [-0.76352, 0.69237, 0.2248], "2": [0.0, 0.0, 0.15401], "3": [-0.35863, 0.0, 0.23111], "4": [-0.55159, 0.78297, 0.0], "5": [-0.46991, 0.0, 0.14331]}, "edges": {"1-2": [[-0.76352, 0.69237, 0.2248], [-0.79216, 0.69891, 0.22326], [-0.82105, 0.70539, 0.22109], [-0.85036, 0.71062, 0.21883], [-0.85911, 0.7171, 0.21523], [-0.86806, 0.72254, 0.21195], [-0.87714, 0.72778, 0.20853], [-0.87147, 0.73646, 0.20271], [-0.86542, 0.74501, 0.1964], [-0.85923, 0.75324, 0.18974], [-0.85011, 0.75947, 0.18423], [-0.84053, 0.76558, 0.17833], [-0.83035, 0.77119, 0.17237], [-0.81041, 0.77559, 0.16659], [-0.79024, 0.77929, 0.16064], [-0.77097, 0.78248, 0.1544], [-0.72503, 0.78659, 0.14012], [-0.67456, 0.78532, 0.12632], [-0.63031, 0.77947, 0.11623], [-0.56552, 0.7667, 0.09821], [-0.4761, 0.735, 0.0776], [-0.40472, 0.69722, 0.06639], [-0.23578, 0.56065, 0.03792], [-0.08755, 0.33429, 0.01506], [0.0, 0.0, 0.15401]], "2-3": [[0.0, 0.0, 0.15401], [-0.30139, 0.62568, 0.03911], [-0.74401, 0.81663, 0.08895], [-1.17229, 0.71015, 0.16755], [-1.4072, 0.41859, 0.22888], [-1.42113, 0.19824, 0.24875], [-1.33318, -0.02141, 0.21925], [-1.23555, -0.12384, 0.15343], [-1.17246, -0.16937, 0.0789], [-1.11787, -0.22816, -0.02819], [-1.10932, -0.24993, -0.07069], [-1.10018, -0.28315, -0.11556], [-1.10368, -0.31779, -0.15917], [-1.12482, -0.33977, -0.18978], [-1.1359, -0.37369, -0.21382], [-1.12715, -0.43594, -0.23541], [-1.19723, -0.49194, -0.24874], [-1.29044, -0.52994, -0.2315], [-1.35148, -0.57211, -0.18827], [-1.44524, -0.54907, -0.13186], [-1.50751, -0.51955, -0.07004], [-1.55385, -0.47382, 0.0], [-1.35536, -0.67368, 0.04581], [-1.04006, -0.80138, 0.09657], [-0.75182, -0.78912, 0.14237], [-0.41837, -0.58089, 0.20786], [-0.29526, -0.28245, 0.24584], [-0.35863, 0.0, 0.23111]], "3-5": [[-0.35863, 0.0, 0.23111], [-0.26981, 0.11911, 0.24863], [-0.21171, 0.22362, 0.23099], [-0.18352, 0.27651, 0.20737], [-0.18419, 0.29588, 0.2026], [-0.18161, 0.31258, 0.19571], [-0.17858, 0.32853, 0.18782], [-0.172, 0.33513, 0.17979], [-0.16409, 0.33693, 0.1719], [-0.1565, 0.33853, 0.16365], [-0.15118, 0.33918, 0.15766], [-0.14604, 0.33973, 0.1515], [-0.14406, 0.3444, 0.14641], [-0.14713, 0.34634, 0.14901], [-0.15023, 0.34824, 0.15159], [-0.15337, 0.35012, 0.15414], [-0.17523, 0.3587, 0.17204], [-0.19608, 0.35934, 0.18914], [-0.20975, 0.33648, 0.20645], [-0.26505, 0.27208, 0.24122], [-0.34926, 0.10798, 0.23832], [-0.45904, 0.0, 0.15761], [-0.46278, 0.0, 0.15293], [-0.4664, 0.0, 0.14816], [-0.46991, 0.0, 0.14331], [-0.46991, 0.0, 0.14331]], "1-3": [[-0.76352, 0.69237, 0.2248], [-0.52561, 0.71504, 0.1525], [-0.22633, 0.53872, 0.07068], [0.0, 0.09786, 0.11892], [0.04926, -0.12155, -0.10321], [0.09179, -0.12078, -0.1672], [0.17347, -0.20262, -0.21659], [0.26607, -0.23912, -0.24432], [0.37393, -0.26607, -0.24568], [0.47557, -0.26674, -0.2149], [0.51181, -0.24457, -0.18372], [0.55341, -0.25684, -0.15669], [0.59421, -0.26463, -0.11975], [0.62917, -0.26908, -0.07065], [0.65585, -0.27744, -0.01094], [0.68286, -0.29935, 0.04282], [0.69361, -0.34659, 0.13594], [0.73015, -0.43378, 0.20575], [0.78715, -0.55324, 0.24638], [0.88579, -0.69999, 0.22403], [1.05578, -0.77841, 0.13246], [1.25287, -0.74314, 0.0], [0.53066, -0.75893, -0.08299], [0.16318, -0.4403, -0.09237], [0.0, 0.10289, -0.1146], [-0.10761, 0.29318, 0.12666], [-0.19156, 0.23689, 0.22019], [-0.35863, 0.0, 0.23111]], "3-4": [[-0.35863, 0.0, 0.23111], [-0.30374, -0.10988, 0.24737], [-0.27015, -0.24532, 0.24459], [-0.29021, -0.39358, 0.22812], [-0.29962, -0.42814, 0.22214], [-0.30836, -0.46497, 0.21316], [-0.32109, -0.50286, 0.20291], [-0.31691, -0.50186, 0.20121], [-0.31238, -0.50108, 0.19913], [-0.30621, -0.50141, 0.19547], [-0.29936, -0.49474, 0.19495], [-0.29259, -0.48797, 0.19444], [-0.2859, -0.48111, 0.19392], [-0.27887, -0.47376, 0.19333], [-0.27192, -0.46631, 0.19273], [-0.26508, -0.45875, 0.19213], [-0.26091, -0.46969, 0.18344], [-0.25647, -0.48108, 0.17319], [-0.25267, -0.49218, 0.16233], [-0.37373, -0.64912, 0.11976], [-0.53178, -0.76605, 0.06316], [-0.79603, -0.83876, 0.0], [-0.39374, -0.67012, -0.10947], [-0.17617, -0.32327, -0.18791], [-0.21747, 0.0, -0.24389], [-0.17815, 0.073, -0.23102], [-0.15519, 0.16682, -0.21158], [-0.1478, 0.22699, -0.19531], [-0.1952, 0.44615, -0.13744], [-0.32474, 0.63401, -0.07661], [-0.55159, 0.78297, 0.0]], "2-5": [[0.0, 0.0, 0.15401], [0.02559, 0.0883, -0.03952], [0.04143, 0.13012, -0.08046], [0.05966, 0.13804, -0.11854], [0.10876, 0.21333, -0.16347], [0.16934, 0.28955, -0.19416], [0.23466, 0.33981, -0.21881], [0.35292, 0.38835, -0.24459], [0.48109, 0.40085, -0.24529], [0.56599, 0.38949, -0.22554], [0.61073, 0.373, -0.20264], [0.65817, 0.36278, -0.17407], [0.70394, 0.35142, -0.13607], [0.74966, 0.3391, -0.07848], [0.79208, 0.33983, -0.0371], [0.80946, 0.34, 0.00339], [0.88542, 0.36468, 0.10249], [0.99058, 0.4184, 0.19562], [1.10492, 0.44884, 0.2354], [1.39355, 0.40018, 0.23705], [1.62662, 0.1875, 0.15067], [1.68034, -0.18081, 0.0], [0.84516, -0.81526, -0.11021], [0.23839, -0.50881, -0.13323], [0.0, 0.15226, -0.02311], [-0.1627, 0.39069, 0.13951], [-0.28024, 0.30608, 0.24086], [-0.46991, 0.0, 0.14331]], "1-4": [[-0.76352, 0.69237, 0.2248], [-0.71934, 0.68713, 0.22372], [-0.67564, 0.6794, 0.22247], [-0.63371, 0.66963, 0.22105], [-0.62574, 0.64978, 0.22866], [-0.61866, 0.62942, 0.2351], [-0.592, 0.59702, 0.24103], [-0.55821, 0.55944, 0.24507], [-0.53629, 0.52843, 0.24733], [-0.54212, 0.51076, 0.24863], [-0.54619, 0.49952, 0.24876], [-0.55034, 0.48833, 0.24835], [-0.53629, 0.47138, 0.24788], [-0.51978, 0.45092, 0.24718], [-0.50527, 0.43036, 0.24626], [-0.51171, 0.41699, 0.24376], [-0.52621, 0.38411, 0.2341], [-0.50741, 0.31959, 0.2194], [-0.49684, 0.2514, 0.19728], [-0.50339, 0.16908, 0.14973], [-0.50522, 0.07967, 0.0953], [-0.51517, 0.0, 0.00898], [-0.84227, -0.58937, 0.24877], [-1.66604, 0.02697, 0.12469], [-0.55159, 0.78297, 0.0]], "4-5": [[-0.55159, 0.78297, 0.0], [-1.36902, 0.6623, 0.05026], [-1.67049, 0.00099, 0.11752], [-1.31284, -0.564, 0.21108], [-1.12931, -0.62601, 0.23209], [-0.95222, -0.64, 0.24275], [-0.75571, -0.57778, 0.24872], [-0.69042, -0.53876, 0.24722], [-0.62972, -0.48397, 0.2422], [-0.57763, -0.42083, 0.23338], [-0.56077, -0.3977, 0.2298], [-0.54548, -0.37411, 0.22586], [-0.52835, -0.35068, 0.22293], [-0.52759, -0.35289, 0.22397], [-0.52683, -0.35512, 0.225], [-0.52607, -0.35736, 0.226], [-0.53336, -0.37454, 0.22947], [-0.53876, -0.3923, 0.23344], [-0.54533, -0.41106, 0.2371], [-0.54867, -0.42566, 0.23997], [-0.55245, -0.44039, 0.24244], [-0.55667, -0.45524, 0.24451], [-0.46144, -0.28498, 0.22633], [-0.44415, -0.12946, 0.19227], [-0.46991, 0.0, 0.14331]], "1-5": [[-0.76352, 0.69237, 0.2248], [-0.87029, 0.58767, 0.24874], [-0.9573, 0.45094, 0.21163], [-0.9955, 0.34286, 0.10976], [-1.00812, 0.3101, 0.01712], [-1.03633, 0.31086, -0.08337], [-1.07772, 0.34077, -0.16368], [-1.11819, 0.38335, -0.21241], [-1.18104, 0.41749, -0.24014], [-1.24315, 0.46658, -0.24849], [-1.27095, 0.48417, -0.24496], [-1.28853, 0.50596, -0.2383], [-1.33607, 0.50791, -0.22573], [-1.36794, 0.51555, -0.21076], [-1.36622, 0.54958, -0.1941], [-1.35975, 0.58446, -0.17444], [-1.35034, 0.62479, -0.1444], [-1.41041, 0.59863, -0.11303], [-1.44324, 0.58876, -0.07506], [-1.45047, 0.59121, -0.04839], [-1.46526, 0.58146, -0.02226], [-1.47547, 0.5721, 0.0], [-1.69633, 0.00868, 0.04232], [-1.47738, -0.51039, 0.13408], [-1.01448, -0.72538, 0.19882], [-0.63712, -0.5913, 0.24567], [-0.44095, -0.28322, 0.2329], [-0.46991, 0.0, 0.14331]],