{"graph": "k5", "genus": 2, "class": 1, "representative": {"1": [2, 3, 4, 5], "2": [1, 3, 4, 5], "3": [1, 2, 4, 5], "4": [1, 2, 3, 5], "5": [1, 3, 2, 4]}, "vertices": {"1": [0.0, 0.12545, 0.08933], "2": [0.78128, 0.83753, 0.0], "3": [0.1632, 0.0, 0.2263], "4": [-0.22335, 0.0, 0.245], "5": [0.0, 0.0952, -0.12106]}, "edges": {"1-2": [[0.0, 0.12545, 0.08933], [0.03751, -0.09232, -0.08388], [0.05286, -0.13292, -0.10703], [0.07334, -0.11371, -0.14605], [0.08708, -0.10825, -0.16405], [0.0993, -0.10916, -0.17677], [0.11407, -0.11465, -0.18944], [0.12337, -0.11877, -0.1964], [0.13299, -0.12272, -0.20297], [0.1429, -0.12648, -0.20914], [0.14684, -0.12518, -0.21173], [0.15092, -0.11756, -0.21491], [0.15515, -0.11002, -0.21796], [0.15802, -0.10248, -0.22009], [0.161, -0.09501, -0.22215], [0.1641, -0.0876, -0.22414], [0.16596, -0.07445, -0.22573], [0.16808, -0.0614, -0.22727], [0.17048, -0.04844, -0.22876], [0.16759, -0.03188, -0.22793], [0.16511, -0.0152, -0.22709], [0.1632, 0.0, -0.2263], [0.15018, 0.32898, -0.16177], [0.35483, 0.65298, -0.08836], [0.78128, 0.83753, 0.0]], "2-3": [[0.78128, 0.83753, 0.0], [0.82811, 0.83936, 0.02429], [0.87523, 0.83575, 0.05064], [0.93366, 0.826, 0.07551], [0.96335, 0.81525, 0.09583], [0.99311, 0.80145, 0.11563], [1.02304, 0.78448, 0.13474], [1.02814, 0.7735, 0.14868], [1.02609, 0.76338, 0.16161], [1.028, 0.75214, 0.1732], [1.02392, 0.74755, 0.17858], [1.01985, 0.74277, 0.18378], [1.00585, 0.73794, 0.19042], [0.9845, 0.73414, 0.19658], [0.96343, 0.72949, 0.20243], [0.94267, 0.72403, 0.20797], [0.88519, 0.71571, 0.21576], [0.84959, 0.70687, 0.22082], [0.82502, 0.69486, 0.2263], [0.76611, 0.67688, 0.23159], [0.67619, 0.65929, 0.23122], [0.59169, 0.6159, 0.23589], [0.3721, 0.48228, 0.23078], [0.2153, 0.24894, 0.22879], [0.1632, 0.0, 0.2263]], "3-4": [[0.1632, 0.0, 0.2263], [0.15302, -0.03186, 0.221], [0.14515, -0.06999, 0.2152], [0.14134, -0.10478, 0.21035], [0.13887, -0.15911, 0.20212], [0.1402, -0.19863, 0.19594], [0.14589, -0.24322, 0.18965], [0.15458, -0.29188, 0.18158], [0.17141, -0.35301, 0.17123], [0.1948, -0.41359, 0.16058], [0.21232, -0.45229, 0.15229], [0.2294, -0.48382, 0.14576], [0.24707, -0.51294, 0.1394], [0.26647, -0.54202, 0.13241], [0.28742, -0.5702, 0.12526], [0.30987, -0.5974, 0.11798], [0.3655, -0.65196, 0.10556], [0.42196, -0.70166, 0.08379], [0.48506, -0.74439, 0.06309], [0.58248, -0.78749, 0.0566], [0.68182, -0.82048, 0.02938], [0.78128, -0.83753, 0.0], [0.35509, -0.67177, -0.02656], [0.11106, -0.37865, -0.03782], [0.0, -0.14967, 0.03631], [-0.05255, 0.13014, 0.10733], [-0.10695, 0.06683, 0.18832], [-0.22335, 0.0, 0.245]], "4-5": [[-0.22335, 0.0, 0.245], [-0.19083, -0.35467, 0.18705], [-0.40756, -0.68088, 0.10711], [-0.85889, -0.84111, 0.0], [-0.78646, -0.83332, -0.0479], [-0.74191, -0.81327, -0.09649], [-0.6818, -0.77609, -0.14282], [-0.65022, -0.74713, -0.16811], [-0.63113, -0.71828, -0.1895], [-0.55872, -0.67785, -0.19922], [-0.53935, -0.65577, -0.20757], [-0.52612, -0.63331, -0.2162], [-0.49823, -0.60573, -0.22182], [-0.45154, -0.57417, -0.22231], [-0.41369, -0.54314, -0.22317], [-0.39106, -0.51922, -0.22481], [-0.35913, -0.47301, -0.2296], [-0.31242, -0.39764, -0.23435], [-0.27239, -0.31357, -0.23791], [-0.25016, -0.24882, -0.24006], [-0.23695, -0.19103, -0.24186], [-0.23423, -0.13133, -0.2445], [-0.23238, -0.09896, -0.24522], [-0.22576, -0.04835, -0.2451], [-0.22335, 0.0, -0.245], [-0.56914, 0.22585, 0.10622], [-0.3174, 0.45407, 0.22095], [0.0, 0.0952, -0.12106]], "1-3": [[0.0, 0.12545, 0.08933], [0.04959, -0.13708, -0.09841], [0.08092, -0.16037, -0.14523], [0.14479, -0.22783, -0.1928], [0.21957, -0.28905, -0.22349], [0.2774, -0.33776, -0.23552], [0.37849, -0.39423, -0.24707], [0.42549, -0.38637, -0.2485], [0.50912, -0.4196, -0.24448], [0.58937, -0.42816, -0.23329], [0.63754, -0.43474, -0.22577], [0.69079, -0.43167, -0.21267], [0.73141, -0.41871, -0.19487], [0.77955, -0.41955, -0.18588], [0.81377, -0.4107, -0.1726], [0.83201, -0.39302, -0.15011], [0.94031, -0.35909, -0.10797], [0.99489, -0.32787, -0.07446], [1.07411, -0.271, -0.0353], [1.16319, -0.16276, 0.02766], [1.2152, -0.02507, 0.08125], [1.21856, 0.13865, 0.1382], [1.0237, 0.44078, 0.21695], [0.55503, 0.49403, 0.24847], [0.1632, 0.0, 0.2263]], "2-4": [[0.78128, 0.83753, 0.0], [0.88479, 0.84072, 0.0], [0.98791, 0.83116, 0.0], [1.08907, 0.80901, 0.0], [1.18674, 0.77459, 0.0], [1.27944, 0.72843, 0.0], [1.36577, 0.67122, 0.0], [1.44441, 0.60385, 0.0], [1.51418, 0.52732, 0.0], [1.57402, 0.44279, 0.0], [1.62301, 0.35155, 0.0], [1.66042, 0.25499, 0.0], [1.68568, 0.15455, 0.0], [1.63249, -0.32412, -0.03418], [1.30239, -0.70794, -0.05306], [0.84367, -0.83269, -0.06366], [0.42087, -0.70694, -0.06803], [0.1492, -0.4404, -0.0538], [0.0, -0.14554, -0.05037], [0.0, -0.14844, -0.04104], [0.0, -0.15074, -0.03154], [0.0, -0.15244, -0.02192], [-0.05593, 0.14889, 0.10759], [-0.10542, 0.08036, 0.18583], [-0.22335, 0.0, 0.245]], "3-5": [[0.1632, 0.0, 0.2263], [0.32377, 0.26391, 0.24874], [0.54508, 0.39546, 0.23289], [0.79734, 0.42203, 0.18544], [0.86186, 0.4003, 0.15818], [0.912, 0.37434, 0.12645], [0.95174, 0.34867, 0.09107], [0.95995, 0.33824, 0.06796], [0.97354, 0.32857, 0.0468], [1.00129, 0.31517, 0.03372], [1.00304, 0.31295, 0.02228], [1.0001, 0.31333, 0.00787], [1.00297, 0.31194, -0.00528], [1.01237, 0.308, -0.01683], [1.02192, 0.30425, -0.02835], [1.03164, 0.30066, -0.0398], [1.06437, 0.28748, -0.06917], [1.10104, 0.26766, -0.09138], [1.15854, 0.23422, -0.13018], [1.24939, 0.09647, -0.16048], [1.30376, -0.09165, -0.20692], [1.28766, -0.28106, -0.23569], [0.8585, -0.65037, -0.24192], [0.31139, -0.52852, -0.1829], [0.0, 0.0952, -0.12106]], "1-4": [[0.0, 0.12545, 0.08933], [-0.09729, 0.35051, 0.03679], [-0.28081, 0.60567, 0.0436], [-0.52006, 0.76729, 0.03405], [-0.70767, 0.82331, 0.0446], [-0.92878, 0.836, 0.03301], [-1.15395, 0.782, 0.05105], [-1.31958, 0.70002, 0.03914], [-1.45152, 0.59209, 0.04091], [-1.57757, 0.43003, 0.04217], [-1.63028, 0.32562, 0.04338], [-1.65914, 0.24486, 0.04572], [-1.68091, 0.15584, 0.04686], [-1.6936, 0.07077, 0.04103], [-1.69684, -0.01876, 0.0382], [-1.68583, -0.12395, 0.0493], [-1.62852, -0.3134, 0.07021], [-1.5551, -0.45062, 0.07569], [-1.42266, -0.59733, 0.09714], [-1.20996, -0.73518, 0.11155], [-0.93815, -0.79913, 0.13225], [-0.69027, -0.77186, 0.15098], [-0.3855, -0.58711, 0.18894], [-0.21106, -0.30882, 0.21491], [-0.22335, 0.0, 0.245]], "2-5": [[0.78128, 0.83753, 0.0], [0.87547, 0.82348, -0.09158], [0.93993, 0.78045, -0.15782], [1.01255, 0.70929, -0.20998], [1.05319, 0.65908, -0.23002], [1.07024, 0.6174, -0.24138], [1.06889, 0.58613, -0.24693], [1.03056, 0.57656, -0.24861], [0.98839, 0.56703, -0.24855], [0.9595, 0.55084, -0.24666], [0.98067, 0.53447, -0.24483], [1.00064, 0.51741, -0.24243], [1.0194, 0.49977, -0.23947], [1.08787, 0.47598, -0.24037], [1.16585, 0.43494, -0.24144], [1.2304, 0.39267, -0.24334], [1.37938, 0.1917, -0.24591], [1.43194, -0.02883, -0.24809], [1.38186, -0.27864, -0.24878], [0.91294, -0.695, -0.22565], [0.3128, -0.55141, -0.16774], [0.0, 0.07057, -0.13689], [0.0, 0.07911, -0.13214], [0.0, 0.08733, -0.12685], [0.0, 0.0952, -0.12106], [0.0, 0.0952, -0.12106]], "1-5": [[0.0, 0.12545, 0.08933], [-0.12528, 0.40834, 0.0275], [-0.40471, 0.70712, 0.01872], [-0.85889, 0.84111, 0.0], [-0.77893, 0.81025, -0.11259], [-0.78133, 0.74266, -0.1951], [-0.70399, 0.64453, -0.23857], [-0.72249, 0.5678, -0.24864], [-0.73056, 0.46925, -0.22514], [-0.72667, 0.40326, -0.18353], [-0.72651, 0.38154, -0.16237], [-0.72912, 0.36235, -0.13731], [-0.73252, 0.34553, -0.10736], [-0.73479, 0.33292, -0.07553], [-0.73463, 0.3229, -0.03465], [-0.72974, 0.31836, 0.00135], [-0.70418, 0.31359, 0.05484], [-0.68292, 0.31534, 0.0918], [-0.64459, 0.32553, 0.14437], [-0.61085, 0.37128, 0.20156], [-0.57147, 0.40055, 0.22809], [-0.49125, 0.42473, 0.24689], [-0.3606, 0.50012, 0.22131], [-0.15703, 0.39964, 0.12461], [0.0, 0.0952, -0.12106]]}}