{"graph": "k5", "genus": 2, "class": 2, "representative": {"1": [2, 3, 4, 5], "2": [1, 3, 4, 5], "3": [1, 2, 4, 5], "4": [1, 2, 3, 5], "5": [1, 4, 2, 3]}, "vertices": {"1": [1.64998, -0.06776, 0.14569], "2": [0.29442, -0.61542, -0.05446], "3": [-0.51533, 0.0, 0.0], "4": [0.60963, -0.69716, -0.19994], "5": [1.15715, -0.78646, 0.0]}, "edges": {"1-2": [[1.64998, -0.06776, 0.14569], [1.67889, -0.0214, 0.09966], [1.69474, 0.02326, 0.04934], [1.69727, 0.06768, 0.0], [1.55804, 0.43414, -0.09324], [1.23107, 0.63714, -0.20176], [0.98997, 0.62218, -0.24495], [0.69204, 0.36505, -0.15945], [0.55539, 0.21709, 0.11767], [0.20548, 0.0, 0.24117], [0.17505, -0.03925, 0.23089], [0.14937, -0.08814, 0.21645], [0.13331, -0.12846, 0.20249], [0.12217, -0.15901, 0.18937], [0.11546, -0.20411, 0.17318], [0.1145, -0.25328, 0.1558], [0.11253, -0.29515, 0.13297], [0.11103, -0.33089, 0.10517], [0.12242, -0.37119, 0.08882], [0.13318, -0.40867, 0.06354], [0.15092, -0.45084, 0.0298], [0.18646, -0.50529, 0.0], [0.19499, -0.51622, -0.00824], [0.20454, -0.52777, -0.015], [0.21443, -0.53903, -0.02174], [0.24086, -0.56737, -0.03262], [0.26887, -0.59409, -0.04343], [0.29442, -0.61542, -0.05446]], "2-3": [[0.29442, -0.61542, -0.05446], [0.14376, -0.43902, -0.03136], [0.07397, -0.29948, -0.02235], [0.0, -0.09052, 0.12459], [-0.02793, 0.0325, 0.06819], [-0.04219, 0.07881, 0.09919], [-0.05677, 0.07259, 0.12844], [-0.08452, 0.05788, 0.16723], [-0.1148, 0.07593, 0.1941], [-0.15636, 0.08227, 0.22061], [-0.18201, 0.0761, 0.23239], [-0.20819, 0.07354, 0.2408], [-0.23582, 0.06891, 0.24637], [-0.2634, 0.06129, 0.2487], [-0.28773, 0.06343, 0.24815], [-0.31379, 0.06002, 0.24487], [-0.3614, 0.04245, 0.23073], [-0.40259, 0.04041, 0.20944], [-0.43747, 0.03383, 0.18204], [-0.4635, 0.02173, 0.15277], [-0.48683, 0.01442, 0.11616], [-0.50334, 0.01304, 0.07704], [-0.50997, 0.00727, 0.05171], [-0.51399, 0.00172, 0.02581], [-0.51533, 0.0, 0.0]], "3-4": [[-0.51533, 0.0, 0.0], [-1.12899, -0.47672, 0.24478], [-1.25514, 0.6653, 0.16957], [0.0, 0.13722, 0.06992], [0.04961, -0.11724, -0.10532], [0.10028, -0.04945, -0.1836], [0.20548, 0.0, -0.24117], [0.1025, -0.03113, -0.18647], [0.04473, -0.07217, -0.10613], [0.0, 0.09052, 0.12459], [-0.12202, 0.40295, 0.02511], [-0.36782, 0.68117, 0.02629], [-0.73814, 0.82994, 0.03475], [-0.95898, 0.83427, 0.02073], [-1.17947, 0.77563, 0.03021], [-1.37743, 0.66136, 0.0188], [-1.5555, 0.47073, 0.01339], [-1.66194, 0.24986, 0.00676], [-1.7, 0.0, 0.0], [-1.40639, 0.44377, -0.22193], [-0.9881, 0.43039, -0.2036], [-0.80059, 0.33896, 0.01382], [-0.56797, 0.39894, 0.22841], [-0.23437, 0.35892, 0.21334], [0.0, -0.14647, -0.04759], [0.15593, -0.43397, -0.08506], [0.36649, -0.61968, -0.1491], [0.60963, -0.69716, -0.19994]], "4-5": [[0.60963, -0.69716, -0.19994], [0.62828, -0.67853, -0.2155], [0.67669, -0.66154, -0.2304], [0.69549, -0.62355, -0.24323], [0.71502, -0.59397, -0.24807], [0.75769, -0.57127, -0.24848], [0.81498, -0.53213, -0.24183], [0.85405, -0.49552, -0.22918], [0.85664, -0.46124, -0.21144], [0.89145, -0.42791, -0.18778], [0.87825, -0.40833, -0.16794], [0.86168, -0.3908, -0.14587], [0.89365, -0.37023, -0.11525], [0.91249, -0.35544, -0.08754], [0.91604, -0.34647, -0.06102], [0.92876, -0.33821, -0.02982], [0.92717, -0.34006, 0.04034], [0.93804, -0.35824, 0.10517], [0.95086, -0.39095, 0.15975], [0.98862, -0.46223, 0.22202], [1.03083, -0.53415, 0.24682], [1.10309, -0.6357, 0.23245], [1.12419, -0.72374, 0.17329], [1.15522, -0.76589, 0.09748], [1.15715, -0.78646, 0.0]], "1-3": [[1.64998, -0.06776, 0.14569], [1.66163, 0.01778, 0.13243], [1.66319, 0.10942, 0.11732], [1.6518, 0.2065, 0.10174], [1.64303, 0.2769, 0.06816], [1.62711, 0.33706, 0.03302], [1.56979, 0.44955, 0.0], [1.4546, 0.58919, -0.04005], [1.27473, 0.71448, -0.08349], [1.07325, 0.77748, -0.12661], [0.96892, 0.78544, -0.1469], [0.875, 0.7784, -0.16495], [0.77808, 0.75434, -0.18501], [0.72666, 0.73241, -0.19701], [0.66921, 0.69932, -0.21071], [0.61332, 0.65592, -0.22409], [0.54536, 0.57567, -0.24062], [0.48231, 0.4911, -0.24736], [0.44894, 0.38335, -0.24683], [0.43023, 0.233, -0.22579], [0.45186, 0.09688, -0.17787], [0.48535, 0.0, -0.11841], [0.28394, -0.12694, -0.24876], [0.09991, -0.1511, -0.1701], [0.0, 0.15211, -0.02409], [-1.17229, 0.68206, 0.19193], [-1.17183, -0.41689, 0.23842], [-0.51533, 0.0, 0.0]], "2-4": [[0.29442, -0.61542, -0.05446], [0.32617, -0.63969, -0.06505], [0.35885, -0.66232, -0.0739], [0.39106, -0.68269, -0.08089], [0.41543, -0.69705, -0.08497], [0.44028, -0.71049, -0.08904], [0.4724, -0.72455, -0.09757], [0.49136, -0.73072, -0.10486], [0.5058, -0.7337, -0.11248], [0.52034, -0.73616, -0.11997], [0.52656, -0.73672, -0.12366], [0.53383, -0.73708, -0.12815], [0.54112, -0.73728, -0.13258], [0.54691, -0.73694, -0.1366], [0.55271, -0.73649, -0.14056], [0.55851, -0.73592, -0.14448], [0.56408, -0.73282, -0.1512], [0.56921, -0.72907, -0.15799], [0.57527, -0.72774, -0.16211], [0.58084, -0.72538, -0.16688], [0.58641, -0.72287, -0.17154], [0.59198, -0.72021, -0.17609], [0.60829, -0.71862, -0.18282], [0.61453, -0.71126, -0.19073], [0.60963, -0.69716, -0.19994]], "3-5": [[-0.51533, 0.0, 0.0], [-1.1533, -0.44117, 0.24095], [-1.21016, 0.67867, 0.17988], [0.0, 0.15211, 0.02409], [0.07003, -0.11935, -0.14022], [0.18641, -0.09566, -0.2331], [0.36648, 0.0, -0.22783], [0.23445, 0.29968, -0.22767], [0.37815, 0.64024, -0.13602], [0.7575, 0.83498, 0.0], [0.7868, 0.83213, 0.05371], [0.84533, 0.81736, 0.10586], [0.90451, 0.78692, 0.15334], [0.92087, 0.71146, 0.21691], [0.98771, 0.61542, 0.2461], [1.04306, 0.50028, 0.24163], [1.04969, 0.42093, 0.21201], [1.04905, 0.3563, 0.1624], [1.05928, 0.30987, 0.10966], [1.07162, 0.2826, 0.07041], [1.07412, 0.26858, 0.01762], [1.09124, 0.25597, -0.03258], [1.1155, 0.24875, -0.08181], [1.14844, 0.24221, -0.12545], [1.18723, 0.23057, -0.15927], [1.26366, 0.19413, -0.20328], [1.34704, 0.18742, -0.23889], [1.43512, 0.1118, -0.24872], [1.52718, -0.01536, -0.23684], [1.59028, -0.11582, -0.19984], [1.58763, -0.27256, -0.16554], [1.51734, -0.48648, -0.10326], [1.37641, -0.65749, -0.0465], [1.15715, -0.78646, 0.0]], "1-4": [[1.64998, -0.06776, 0.14569], [1.59337, -0.1186, 0.1972], [1.5299, -0.10213, 0.23329], [1.44312, -0.1634, 0.24837], [1.39373, -0.18282, 0.2473], [1.33261, -0.20867, 0.2373], [1.27398, -0.18658, 0.20751], [1.23154, -0.20015, 0.18226], [1.19269, -0.20786, 0.14916], [1.15808, -0.21957, 0.11383], [1.14415, -0.21905, 0.08807], [1.14042, -0.20761, 0.05541], [1.13127, -0.2135, 0.0354], [1.12137, -0.22242, 0.01566], [1.11142, -0.23325, -0.01045], [1.10278, -0.24551, -0.03526], [1.08776, -0.27358, -0.07978], [1.07236, -0.30896, -0.12202], [1.04204, -0.34634, -0.14721], [1.05105, -0.39023, -0.1927], [1.01005, -0.45126, -0.21986], [0.97333, -0.51172, -0.23932], [0.84915, -0.61483, -0.24775], [0.74877, -0.67144, -0.23267], [0.60963, -0.69716, -0.19994]], "2-5": [[0.29442, -0.61542, -0.05446], [0.39033, -0.69016, -0.05832], [0.50537, -0.75324, -0.06645], [0.62197, -0.79566, -0.07295], [0.69324, -0.81189, -0.07786], [0.78955, -0.82262, -0.08666], [0.86591, -0.82585, -0.08573], [0.90761, -0.82378, -0.0875], [0.94995, -0.81923, -0.08998], [0.99929, -0.80845, -0.09904], [1.02468, -0.80182, -0.10303], [1.05298, -0.79331, -0.10747], [1.08087, -0.78372, -0.11186], [1.104, -0.77512, -0.11498], [1.12206, -0.76863, -0.11595], [1.13831, -0.76275, -0.11618], [1.15914, -0.75577, -0.11444], [1.18626, -0.74536, -0.11278], [1.21301, -0.73396, -0.11112], [1.22539, -0.73198, -0.1034], [1.24786, -0.72543, -0.09286], [1.27398, -0.71592, -0.081], [1.26456, -0.73147, -0.04802], [1.20748, -0.76349, -0.02995], [1.15715, -0.78646, 0.0]],