{"graph": "k5", "genus": 2, "class": 27, "representative": {"1": [2, 3, 4, 5], "2": [1, 3, 5, 4], "3": [1, 2, 4, 5], "4": [1, 3, 2, 5], "5": [1, 3, 4, 2]}, "vertices": {"1": [1.7, -0.0, 0.0], "2": [0.0, -0.11162, -0.10611], "3": [0.42947, 0.0, 0.18802], "4": [-0.36687, -0.63413, 0.13293], "5": [-0.88772, 0.39931, -0.15822]}, "edges": {"1-2": [[1.7, -0.0, 0.0], [1.46609, -0.27007, 0.23807], [1.10752, -0.31258, 0.15707], [0.95677, -0.3537, -0.10543], [0.90946, -0.42551, -0.18722], [0.8298, -0.5063, -0.23374], [0.66525, -0.56402, -0.24875], [0.60809, -0.59575, -0.24284], [0.55316, -0.60906, -0.23226], [0.5067, -0.61104, -0.22167], [0.49045, -0.61312, -0.21626], [0.45201, -0.60578, -0.20739], [0.41287, -0.59429, -0.19794], [0.41692, -0.59743, -0.19786], [0.42099, -0.60055, -0.19778], [0.42508, -0.60363, -0.19771], [0.44351, -0.6125, -0.20017], [0.46213, -0.62079, -0.20258], [0.4809, -0.62848, -0.20493], [0.45298, -0.6235, -0.19722], [0.42517, -0.61696, -0.18896], [0.40055, -0.61035, -0.18075], [0.2519, -0.52503, -0.13304], [0.1149, -0.3611, -0.08264], [0.0, -0.11162, -0.10611]], "2-3": [[0.0, -0.11162, -0.10611], [0.31396, -0.57836, -0.1448], [0.74552, -0.68241, -0.22805], [1.05668, -0.47548, -0.23645], [1.19183, -0.18545, -0.13144], [1.21332, 0.02497, 0.07558], [1.24114, 0.32165, 0.23084], [1.14986, 0.58161, 0.24192], [0.8356, 0.78342, 0.15888], [0.43833, 0.72843, 0.0], [0.35138, 0.66699, -0.03853], [0.3207, 0.63197, -0.07326], [0.31972, 0.61658, -0.10239], [0.32099, 0.59515, -0.13359], [0.29948, 0.55156, -0.15666], [0.28363, 0.49601, -0.18419], [0.29062, 0.44592, -0.21211], [0.2942, 0.40462, -0.22675], [0.29993, 0.36313, -0.23745], [0.33952, 0.2902, -0.24877], [0.38652, 0.2212, -0.23851], [0.42681, 0.16582, -0.2124], [0.46825, 0.11533, -0.1663], [0.49701, 0.07868, -0.11228], [0.51722, 0.04981, -0.02919], [0.51142, 0.03273, 0.05177], [0.48101, 0.01561, 0.12663], [0.42947, 0.0, 0.18802]], "3-4": [[0.42947, 0.0, 0.18802], [0.38801, -0.04205, 0.21816], [0.34563, -0.1322, 0.24085], [0.3025, -0.20358, 0.24878], [0.25039, -0.28626, 0.23552], [0.23896, -0.38199, 0.20842], [0.2812, -0.5114, 0.17258], [0.29715, -0.58315, 0.12102], [0.35489, -0.66312, 0.06336], [0.43833, -0.72843, 0.0], [0.31508, -0.64162, -0.00455], [0.21924, -0.54589, -0.00998], [0.14134, -0.43828, -0.01234], [0.08267, -0.32338, -0.01064], [0.04118, -0.19678, -0.00586], [0.0, -0.07474, 0.13466], [-0.0247, 0.02892, 0.05621], [-0.03369, 0.02472, 0.08656], [-0.04675, 0.05005, 0.11357], [-0.07384, 0.02346, 0.15691], [-0.11176, 0.02029, 0.19454], [-0.1632, 0.0, 0.2263], [-0.15454, -0.22538, 0.20056], [-0.20497, -0.44039, 0.15316], [-0.36687, -0.63413, 0.13293]], "1-3": [[1.7, -0.0, 0.0], [1.07116, -0.33671, 0.15537], [0.65416, -0.52218, -0.24678], [0.0, -0.0, -0.15401], [-0.23833, 0.49374, 0.14703], [-0.57686, 0.66483, 0.21221], [-0.93881, 0.61369, 0.24736], [-1.13929, 0.42517, 0.23452], [-1.26165, 0.16164, 0.19188], [-1.21789, -0.06955, 0.10256], [-1.16543, -0.16463, 0.04659], [-1.08437, -0.2598, -0.01499], [-0.98409, -0.33093, -0.07075], [-0.88903, -0.3708, -0.11556], [-0.77766, -0.39496, -0.16165], [-0.61864, -0.36657, -0.19534], [-0.46648, -0.30391, -0.22951], [-0.33009, -0.17385, -0.24621], [-0.23115, 0.0, -0.24625], [-0.17438, 0.29442, -0.19632], [-0.3735, 0.65357, -0.11276], [-0.81335, 0.83988, 0.0], [-0.37751, 0.68877, 0.01997], [-0.11894, 0.39614, 0.02989], [0.0, 0.1307, 0.08146], [0.08279, -0.08201, -0.16284], [0.23644, -0.07025, -0.24644], [0.42947, 0.0, -0.18802], [0.5051, 0.0, -0.07062], [0.50456, 0.0, 0.07239], [0.42947, 0.0, 0.18802]], "2-5": [[0.0, -0.11162, -0.10611], [-0.07929, 0.24755, 0.10483], [-0.15074, 0.33557, 0.15906], [-0.24493, 0.41544, 0.19925], [-0.29967, 0.4518, 0.21417], [-0.35327, 0.45613, 0.23246], [-0.40734, 0.46153, 0.24299], [-0.44149, 0.46373, 0.24677], [-0.47819, 0.46514, 0.24863], [-0.51327, 0.462, 0.24831], [-0.53165, 0.45934, 0.24716], [-0.55153, 0.45687, 0.24526], [-0.57098, 0.45377, 0.24264], [-0.59007, 0.44994, 0.23925], [-0.6088, 0.44559, 0.2351], [-0.62659, 0.44066, 0.23026], [-0.65922, 0.43003, 0.2189], [-0.68443, 0.41101, 0.20156], [-0.70503, 0.39272, 0.18111], [-0.73574, 0.37317, 0.1488], [-0.76869, 0.35921, 0.11232], [-0.80917, 0.34611, 0.05477], [-0.84409, 0.34454, -0.02546], [-0.86874, 0.36386, -0.09876], [-0.88772, 0.39931, -0.15822]], "1-4": [[1.7, -0.0, 0.0], [1.18686, -0.76995, -0.04564], [0.37978, -0.68535, -0.04915], [0.0, -0.14442, 0.05349], [-0.03862, 0.10557, 0.08253], [-0.05066, 0.13262, 0.10247], [-0.06312, 0.11393, 0.13091], [-0.07563, 0.09711, 0.15204], [-0.09065, 0.09028, 0.17048], [-0.10447, 0.0888, 0.18413], [-0.11326, 0.09435, 0.19115], [-0.12272, 0.10065, 0.19796], [-0.13251, 0.10673, 0.20439], [-0.14168, 0.10665, 0.2104], [-0.15145, 0.09782, 0.21691], [-0.16165, 0.08916, 0.22285], [-0.17866, 0.07589, 0.2311], [-0.19629, 0.06418, 0.23772], [-0.21441, 0.05476, 0.24275], [-0.24273, 0.03411, 0.24754], [-0.27204, 0.01516, 0.24872], [-0.30196, 0.0, 0.24625], [-0.20852, -0.18082, 0.23463], [-0.23947, -0.4162, 0.19545], [-0.36687, -0.63413, 0.13293]], "3-5": [[0.42947, 0.0, 0.18802], [0.46211, 0.0, 0.15379], [0.48768, 0.0, 0.114], [0.50525, 0.0, 0.07009], [0.5049, -0.0521, -0.08299], [0.44192, -0.1086, -0.18927], [0.31415, -0.16999, -0.24783], [0.17671, -0.19973, -0.21876], [0.07218, -0.16138, -0.13219], [0.0, 0.15381, 0.0078], [-0.08286, 0.31397, 0.04433], [-0.13192, 0.41438, 0.04628], [-0.27229, 0.59384, 0.0561], [-0.34614, 0.65785, 0.05877], [-0.42557, 0.71419, 0.05318], [-0.51347, 0.7617, 0.04842], [-0.61853, 0.80161, 0.04576], [-0.76698, 0.8292, 0.05794], [-0.90579, 0.83653, 0.0402], [-1.22412, 0.75434, 0.03858], [-1.48462, 0.56101, 0.01881], [-1.65597, 0.26857, 0.0], [-1.54798, 0.45411, -0.08738], [-1.37767, 0.57062, -0.17291], [-1.27586, 0.55788, -0.22593], [-1.10962, 0.53524, -0.24878], [-0.98212, 0.47639, -0.22768], [-0.88772, 0.39931, -0.15822]], "1-5": [[1.7, -0.0, 0.0], [1.16939, -0.7755, -0.05323], [0.37276, -0.67833, -0.05685], [0.0, -0.15223, 0.02332], [-0.04894, 0.14819, 0.09222], [-0.06488, 0.16724, 0.11786], [-0.09453, 0.17147, 0.15938], [-0.12429, 0.19311, 0.1842], [-0.16823, 0.22627, 0.20933], [-0.20778, 0.24965, 0.22554], [-0.22852, 0.25978, 0.23214], [-0.25131, 0.26633, 0.23842], [-0.27933, 0.27875, 0.24354], [-0.30974, 0.29195, 0.24701], [-0.33797, 0.29548, 0.24869], [-0.35737, 0.28484, 0.24829], [-0.42797, 0.30729, 0.24065], [-0.47822, 0.30539, 0.22586], [-0.50989, 0.28454, 0.20424], [-0.56387, 0.28872, 0.1722], [-0.61614, 0.28873, 0.12496], [-0.67959, 0.30357, 0.06635], [-0.76131, 0.32995, -0.01614], [-0.83061, 0.36264, -0.09817], [-0.88772, 0.39931, -0.15822]], "2-4": [[0.0, -0.11162, -0.10611], [-0.1542, 0.34915, 0.15561], [-0.39328, 0.50009, 0.23156], [-0.63324, 0.52424, 0.24784], [-0.81259, 0.48175, 0.22394], [-0.92052, 0.40612, 0.17008], [-1.01514, 0.32804, 0.09726], [-1.07207, 0.27275, 0.03607], [-1.12989, 0.214, -0.02948], [-1.18141, 0.16295, -0.09242], [-1.21322, 0.13559, -0.12863], [-1.24622, 0.07595, -0.15112], [-1.28075, 0.05652, -0.18467], [-1.30558, 0.01911, -0.20199], [-1.33563, -0.01343, -0.2204], [-1.36722, -0.10171, -0.23755], [-1.38754, -0.20498, -0.24749], [-1.37417, -0.32919, -0.24804], [-1.33794, -0.46537, -0.23704], [-1.24932, -0.61278, -0.20944], [-1.16208, -0.72277, -0.15886], [-0.97847, -0.81089, -0.10107], [-0.91906, -0.82913, -0.06916], [-0.86254, -0.83878, -0.03392], [-0.81335, -0.83988, 0.0], [-0.61477, -0.80159, 0.03966], [-0.4705, -0.72126, 0.10215], [-0.36687, -0.63413, 0.13293]],