{"graph": "k5", "genus": 2, "class": 22, "representative": {"1": [2, 3, 4, 5], "2": [1, 3, 4, 5], "3": [1, 4, 2, 5], "4": [1, 2, 3, 5], "5": [1, 3, 2, 4]}, "vertices": {"1": [-0.89898, 0.34664, -0.05154], "2": [-0.54694, 0.17943, -0.0886], "3": [0.50033, 0.0, 0.08509], "4": [-0.46174, 0.09553, 0.16759], "5": [1.64927, 0.28768, 0.0]}, "edges": {"1-2": [[-0.89898, 0.34664, -0.05154], [-0.8829, 0.34287, -0.0088], [-0.83197, 0.3426, 0.00698], [-0.78705, 0.34263, 0.0566], [-0.75704, 0.34193, 0.08002], [-0.7332, 0.33976, 0.09465], [-0.7094, 0.33166, 0.09829], [-0.69591, 0.32427, 0.09624], [-0.68276, 0.31635, 0.09418], [-0.6707, 0.31032, 0.09623], [-0.66558, 0.30725, 0.09642], [-0.66051, 0.30409, 0.0966], [-0.65549, 0.30085, 0.09679], [-0.65128, 0.29734, 0.09557], [-0.64713, 0.29378, 0.09435], [-0.64303, 0.29016, 0.09313], [-0.63734, 0.28324, 0.08788], [-0.6291, 0.2723, 0.0786], [-0.61997, 0.25991, 0.06803], [-0.60807, 0.24158, 0.04802], [-0.59935, 0.22737, 0.02716], [-0.59825, 0.22415, 0.01036], [-0.59722, 0.22368, -0.01842], [-0.57297, 0.20124, -0.05467], [-0.54694, 0.17943, -0.0886]], "2-3": [[-0.54694, 0.17943, -0.0886], [-0.56985, 0.19029, 0.03517], [-0.55181, 0.22952, 0.135], [-0.5051, 0.27827, 0.20412], [-0.48537, 0.35196, 0.23587], [-0.39755, 0.34582, 0.24828], [-0.35621, 0.39283, 0.24456], [-0.30323, 0.38724, 0.23383], [-0.2761, 0.40288, 0.22], [-0.24866, 0.39757, 0.20833], [-0.23448, 0.3914, 0.20244], [-0.22082, 0.3877, 0.19516], [-0.20789, 0.39118, 0.18426], [-0.18952, 0.37864, 0.17513], [-0.17181, 0.36515, 0.1655], [-0.15482, 0.35077, 0.15541], [-0.1283, 0.32432, 0.13799], [-0.10696, 0.30313, 0.11914], [-0.08965, 0.28189, 0.10197], [-0.06232, 0.2048, 0.04162], [-0.00988, 0.01735, -0.12028], [0.0, -0.01124, -0.1536], [1.0045, -0.66373, -0.23301], [1.17467, 0.27787, -0.18003], [0.50033, 0.0, 0.08509]], "3-5": [[0.50033, 0.0, 0.08509], [0.50895, -0.02852, 0.0608], [0.51749, -0.0572, 0.03587], [0.52323, -0.07426, 0.0105], [0.53218, -0.10757, 0.01412], [0.53986, -0.13002, 0.02167], [0.54554, -0.14616, 0.03306], [0.54979, -0.16821, 0.06392], [0.55583, -0.19953, 0.09605], [0.5493, -0.21513, 0.12458], [0.53912, -0.22357, 0.14498], [0.54497, -0.24928, 0.15883], [0.55564, -0.27713, 0.17011], [0.57435, -0.32131, 0.18781], [0.5943, -0.36393, 0.204], [0.59482, -0.39261, 0.21838], [0.65293, -0.47635, 0.23772], [0.722, -0.56565, 0.24856], [0.81677, -0.63754, 0.24438], [1.11653, -0.70831, 0.18934], [1.39004, -0.61449, 0.11634], [1.64927, -0.28768, 0.0], [1.69431, -0.09765, 0.0], [1.69431, 0.09765, 0.0], [1.64927, 0.28768, 0.0], [1.64927, 0.28768, 0.0]], "1-3": [[-0.89898, 0.34664, -0.05154], [-0.92227, 0.479, -0.22355], [-0.92637, 0.72359, -0.20936], [-0.85889, 0.84111, 0.0], [-0.76549, 0.8359, 0.00261], [-0.67372, 0.8204, 0.00623], [-0.58913, 0.79661, 0.00584], [-0.50943, 0.76494, 0.00806], [-0.42993, 0.72327, 0.01031], [-0.35535, 0.67335, 0.01255], [-0.31806, 0.64366, 0.01425], [-0.28745, 0.61649, 0.01615], [-0.24932, 0.57866, 0.01766], [-0.21249, 0.53718, 0.01788], [-0.17836, 0.49387, 0.01159], [-0.14888, 0.45009, 0.01517], [-0.10888, 0.37887, 0.02047], [-0.08259, 0.32256, 0.01538], [-0.05773, 0.25579, 0.00771], [-0.04228, 0.20084, 0.00923], [-0.02212, 0.14019, 0.03356], [0.0, 0.08498, 0.12844], [0.04425, -0.08416, -0.10261], [0.09336, -0.05607, -0.17658], [0.17229, -0.07668, -0.22844], [0.35523, -0.0427, -0.23312], [0.49136, -0.01952, -0.10763], [0.50033, 0.0, 0.08509]], "3-4": [[0.50033, 0.0, 0.08509], [0.51365, 0.0, 0.02888], [0.51365, 0.0, -0.02888], [0.50033, 0.0, -0.08509], [1.2364, 0.36754, -0.24002], [1.03096, -0.70792, -0.20819], [0.0, -0.07537, -0.1343], [-0.02364, 0.03123, -0.05126], [-0.07091, 0.23141, 0.09742], [-0.08061, 0.23969, 0.11225], [-0.08533, 0.24229, 0.11936], [-0.09237, 0.24501, 0.12955], [-0.10096, 0.2478, 0.14085], [-0.11183, 0.25516, 0.1518], [-0.12598, 0.26744, 0.16312], [-0.14092, 0.27901, 0.17387], [-0.15829, 0.27648, 0.18979], [-0.17503, 0.2673, 0.20434], [-0.19797, 0.26717, 0.21763], [-0.223, 0.26237, 0.2297], [-0.25346, 0.2465, 0.2411], [-0.29164, 0.22981, 0.248], [-0.34441, 0.16323, 0.24316], [-0.414, 0.13149, 0.21307], [-0.46174, 0.09553, 0.16759]], "4-5": [[-0.46174, 0.09553, 0.16759], [-0.44234, 0.10514, 0.18818], [-0.4111, 0.0997, 0.20987], [-0.37706, 0.09034, 0.22686], [-0.3426, 0.09212, 0.23934], [-0.31021, 0.13362, 0.24724], [-0.28193, 0.13585, 0.24878], [-0.25503, 0.13847, 0.24729], [-0.22702, 0.14522, 0.24239], [-0.19984, 0.15416, 0.23399], [-0.18594, 0.16061, 0.22801], [-0.17249, 0.16708, 0.22107], [-0.16167, 0.16599, 0.21546], [-0.14604, 0.15436, 0.20764], [-0.1327, 0.14461, 0.19989], [-0.12028, 0.13499, 0.19175], [-0.1016, 0.12665, 0.17636], [-0.08691, 0.12513, 0.16094], [-0.07191, 0.13369, 0.1396], [-0.05556, 0.15116, 0.10595], [-0.04458, 0.13398, 0.08741], [0.0, -0.15308, 0.01684], [0.42753, -0.71425, -0.05743], [1.33744, -0.68614, -0.04748], [1.64927, 0.28768, 0.0]], "1-4": [[-0.89898, 0.34664, -0.05154], [-0.96216, 0.33438, -0.05612], [-1.03558, 0.3095, -0.07886], [-1.08967, 0.28021, -0.09646], [-1.1432, 0.22025, -0.08802], [-1.18339, 0.14112, -0.07088], [-1.20198, 0.0724, -0.05898], [-1.20836, 0.00755, -0.05431], [-1.20305, -0.06008, -0.05349], [-1.1839, -0.12913, -0.05507], [-1.16707, -0.16234, -0.04849], [-1.14885, -0.1901, -0.03959], [-1.12865, -0.21777, -0.03943], [-1.10562, -0.24603, -0.04906], [-1.07746, -0.27328, -0.05599], [-1.04453, -0.29704, -0.05746], [-0.9588, -0.33153, -0.0366], [-0.88819, -0.34433, -0.03166], [-0.81108, -0.34153, -0.02546], [-0.73027, -0.31998, -0.02551], [-0.64994, -0.27421, -0.02433], [-0.57741, -0.19744, -0.01137], [-0.54376, -0.13708, -0.00693], [-0.5221, -0.06795, -0.00308], [-0.51533, 0.0, 0.0], [-0.50882, 0.04086, 0.06589], [-0.48635, 0.05525, 0.1239], [-0.46174, 0.09553, 0.16759]], "2-5": [[-0.54694, 0.17943, -0.0886], [-0.44456, 0.15626, -0.19883], [-0.29249, 0.13912, -0.24861], [-0.14216, 0.0, -0.21545], [-0.12377, -0.12541, -0.19586], [-0.12885, -0.24047, -0.17555], [-0.16786, -0.36775, -0.16006], [-0.21178, -0.46977, -0.13753], [-0.27065, -0.55767, -0.11943], [-0.32105, -0.613, -0.10996], [-0.35488, -0.64648, -0.10091], [-0.39745, -0.6828, -0.09044], [-0.44289, -0.71588, -0.07979], [-0.48805, -0.74335, -0.07117], [-0.51256, -0.75771, -0.06262], [-0.53208, -0.76858, -0.05403], [-0.5794, -0.78947, -0.04236], [-0.64431, -0.8113, -0.03081], [-0.72087, -0.82896, -0.01928], [-0.77334, -0.83647, -0.01195], [-0.81632, -0.83999, -0.00472], [-0.85889, -0.84111, 0.0], [-0.39026, -0.68001, 0.08582], [-0.1477, -0.34718, 0.14921], [-0.14216, 0.0, 0.21545], [-0.07298, 0.04751, 0.15448], [-0.04361, 0.10059, 0.09694], [0.0, -0.14174, 0.06023], [0.44211, -0.72555, -0.04646], [1.35432, -0.67583, -0.03937], [1.64927, 0.28768, 0.0]], "1-5": [[-0.89898, 0.34664, -0.05154], [-0.8461, 0.40372, 0.16246], [-0.70565, 0.55832, 0.24842], [-0.52755, 0.64197, 0.21205], [-0.31758, 0.57453, 0.1519], [-0.14551, 0.41677, 0.08487], [0.0, 0.14576, -0.04973], [0.0765, -0.22558, -0.11245], [0.16805, -0.33004, -0.1785], [0.2641, -0.40449, -0.21395], [0.32678, -0.42266, -0.23299], [0.39938, -0.44102, -0.24476], [0.47255, -0.44818, -0.24878], [0.55237, -0.4521, -0.24447], [0.6327, -0.44667, -0.23128], [0.70219, -0.42739, -0.20758], [0.77706, -0.38724, -0.15252], [0.87143, -0.35275, -0.0678], [0.94411, -0.33365, 0.0201], [1.02178, -0.34184, 0.12743], [1.14556, -0.35331, 0.20743], [1.34173, -0.30325, 0.24779], [1.53079, -0.19378, 0.22462], [1.65737, -0.01349, 0.13909], [1.64927, 0.28768, 0.0]],