{"graph": "k5", "genus": 2, "class": 15, "representative": {"1": [2, 3, 4, 5], "2": [1, 3, 4, 5], "3": [1, 2, 5, 4], "4": [1, 2, 5, 3], "5": [1, 3, 2, 4]}, "vertices": {"1": [-0.1764, -0.21083, 0.21683], "2": [0.0, -0.14576, -0.04973], "3": [-0.06528, 0.0, 0.14623], "4": [-0.99311, 0.38726, 0.1691], "5": [-0.51533, 0.0, 0.0]}, "edges": {"1-2": [[-0.1764, -0.21083, 0.21683], [-0.21056, -0.10824, 0.24015], [-0.27867, -0.05138, 0.24859], [-0.34343, 0.0, 0.2366], [-0.38109, 0.03804, 0.22162], [-0.42429, 0.08539, 0.1989], [-0.45747, 0.11814, 0.17791], [-0.51935, 0.16148, 0.12281], [-0.57307, 0.21496, 0.08249], [-0.63482, 0.26076, 0.01115], [-0.71751, 0.32778, -0.08059], [-0.80281, 0.38644, -0.14543], [-0.93247, 0.43447, -0.19719], [-1.05115, 0.44924, -0.22614], [-1.1864, 0.42979, -0.24329], [-1.33235, 0.36207, -0.24875], [-1.461, 0.23842, -0.24256], [-1.54888, 0.10186, -0.22547], [-1.59285, -0.07558, -0.20179], [-1.57517, -0.3429, -0.1455], [-1.37841, -0.64716, -0.07387], [-1.07658, -0.81245, 0.0], [-1.44699, 0.52457, 0.15357], [-0.42994, 0.64759, 0.16696], [0.0, -0.14384, -0.05502], [0.0, -0.1445, -0.05326], [0.0, -0.14514, -0.0515], [0.0, -0.14576, -0.04973], [0.0, -0.14576, -0.04973]], "2-3": [[0.0, -0.14576, -0.04973], [0.58024, -0.57537, -0.24431], [0.85655, -0.36916, 0.10995], [0.78128, -0.83753, 0.0], [0.77623, -0.83701, -0.00386], [0.77164, -0.83643, -0.00869], [0.76707, -0.83572, -0.01352], [0.75399, -0.83383, -0.01885], [0.74096, -0.83162, -0.02418], [0.728, -0.82909, -0.02949], [0.70566, -0.82492, -0.03212], [0.68397, -0.82072, -0.03117], [0.66241, -0.81596, -0.03011], [0.62026, -0.80516, -0.02578], [0.58469, -0.79394, -0.02398], [0.55559, -0.78321, -0.02473], [0.43785, -0.72683, -0.02384], [0.32985, -0.65247, -0.02355], [0.23662, -0.56428, -0.02334], [0.12274, -0.4055, -0.01828], [0.05414, -0.24459, -0.00325], [0.0, -0.04973, 0.14576], [-0.02455, 0.00744, 0.05754], [-0.03959, 0.01745, 0.10147], [-0.06528, 0.0, 0.14623]], "3-5": [[-0.06528, 0.0, 0.14623], [-0.03947, 0.0134, 0.10138], [-0.02422, 0.00578, 0.05621], [0.0, -0.03895, 0.149], [0.0331, -0.15977, -0.00248], [0.06555, -0.27945, -0.00079], [0.11785, -0.39793, 0.0], [0.08528, -0.32837, 0.01866], [0.06144, -0.25758, 0.03916], [0.04755, -0.18755, 0.06405], [0.04235, -0.1231, 0.08604], [0.03968, -0.06013, 0.09704], [0.04241, 0.0, 0.10794], [0.36228, 0.40972, 0.2434], [0.77538, 0.42786, 0.19347], [0.97711, 0.32559, 0.03746], [1.17089, 0.22494, -0.13694], [1.34977, 0.00463, -0.22717], [1.38492, -0.31869, -0.24774], [1.06935, -0.73061, -0.1835], [0.43366, -0.70783, -0.08612], [0.0, -0.12844, 0.08498], [-0.63045, 0.39128, 0.20616], [-1.29898, 0.21028, -0.22573], [-0.64119, -0.81245, 0.0], [-0.34755, -0.5462, 0.1939], [-0.40286, -0.19946, 0.23009], [-0.51533, 0.0, 0.0]], "1-3": [[-0.1764, -0.21083, 0.21683], [-0.17255, -0.19303, 0.21758], [-0.16916, -0.17516, 0.21832], [-0.16624, -0.15725, 0.21905], [-0.16216, -0.15195, 0.2175], [-0.15804, -0.14666, 0.21585], [-0.15086, -0.13657, 0.21288], [-0.14453, -0.13279, 0.20944], [-0.13831, -0.12891, 0.20587], [-0.1322, -0.12494, 0.20215], [-0.12912, -0.12112, 0.20041], [-0.12609, -0.11726, 0.19864], [-0.12309, -0.11336, 0.19684], [-0.12026, -0.10851, 0.19521], [-0.11748, -0.10361, 0.19357], [-0.11475, -0.09868, 0.1919], [-0.10966, -0.09102, 0.18847], [-0.10473, -0.08324, 0.18494], [-0.09901, -0.07452, 0.18052], [-0.09514, -0.04822, 0.17885], [-0.09219, -0.02174, 0.17716], [-0.09064, 0.0, 0.17591], [-0.08167, 0.0, 0.16647], [-0.07321, 0.0, 0.15656], [-0.06528, 0.0, 0.14623], [-0.06528, 0.0, 0.14623]], "2-4": [[0.0, -0.14576, -0.04973], [0.0, -0.14635, -0.04795], [0.0, -0.14693, -0.04616], [0.0, -0.14748, -0.04437], [-0.18946, 0.37899, 0.1749], [-0.49559, 0.55437, 0.23859], [-0.87282, 0.5466, 0.24457], [-0.98811, 0.47893, 0.2294], [-1.10306, 0.39164, 0.21161], [-1.16872, 0.2914, 0.1844], [-1.19029, 0.23301, 0.16384], [-1.21769, 0.17386, 0.1562], [-1.22868, 0.11888, 0.14254], [-1.22802, 0.08075, 0.12606], [-1.22146, 0.02984, 0.0983], [-1.21397, -0.01389, 0.07571], [-1.20651, -0.04443, 0.05819], [-1.19414, -0.08525, 0.03427], [-1.17315, -0.1389, -0.00418], [-0.99105, -0.35357, -0.12538], [-0.59016, -0.39084, -0.219], [-0.22763, 0.0, -0.24572], [-0.59642, -0.41629, -0.2277], [-1.02707, -0.35558, -0.14932], [-1.19008, -0.09866, -0.03167], [-1.20026, 0.06845, 0.04769], [-1.13252, 0.25574, 0.12023], [-0.99311, 0.38726, 0.1691]], "4-5": [[-0.99311, 0.38726, 0.1691], [-0.63414, 0.51826, 0.24726], [-0.23744, 0.39031, 0.20461], [0.0, -0.1539, -0.00562], [0.20939, -0.50388, -0.09556], [0.4756, -0.65317, -0.1862], [0.70948, -0.65785, -0.23479], [0.79394, -0.58733, -0.24878], [0.90372, -0.48143, -0.22372], [0.93552, -0.39176, -0.1568], [0.97698, -0.35042, -0.1112], [0.97359, -0.33135, -0.05895], [1.01146, -0.30782, -0.00073], [1.02114, -0.30986, 0.05528], [1.04496, -0.31862, 0.10955], [1.07554, -0.33063, 0.15188], [1.13803, -0.38054, 0.21771], [1.2453, -0.41777, 0.24769], [1.33664, -0.46738, 0.23688], [1.42707, -0.4938, 0.19013], [1.51546, -0.49443, 0.09583], [1.57402, -0.44279, 0.0], [1.36852, 0.55959, -0.18659], [0.65584, 0.40759, -0.20768], [0.4539, 0.0, 0.16368], [0.47145, -0.22195, -0.20156], [0.23057, -0.39164, -0.19993], [0.0, -0.07042, -0.13696], [-0.35948, 0.6347, 0.12468], [-1.23853, 0.71381, 0.12316], [-1.55825, -0.4673, 0.0], [-1.28076, 0.60577, -0.20153], [-0.5425, 0.39402, -0.23307], [-0.51533, 0.0, 0.0]], "1-4": [[-0.1764, -0.21083, 0.21683], [-0.1445, -0.31117, 0.16422], [-0.17486, -0.46802, 0.07727], [-0.26413, -0.59476, 0.0], [-0.67228, -0.78946, -0.11826], [-1.09849, -0.70336, -0.19793], [-1.33776, -0.40469, -0.24636], [-1.347, 0.00252, -0.2259], [-1.17217, 0.22026, -0.13436], [-0.9969, 0.31492, 0.01181], [-0.89971, 0.35791, 0.08956], [-0.77982, 0.41103, 0.17803], [-0.63096, 0.43983, 0.22911], [-0.47341, 0.42481, 0.24808], [-0.34729, 0.40085, 0.24202], [-0.23263, 0.33941, 0.21794], [-0.13811, 0.26509, 0.17618], [-0.06317, 0.1776, 0.11037], [0.0, -0.149, 0.03895], [0.30796, -0.60323, -0.10697], [0.75464, -0.76179, -0.17527], [1.13841, -0.58894, -0.24154], [1.25841, -0.18655, -0.19741], [1.19268, 0.09623, 0.04354], [1.16523, 0.43669, 0.2417], [1.09015, 0.64716, 0.22997], [0.85581, 0.79462, 0.14481], [0.57934, 0.7933, 0.0], [0.27226, 0.57943, -0.08929], [0.14481, 0.28074, -0.17688], [0.18967, 0.0, -0.2366], [0.09443, -0.05049, -0.17802], [0.04933, -0.12083, -0.10359], [0.0, 0.14384, 0.05502], [-0.09962, 0.35556, 0.03667], [-0.3048, 0.63117, 0.02483], [-0.64119, 0.81245, 0.0], [-0.29104, 0.59888, -0.08732], [-0.13827, 0.31272, -0.15673], [-0.15361, 0.0, -0.22167], [-0.39798, -0.38723, -0.24859], [-0.79505, -0.50935, -0.2359], [-1.03582, -0.3908, -0.18764], [-1.20045, -0.10786, -0.08406], [-1.17981, 0.14113, 0.05871], [-0.99311, 0.38726, 0.1691]], "2-5": [[0.0, -0.14576, -0.04973], [-0.26518, 0.47506, 0.18346], [-0.7823, 0.65794, 0.23871], [-1.29338, 0.36394, 0.24746], [-1.361, 0.1061, 0.23586], [-1.31961, -0.18643, 0.22979], [-1.10628, -0.39816, 0.21592], [-1.02491, -0.42706, 0.20952], [-0.91576, -0.44138, 0.20048], [-0.78737, -0.4349, 0.19726], [-0.73836, -0.41999, 0.19428], [-0.69544, -0.39942, 0.18986], [-0.65647, -0.3746, 0.18481], [-0.62978, -0.35543, 0.18214], [-0.60691, -0.33699, 0.18017], [-0.58547, -0.31712, 0.17818], [-0.56049, -0.27891, 0.16756], [-0.53879, -0.23333, 0.15293], [-0.52013, -0.19079, 0.14304], [-0.518, -0.11973, 0.09228], [-0.51805, -0.05614, 0.03044], [-0.51227, 0.0, -0.03892], [-0.51397, 0.0, -0.026], [-0.51499, 0.0, -0.01302], [-0.51533, 0.0, 0.0], [-0.51533, 0.0, 0.0]],