{"graph": "k5", "genus": 2, "class": 30, "representative": {"1": [2, 3, 4, 5], "2": [1, 3, 5, 4], "3": [1, 5, 2, 4], "4": [1, 2, 3, 5], "5": [1, 4, 2, 3]}, "vertices": {"1": [-1.60258, 0.20103, 0.17375], "2": [0.22335, 0.0, -0.245], "3": [0.0, 0.13337, -0.077], "4": [0.0, -0.09899, -0.11798], "5": [-0.51533, 0.0, 0.0]}, "edges": {"1-2": [[-1.60258, 0.20103, 0.17375], [-1.64538, -0.06178, 0.15246], [-1.59606, -0.31792, 0.13264], [-1.42161, -0.58539, 0.1168], [-1.2205, -0.74384, 0.08238], [-0.98194, -0.82804, 0.0443], [-0.6524, -0.81538, 0.0], [-1.32115, -0.6148, -0.17496], [-1.47905, -0.02937, -0.24714], [-1.20881, 0.30367, -0.21271], [-1.04476, 0.33455, -0.13399], [-0.91564, 0.34581, -0.05812], [-0.82768, 0.34394, 0.02989], [-0.69919, 0.3447, 0.12947], [-0.57694, 0.35226, 0.20487], [-0.46151, 0.3514, 0.24096], [-0.25003, 0.27625, 0.2368], [-0.08835, 0.13336, 0.161], [0.0, -0.09899, 0.11798], [0.41349, -0.70778, -0.04889], [1.1381, -0.77458, -0.09228], [1.6482, -0.16371, -0.12724], [1.32788, 0.60367, -0.17964], [0.53508, 0.63056, -0.21981], [0.22335, 0.0, -0.245]], "2-3": [[0.22335, 0.0, -0.245], [0.25209, 0.0, -0.24836], [0.28102, 0.0, -0.24836], [0.30975, 0.0, -0.245], [0.29696, -0.02051, -0.24696], [0.2867, -0.04018, -0.24807], [0.27781, -0.05859, -0.24864], [0.27598, -0.07054, -0.24873], [0.27439, -0.08258, -0.24877], [0.27306, -0.09471, -0.24878], [0.27294, -0.10107, -0.24877], [0.27289, -0.10745, -0.24876], [0.2729, -0.11383, -0.24874], [0.27284, -0.12014, -0.24871], [0.27298, -0.12608, -0.24868], [0.27345, -0.13112, -0.24866], [0.27175, -0.14066, -0.24852], [0.2702, -0.15027, -0.24831], [0.26846, -0.16102, -0.248], [0.25296, -0.17577, -0.24577], [0.2381, -0.19272, -0.242], [0.22426, -0.21248, -0.23659], [0.12926, -0.21092, -0.18425], [0.07118, -0.20278, -0.11414], [0.0, 0.13337, -0.077]], "3-4": [[0.0, 0.13337, -0.077], [0.21304, -0.2588, -0.22626], [0.49486, -0.12403, -0.13685], [0.39094, 0.0, 0.21545], [0.45038, 0.12188, 0.18527], [0.52386, 0.2143, 0.15495], [0.62112, 0.28371, 0.11196], [0.75362, 0.33259, 0.05107], [0.88543, 0.34271, -0.00952], [1.02947, 0.30879, -0.0671], [1.1148, 0.26595, -0.10976], [1.20905, 0.17791, -0.14854], [1.28421, 0.04105, -0.18616], [1.30696, -0.02858, -0.20333], [1.32126, -0.10172, -0.21853], [1.32265, -0.18046, -0.23005], [1.31314, -0.26862, -0.24025], [1.27438, -0.35387, -0.24438], [1.25783, -0.41637, -0.24829], [1.15829, -0.54871, -0.24662], [1.01053, -0.66244, -0.23298], [0.80789, -0.722, -0.21121], [0.48103, -0.6757, -0.16978], [0.19686, -0.4845, -0.09943], [0.0, -0.11798, -0.09899], [0.0, -0.11202, -0.10569], [0.0, -0.10569, -0.11202], [0.0, -0.09899, -0.11798], [0.0, -0.09899, -0.11798]], "4-5": [[0.0, -0.09899, -0.11798], [-0.11267, 0.31527, 0.12033], [-0.27683, 0.49708, 0.17869], [-0.51551, 0.61517, 0.22205], [-0.69072, 0.65168, 0.23533], [-0.85513, 0.62734, 0.2463], [-1.04605, 0.52724, 0.2466], [-1.11993, 0.45368, 0.23905], [-1.21146, 0.34374, 0.22783], [-1.27682, 0.20685, 0.21451], [-1.28407, 0.15031, 0.20471], [-1.28792, 0.1004, 0.19717], [-1.27979, 0.03907, 0.18199], [-1.26046, -0.03588, 0.16158], [-1.23542, -0.10315, 0.14532], [-1.21233, -0.14803, 0.13472], [-1.16854, -0.22648, 0.13542], [-1.07551, -0.29345, 0.10047], [-1.00798, -0.32664, 0.08644], [-0.90341, -0.34916, 0.06423], [-0.81069, -0.34419, 0.04442], [-0.69826, -0.30527, 0.02635], [-0.60442, -0.23193, 0.01929], [-0.53796, -0.12347, 0.01238], [-0.51533, 0.0, 0.0]], "2-4": [[0.22335, 0.0, -0.245], [0.22259, 0.32519, -0.21668], [0.41761, 0.60814, -0.19131], [0.77318, 0.78766, -0.14799], [0.91693, 0.80007, -0.13365], [1.11655, 0.77426, -0.10891], [1.28134, 0.70686, -0.09199], [1.37243, 0.64848, -0.08203], [1.44769, 0.58647, -0.07004], [1.51297, 0.51882, -0.05541], [1.54014, 0.48497, -0.04897], [1.56508, 0.4494, -0.04474], [1.58793, 0.41278, -0.04053], [1.60764, 0.37719, -0.03669], [1.62564, 0.34047, -0.03281], [1.64605, 0.29209, -0.02729], [1.67758, 0.19114, -0.01414], [1.6945, 0.09554, -0.00543], [1.7, -0.0, 0.0], [1.55566, -0.25835, 0.19787], [1.2992, -0.31535, 0.24355], [1.08498, -0.29788, 0.1192], [0.89321, -0.45271, -0.20678], [0.48043, -0.61789, -0.21072], [0.0, -0.09899, -0.11798]], "1-4": [[-1.60258, 0.20103, 0.17375], [-1.48305, 0.44607, 0.17699], [-1.31595, 0.60013, 0.18879], [-1.14363, 0.70455, 0.18387], [-1.03106, 0.74279, 0.18149], [-0.9113, 0.76459, 0.17776], [-0.78609, 0.76472, 0.17599], [-0.70845, 0.75485, 0.17446], [-0.63942, 0.74104, 0.17118], [-0.56417, 0.71162, 0.17391], [-0.52289, 0.69017, 0.17655], [-0.48353, 0.66917, 0.1769], [-0.44745, 0.6509, 0.17412], [-0.41042, 0.63102, 0.16981], [-0.37151, 0.60875, 0.16354], [-0.33384, 0.58391, 0.15707], [-0.2883, 0.54718, 0.15033], [-0.24561, 0.50606, 0.14412], [-0.18541, 0.43802, 0.13172], [-0.10523, 0.3212, 0.10199], [-0.04901, 0.15669, 0.00288], [0.0, -0.077, -0.13337], [0.0, -0.08463, -0.12867], [0.0, -0.09197, -0.12353], [0.0, -0.09899, -0.11798], [0.0, -0.09899, -0.11798]], "1-3": [[-1.60258, 0.20103, 0.17375], [-1.53117, 0.3877, 0.16774], [-1.40526, 0.55867, 0.16166], [-1.27392, 0.67185, 0.15145], [-1.18089, 0.72579, 0.14566], [-1.06869, 0.77198, 0.13702], [-0.92744, 0.8085, 0.11791], [-0.84795, 0.81137, 0.11783], [-0.75707, 0.80644, 0.11519], [-0.67993, 0.79375, 0.11357], [-0.63924, 0.78341, 0.11369], [-0.5979, 0.77136, 0.11233], [-0.55247, 0.75811, 0.10538], [-0.50477, 0.74035, 0.09874], [-0.45344, 0.71652, 0.0925], [-0.41573, 0.69296, 0.09431], [-0.35616, 0.64823, 0.09957], [-0.30177, 0.60088, 0.10163], [-0.24752, 0.55381, 0.08832], [-0.19871, 0.50252, 0.07457], [-0.15367, 0.4415, 0.06667], [-0.1232, 0.38888, 0.06622], [-0.09486, 0.33278, 0.06168], [-0.04053, 0.20997, -0.01844], [0.0, 0.13337, -0.077]], "3-5": [[0.0, 0.13337, -0.077], [-0.06216, 0.2615, 0.02134], [-0.10487, 0.35717, 0.0577], [-0.1624, 0.46096, 0.05389], [-0.22024, 0.53611, 0.05975], [-0.28817, 0.60335, 0.07186], [-0.3598, 0.66523, 0.06803], [-0.41127, 0.70278, 0.06217], [-0.47045, 0.73797, 0.05926], [-0.52222, 0.76487, 0.0517], [-0.55337, 0.77848, 0.04877], [-0.58508, 0.7908, 0.04583], [-0.62441, 0.80334, 0.04582], [-0.66658, 0.81403, 0.04803], [-0.70923, 0.82249, 0.05024], [-0.75238, 0.82872, 0.05241], [-0.81884, 0.83611, 0.04469], [-0.8865, 0.83856, 0.03224], [-0.95455, 0.83471, 0.02165], [-1.03411, 0.82122, 0.02645], [-1.11677, 0.80027, 0.01259], [-1.19676, 0.77027, 0.0], [-0.53279, 0.66256, -0.20135], [-0.41343, 0.22022, -0.22976], [-0.51533, 0.0, 0.0]], "1-5": [[-1.60258, 0.20103, 0.17375], [-1.62293, 0.05985, 0.17776], [-1.61076, -0.08766, 0.18652], [-1.54467, -0.27459, 0.20115], [-1.48673, -0.368, 0.2087], [-1.41391, -0.45384, 0.21532], [-1.32955, -0.52371, 0.22225], [-1.26967, -0.55372, 0.22904], [-1.20815, -0.57678, 0.23489], [-1.14889, -0.5927, 0.23944], [-1.11537, -0.59839, 0.24175], [-1.08199, -0.60216, 0.24374], [-1.04812, -0.60536, 0.24522], [-1.01084, -0.61096, 0.24598], [-0.97531, -0.61276, 0.24679], [-0.93941, -0.61253, 0.24747], [-0.84551, -0.59264, 0.24878], [-0.76975, -0.56108, 0.2476], [-0.74273, -0.53628, 0.24493], [-0.68085, -0.48493, 0.23697], [-0.60178, -0.38864, 0.21431], [-0.57116, -0.33195, 0.19614], [-0.52763, -0.20593, 0.14482], [-0.51158, -0.09689, 0.09042], [-0.51533, 0.0, 0.0]], "2-5": [[0.22335, 0.0, -0.245], [0.16457, -0.02162, -0.22677], [0.11328, -0.04752, -0.19477], [0.07729, -0.04082, -0.16022], [0.04998, -0.07839, -0.11548], [0.03113, -0.04015, -0.07752], [0.0, 0.09899, 0.11798], [-0.00656, 0.12192, 0.08119], [-0.02697, 0.16004, 0.02786], [-0.04134, 0.19632, 0.01277], [-0.04871, 0.22516, 0.01077], [-0.05695, 0.25289, 0.0112], [-0.06515, 0.27727, 0.01318], [-0.07702, 0.30855, 0.01676], [-0.08897, 0.33635, 0.02155], [-0.09993, 0.35979, 0.02438], [-0.14149, 0.43785, 0.01805], [-0.19615, 0.5171, 0.01591], [-0.26321, 0.59294, 0.01773], [-0.36452, 0.68019, 0.01112], [-0.50142, 0.76131, 0.0053], [-0.6524, 0.81538, 0.0], [-0.31174, 0.48444, -0.20669], [-0.40055, 0.12835, -0.21989], [-0.51533, 0.0, 0.0]]}}