{"graph": "k5", "genus": 2, "class": 3, "representative": {"1": [2, 3, 4, 5], "2": [1, 3, 4, 5], "3": [1, 2, 4, 5], "4": [1, 2, 3, 5], "5": [1, 4, 3, 2]}, "vertices": {"1": [0.3963, -0.05938, -0.21454], "2": [1.41335, -0.47621, 0.20662], "3": [-0.56886, -0.20423, -0.0737], "4": [0.0, -0.1229, -0.09281], "5": [0.0, 0.08107, -0.13094]}, "edges": {"1-2": [[0.3963, -0.05938, -0.21454], [0.43218, -0.08764, -0.19321], [0.45573, -0.0992, -0.17467], [0.47375, -0.10404, -0.15649], [0.49524, -0.11579, -0.13228], [0.51252, -0.12433, -0.10755], [0.52826, -0.13825, -0.08456], [0.54075, -0.15343, -0.06861], [0.54971, -0.16072, -0.04914], [0.56361, -0.17885, -0.02869], [0.57225, -0.19027, -0.01555], [0.58075, -0.20169, -0.00237], [0.58949, -0.21398, 0.01544], [0.59681, -0.2262, 0.03614], [0.60313, -0.23916, 0.05694], [0.60475, -0.24843, 0.07582], [0.59647, -0.26042, 0.11104], [0.6021, -0.28496, 0.13535], [0.62395, -0.3308, 0.16454], [0.64562, -0.40386, 0.20856], [0.71318, -0.4684, 0.227], [0.78817, -0.54993, 0.24588], [0.95542, -0.59632, 0.2485], [1.20873, -0.57877, 0.23419], [1.41335, -0.47621, 0.20662]], "2-3": [[1.41335, -0.47621, 0.20662], [1.37837, -0.59356, 0.15264], [1.42549, -0.60197, 0.0835], [1.4097, -0.63567, 0.0], [0.76503, -0.83467, -0.02429], [0.24007, -0.56707, -0.02962], [0.0, -0.10375, 0.11381], [-0.03388, 0.06241, 0.08157], [-0.05197, 0.10537, 0.11341], [-0.07889, 0.07945, 0.15857], [-0.09622, 0.08232, 0.17706], [-0.11562, 0.09739, 0.19275], [-0.14032, 0.12065, 0.20813], [-0.16478, 0.11748, 0.22232], [-0.19018, 0.11104, 0.23362], [-0.2166, 0.10735, 0.24172], [-0.25676, 0.0938, 0.2482], [-0.29371, 0.09209, 0.248], [-0.33821, 0.05739, 0.23916], [-0.37256, 0.04371, 0.22598], [-0.40343, 0.0256, 0.20821], [-0.42947, 0.0, 0.18802], [-0.49304, -0.071, 0.11679], [-0.54119, -0.13237, 0.01747], [-0.56886, -0.20423, -0.0737]], "3-4": [[-0.56886, -0.20423, -0.0737], [-0.64962, -0.27868, -0.04936], [-0.73663, -0.3218, -0.01851], [-0.83109, -0.34347, 0.02271], [-0.92291, -0.34211, 0.04707], [-1.01527, -0.31928, 0.07624], [-1.07901, -0.28834, 0.09586], [-1.16263, -0.23075, 0.13199], [-1.20749, -0.16, 0.13531], [-1.24723, -0.08657, 0.15517], [-1.2694, -0.01979, 0.17031], [-1.28673, 0.04634, 0.18882], [-1.29438, 0.10002, 0.20179], [-1.29193, 0.14873, 0.20931], [-1.28541, 0.20394, 0.21817], [-1.26908, 0.29124, 0.23221], [-1.16659, 0.41187, 0.23617], [-1.1081, 0.48865, 0.24489], [-0.98156, 0.57782, 0.24878], [-0.78235, 0.6423, 0.24274], [-0.5836, 0.63925, 0.22615], [-0.42507, 0.58416, 0.20878], [-0.23237, 0.45271, 0.17107], [-0.09544, 0.28071, 0.11409], [0.0, -0.1229, -0.09281]], "4-5": [[0.0, -0.1229, -0.09281], [-0.05002, 0.1502, 0.02573], [-0.09492, 0.29356, 0.10379], [-0.13374, 0.36647, 0.11587], [-0.18401, 0.43348, 0.13376], [-0.22982, 0.48857, 0.14215], [-0.26066, 0.52409, 0.14383], [-0.2809, 0.54602, 0.14413], [-0.30195, 0.56717, 0.14443], [-0.32388, 0.58752, 0.14483], [-0.33352, 0.59738, 0.14353], [-0.3441, 0.60779, 0.14216], [-0.35494, 0.61776, 0.14109], [-0.36301, 0.62545, 0.13973], [-0.37121, 0.63302, 0.13836], [-0.37952, 0.64048, 0.13699], [-0.38171, 0.64519, 0.13317], [-0.38398, 0.64983, 0.1293], [-0.38633, 0.65442, 0.1254], [-0.34896, 0.62561, 0.12557], [-0.31423, 0.59604, 0.12503], [-0.28474, 0.57432, 0.11663], [-0.16443, 0.44464, 0.08913], [-0.09459, 0.32396, 0.07314], [0.0, 0.08107, -0.13094]], "1-4": [[0.3963, -0.05938, -0.21454], [0.38171, -0.03936, -0.22136], [0.36788, -0.01904, -0.22737], [0.35477, 0.0, -0.23261], [0.35815, 0.10987, -0.23567], [0.37943, 0.22823, -0.2411], [0.43119, 0.3367, -0.2441], [0.55511, 0.47, -0.24662], [0.64005, 0.53897, -0.24855], [0.77482, 0.59175, -0.24872], [0.88372, 0.61682, -0.24752], [0.98181, 0.61361, -0.24652], [1.07242, 0.5906, -0.24621], [1.16557, 0.56814, -0.24301], [1.25724, 0.51114, -0.24246], [1.34743, 0.44981, -0.23821], [1.48112, 0.2908, -0.23013], [1.5556, 0.08378, -0.22344], [1.56848, -0.1341, -0.21222], [1.46152, -0.42797, -0.20085], [1.21473, -0.67618, -0.17997], [0.96902, -0.78128, -0.15236], [0.51405, -0.73404, -0.11864], [0.1914, -0.48847, -0.08224], [0.0, -0.1229, -0.09281]], "2-5": [[1.41335, -0.47621, 0.20662], [1.30833, -0.45157, 0.24472], [1.19184, -0.40235, 0.2387], [1.09243, -0.36319, 0.19006], [1.03531, -0.33941, 0.13369], [0.98815, -0.32871, 0.06864], [0.97836, -0.32212, 0.00135], [0.93251, -0.34035, -0.04795], [0.91707, -0.35595, -0.0907], [0.8559, -0.38623, -0.13934], [0.84832, -0.40437, -0.16313], [0.85241, -0.42691, -0.18585], [0.8225, -0.44453, -0.2012], [0.79161, -0.45892, -0.21302], [0.74958, -0.47976, -0.22768], [0.70596, -0.49588, -0.2377], [0.64517, -0.5134, -0.24613], [0.5609, -0.51497, -0.24877], [0.4936, -0.52493, -0.24426], [0.43869, -0.51929, -0.23699], [0.37727, -0.51486, -0.22181], [0.29492, -0.4827, -0.19847], [0.17251, -0.38424, -0.15541], [0.08611, -0.27102, -0.10272], [0.0, 0.08107, -0.13094]], "1-3": [[0.3963, -0.05938, -0.21454], [0.21675, -0.09489, -0.24221], [0.07735, -0.07305, -0.15746], [0.0, 0.10375, 0.11381], [-0.04336, 0.2044, 0.01353], [-0.06597, 0.27925, 0.01509], [-0.09189, 0.34214, 0.02509], [-0.13172, 0.42082, 0.02186], [-0.19024, 0.50931, 0.01719], [-0.26567, 0.59486, 0.02247], [-0.31055, 0.63676, 0.01985], [-0.35124, 0.66993, 0.01694], [-0.41128, 0.71161, 0.01468], [-0.47347, 0.74727, 0.01245], [-0.53849, 0.77748, 0.01023], [-0.59601, 0.79884, 0.00808], [-0.68032, 0.82179, 0.00871], [-0.76884, 0.83625, 0.00385], [-0.85889, 0.84111, 0.0], [-0.38706, 0.62054, -0.16384], [-0.26219, 0.22504, -0.24461], [-0.42947, 0.0, -0.18802], [-0.46935, -0.07769, -0.15433], [-0.51722, -0.14942, -0.11723], [-0.56886, -0.20423, -0.0737]], "2-4": [[1.41335, -0.47621, 0.20662], [1.61988, -0.20546, 0.15333], [1.64318, 0.26217, 0.08274], [1.4097, 0.63567, 0.0], [1.55996, 0.4633, -0.01982], [1.64533, 0.28698, -0.04413], [1.69514, 0.04749, -0.04164], [1.68433, -0.1199, -0.05862], [1.63955, -0.28057, -0.07496], [1.57859, -0.40818, -0.08148], [1.51823, -0.49749, -0.08547], [1.4591, -0.5668, -0.08664], [1.39122, -0.62995, -0.08874], [1.28347, -0.70112, -0.10106], [1.20025, -0.74426, -0.10296], [1.11818, -0.77646, -0.10339], [0.96765, -0.8182, -0.08701], [0.83568, -0.82421, -0.0893], [0.70004, -0.80678, -0.09499], [0.581, -0.77238, -0.09836], [0.43425, -0.7082, -0.08609], [0.33553, -0.63268, -0.0978], [0.18486, -0.4861, -0.07015], [0.09772, -0.33798, -0.06367], [0.0, -0.1229, -0.09281]], "3-5": [[-0.56886, -0.20423, -0.0737], [-0.55551, -0.25668, -0.15456], [-0.53835, -0.32829, -0.20992], [-0.53641, -0.4339, -0.24334], [-0.55699, -0.52352, -0.24849], [-0.57556, -0.59268, -0.24025], [-0.61027, -0.65787, -0.22267], [-0.64433, -0.7024, -0.2042], [-0.68422, -0.74132, -0.1823], [-0.68231, -0.77209, -0.14838], [-0.70379, -0.78817, -0.13188], [-0.72791, -0.80249, -0.11467], [-0.75415, -0.81484, -0.09672], [-0.76893, -0.82212, -0.08252], [-0.78369, -0.82822, -0.06803], [-0.79812, -0.83313, -0.0533], [-0.8188, -0.83771, -0.0348], [-0.83985, -0.84037, -0.01615], [-0.85889, -0.84111, 0.0], [-1.57491, -0.42083, 0.07179], [-1.58943, 0.358, 0.11383], [-1.04117, 0.79018, 0.11877], [-0.54228, 0.75286, 0.10743], [-0.18597, 0.48063, 0.08278], [0.0, 0.08107, -0.13094]], "1-5": [[0.3963, -0.05938, -0.21454], [0.48101, -0.04209, -0.12998], [0.51681, -0.03432, -0.01099], [0.48969, -0.0194, 0.11104], [0.45533, -0.01355, 0.1623], [0.41018, -0.00651, 0.20316], [0.35477, 0.0, 0.23261], [0.47908, 0.21528, 0.19398], [0.65946, 0.33234, 0.14131], [0.83341, 0.35909, 0.08893], [0.91297, 0.34613, 0.05768], [0.99073, 0.32012, 0.03623], [1.04546, 0.28859, 0.00669], [1.11076, 0.23597, -0.02804], [1.16393, 0.17146, -0.05599], [1.19879, 0.10892, -0.08047], [1.2414, -0.00637, -0.13376], [1.25068, -0.15647, -0.18121], [1.2025, -0.30807, -0.2116], [1.05978, -0.47715, -0.23733], [0.84855, -0.59949, -0.24867], [0.63763, -0.63798, -0.23455], [0.36812, -0.55262, -0.20089], [0.13005, -0.34656, -0.12569], [0.0, 0.08107, -0.13094]]}}