{"graph": "k5", "genus": 2, "class": 4, "representative": {"1": [2, 3, 4, 5], "2": [1, 3, 4, 5], "3": [1, 2, 4, 5], "4": [1, 2, 5, 3], "5": [1, 3, 4, 2]}, "vertices": {"1": [0.64642, -0.4331, -0.24484], "2": [-0.48264, -0.00156, -0.15957], "3": [0.3625, 0.00081, -0.24998], "4": [0.01869, -0.11348, 0.11407], "5": [-0.01523, -0.11791, -0.11756]}, "edges": {"1-2": [[0.64642, -0.4331, -0.24484], [0.60766, -0.49119, -0.26524], [0.55525, -0.48259, -0.26742], [0.50485, -0.47001, -0.26742], [0.45499, -0.45707, -0.26742], [0.40273, -0.44633, -0.26302], [0.35455, -0.43166, -0.25746], [0.3046, -0.41797, -0.24685], [0.25911, -0.39728, -0.23501], [0.22053, -0.37316, -0.22078], [0.18665, -0.34496, -0.20964], [0.15109, -0.31683, -0.19616], [0.1226, -0.27659, -0.18016], [0.09599, -0.23811, -0.16518], [0.06842, -0.19815, -0.14865], [0.0529, -0.15739, -0.13915], [0.03, -0.11196, -0.11253], [0.05047, -0.0575, -0.11233], [0.03717, 0.00121, -0.12168], [0.03013, 0.04536, -0.11662], [0.02448, 0.08787, -0.10592], [-0.00403, 0.116, -0.07585], [-0.01748, 0.14811, -0.04769], [-0.04363, 0.17912, -0.02472], [-0.03689, 0.23573, -0.01922], [-0.05545, 0.27672, -0.01512], [-0.06208, 0.32379, 0.02079], [-0.09866, 0.37659, 0.08111], [-0.12149, 0.41113, 0.09354], [-0.15024, 0.44638, 0.10629], [-0.17889, 0.48054, 0.11743], [-0.21369, 0.51543, 0.12525], [-0.24837, 0.54726, 0.13304], [-0.28378, 0.57913, 0.14174], [-0.32366, 0.6122, 0.15048], [-0.36627, 0.63567, 0.15994], [-0.40839, 0.65983, 0.16577], [-0.45083, 0.6833, 0.17242], [-0.49894, 0.70384, 0.17606], [-0.54513, 0.72081, 0.17972], [-0.59152, 0.73691, 0.18437], [-0.64213, 0.75066, 0.1873], [-0.69039, 0.76009, 0.1882], [-0.73853, 0.76924, 0.18938], [-0.78821, 0.77138, 0.19616], [-0.83658, 0.75951, 0.20609], [-0.8842, 0.75008, 0.21298], [-0.93084, 0.74022, 0.22018], [-0.97869, 0.7267, 0.22347], [-1.0238, 0.70636, 0.23115], [-1.06629, 0.68013, 0.23934], [-1.10928, 0.65424, 0.2433], [-1.1488, 0.62673, 0.24736], [-1.18656, 0.59729, 0.25252], [-1.22098, 0.5605, 0.25689], [-1.25399, 0.52551, 0.2588], [-1.28484, 0.48873, 0.26128], [-1.31388, 0.44953, 0.26275], [-1.33977, 0.40947, 0.26436], [-1.36293, 0.36814, 0.2666], [-1.37947, 0.32242, 0.26742], [-1.39548, 0.27825, 0.26742], [-1.40747, 0.23288, 0.26742], [-1.41518, 0.1865, 0.26742], [-1.41851, 0.13943, 0.26742], [-1.41755, 0.09213, 0.26742], [-1.40832, 0.04465, 0.26528], [-1.39943, -0.00078, 0.26241], [-1.38634, -0.0459, 0.26063], [-1.36957, -0.08955, 0.25804], [-1.34549, -0.12935, 0.25409], [-1.32198, -0.16933, 0.24961], [-1.29586, -0.20543, 0.24442], [-1.26532, -0.24006, 0.24033], [-1.23235, -0.27202, 0.2347], [-1.1948, -0.29679, 0.22769], [-1.15773, -0.32293, 0.22034], [-1.11947, -0.34305, 0.21489], [-1.0786, -0.36212, 0.2086], [-1.03851, -0.37608, 0.2046], [-0.99672, -0.38933, 0.20103], [-0.95071, -0.38201, 0.18049], [-0.90408, -0.37626, 0.16338], [-0.86142, -0.36445, 0.14378], [-0.82057, -0.35417, 0.12626], [-0.77908, -0.33454, 0.10669], [-0.74198, -0.31787, 0.08848], [-0.7043, -0.29455, 0.06998], [-0.6731, -0.26856, 0.04697], [-0.64199, -0.24384, 0.02659], [-0.61504, -0.21069, 0.00601], [-0.59029, -0.18201, -0.01957], [-0.56791, -0.14792, -0.04196], [-0.54838, -0.11738, -0.0688], [-0.52926, -0.08279, -0.09199], [-0.51171, -0.05171, -0.11978], [-0.48264, -0.00156, -0.15957]], "2-3": [[-0.48264, -0.00156, -0.15957], [-0.44448, -0.04323, -0.20462], [-0.42285, 0.00814, -0.21766], [-0.40052, 0.06183, -0.23599], [-0.38062, 0.11326, -0.24832], [-0.35776, 0.1676, -0.26042], [-0.3349, 0.22264, -0.26742], [-0.32743, 0.26846, -0.26742], [-0.31844, 0.31705, -0.26539], [-0.31689, 0.36344, -0.26014], [-0.31687, 0.41309, -0.2524], [-0.32484, 0.45771, -0.24168], [-0.33397, 0.50436, -0.22943], [-0.35073, 0.54685, -0.21776], [-0.37392, 0.58907, -0.20455], [-0.39762, 0.62939, -0.1862], [-0.42569, 0.6661, -0.17145], [-0.45754, 0.70558, -0.15406], [-0.49257, 0.73253, -0.136], [-0.52823, 0.7592, -0.11883], [-0.56402, 0.7854, -0.09716], [-0.60386, 0.80619, -0.0843], [-0.64004, 0.81876, -0.06952], [-0.67437, 0.83108, -0.05104], [-0.70745, 0.83961, -0.03707], [-0.70808, 0.84075, -0.02764], [-0.7087, 0.84189, -0.01821], [-0.70932, 0.84303, -0.00879], [-0.71006, 0.8436, 0.00486], [-0.67618, 0.83611, 0.00759], [-0.63971, 0.82807, 0.01027], [-0.60028, 0.81941, 0.01291], [-0.55583, 0.80107, 0.01471], [-0.51371, 0.78213, 0.0164], [-0.47006, 0.76249, 0.01817], [-0.42231, 0.73906, 0.01997], [-0.38272, 0.71016, 0.02107], [-0.34277, 0.68095, 0.02245], [-0.30257, 0.65152, 0.02418], [-0.26276, 0.61412, 0.02565], [-0.22908, 0.57649, 0.0271], [-0.19534, 0.53872, 0.029], [-0.16033, 0.49714, 0.03122], [-0.13423, 0.45434, 0.03306], [-0.10793, 0.41112, 0.03315], [-0.08308, 0.36666, 0.0394], [-0.07477, 0.33539, 0.06609], [-0.06394, 0.28854, 0.05992], [-0.05319, 0.24069, 0.06461], [-0.03286, 0.16075, 0.10049], [0.00305, 0.11457, 0.0673], [0.02408, 0.10034, 0.06019], [0.02841, 0.06694, 0.03945], [0.03265, 0.03379, 0.01835], [0.03683, 0.0117, -0.01088], [0.04192, -0.0107, -0.03887], [0.01273, -0.02365, -0.08674], [0.04033, -0.02725, -0.14008], [0.07245, -0.03123, -0.18053], [0.11076, -0.03195, -0.21496], [0.15432, -0.03004, -0.24137], [0.2013, -0.02578, -0.25895], [0.24982, -0.01982, -0.26742], [0.29813, -0.01303, -0.26698], [0.3625, 0.00081, -0.24998]],