{"graph": "k5", "genus": 2, "class": 18, "representative": {"1": [2, 3, 4, 5], "2": [1, 3, 4, 5], "3": [1, 2, 5, 4], "4": [1, 3, 5, 2], "5": [1, 3, 2, 4]}, "vertices": {"1": [-0.7434, 0.8361, 0.08354], "2": [0.70955, -0.84379, -0.00208], "3": [-0.74526, 0.72087, 0.22858], "4": [-0.53511, 0.00208, -0.00208], "5": [-0.79796, 0.31816, 0.02216]}, "edges": {"1-2": [[-0.7434, 0.8361, 0.08354], [-0.67508, 0.82504, 0.07307], [-0.6277, 0.81554, 0.07134], [-0.5771, 0.80135, 0.06855], [-0.53232, 0.78302, 0.064], [-0.48716, 0.76448, 0.05957], [-0.44146, 0.74599, 0.05102], [-0.3985, 0.71633, 0.05787], [-0.35956, 0.68743, 0.0594], [-0.32032, 0.6583, 0.06093], [-0.2791, 0.62467, 0.06182], [-0.24612, 0.58872, 0.06042], [-0.21311, 0.55271, 0.05909], [-0.17953, 0.51729, 0.05378], [-0.14896, 0.47451, 0.05197], [-0.12321, 0.43313, 0.05016], [-0.09703, 0.38986, 0.05252], [-0.07533, 0.34774, 0.04494], [-0.06527, 0.28432, 0.07219], [-0.05252, 0.23845, 0.06295], [-0.03995, 0.191, 0.05316], [-0.00326, 0.15149, 0.0305], [0.02474, 0.11166, 0.02717], [0.02986, 0.07182, 0.01116], [0.03509, 0.03039, -0.00532], [0.04042, -0.00587, -0.03037], [0.04715, -0.0432, -0.05504], [0.01751, -0.08456, -0.08943], [0.03304, -0.12305, -0.11527], [0.0552, -0.15929, -0.14227], [0.08648, -0.17932, -0.17536], [0.14074, -0.17511, -0.22246], [0.18807, -0.18885, -0.24473], [0.2373, -0.20026, -0.25972], [0.28683, -0.20949, -0.26742], [0.33105, -0.21817, -0.26742], [0.38391, -0.21741, -0.25864], [0.43415, -0.21551, -0.24193], [0.48062, -0.21326, -0.21745], [0.52213, -0.21162, -0.18573], [0.5576, -0.21156, -0.1477], [0.58552, -0.20982, -0.10582], [0.60887, -0.21593, -0.06481], [0.62719, -0.22587, -0.0168], [0.63899, -0.24142, 0.03247], [0.64343, -0.25832, 0.08133], [0.64639, -0.28468, 0.12769], [0.64483, -0.31774, 0.16946], [0.63949, -0.35645, 0.20512], [0.63347, -0.39289, 0.22923], [0.62803, -0.43792, 0.25015], [0.62391, -0.48733, 0.26307], [0.62012, -0.53841, 0.26742], [0.61775, -0.58964, 0.26321], [0.6177, -0.63959, 0.25097], [0.62058, -0.68708, 0.2316], [0.63261, -0.72396, 0.20926], [0.64389, -0.75932, 0.17825], [0.65737, -0.78975, 0.14261], [0.67285, -0.81446, 0.10365], [0.69057, -0.83057, 0.06627], [0.70955, -0.84379, -0.00208]], "2-3": [[0.70955, -0.84379, -0.00208], [0.64478, -0.8278, -0.02285], [0.61823, -0.82226, 0.02191], [0.57547, -0.8044, 0.05787], [0.541, -0.77903, 0.08622], [0.50834, -0.75087, 0.11799], [0.4773, -0.72078, 0.14388], [0.44744, -0.68266, 0.17078], [0.42372, -0.64413, 0.19001], [0.40486, -0.60131, 0.2106], [0.38688, -0.56021, 0.22717], [0.37481, -0.51216, 0.242], [0.36552, -0.46785, 0.25218], [0.36309, -0.42063, 0.2604], [0.35988, -0.37735, 0.26608], [0.37328, -0.32815, 0.26742], [0.38948, -0.28156, 0.26447], [0.4045, -0.23925, 0.25716], [0.42538, -0.19729, 0.24125], [0.44938, -0.16005, 0.22089], [0.47269, -0.12396, 0.19483], [0.49031, -0.0922, 0.16515], [0.50898, -0.06596, 0.12711], [0.52404, -0.03832, 0.08561], [0.53252, -0.0122, 0.04102], [0.53602, 0.00897, -0.00446], [0.5345, 0.03515, -0.04513], [0.52565, 0.06299, -0.08866], [0.51278, 0.08897, -0.1302], [0.4971, 0.12197, -0.16821], [0.47748, 0.15857, -0.20103], [0.46017, 0.19442, -0.22351], [0.44052, 0.2376, -0.2444], [0.42143, 0.2837, -0.25878], [0.408, 0.3285, -0.26609], [0.39525, 0.37781, -0.26742], [0.38682, 0.42721, -0.26323], [0.38637, 0.47331, -0.25656], [0.38829, 0.52092, -0.24386], [0.39788, 0.56819, -0.22718], [0.41368, 0.60861, -0.21008], [0.43158, 0.65006, -0.18981], [0.45511, 0.68698, -0.1719], [0.48576, 0.72277, -0.1467], [0.51766, 0.7513, -0.12391], [0.55069, 0.7795, -0.09706], [0.58618, 0.80356, -0.07372], [0.62894, 0.82218, -0.04395], [0.66967, 0.83351, -0.01894], [0.71071, 0.84312, 0.01063], [0.75234, 0.84926, 0.03603], [0.79946, 0.84781, 0.06506], [0.84231, 0.84037, 0.0881], [0.88455, 0.82753, 0.11975], [0.92733, 0.81338, 0.14437], [0.98479, 0.77556, 0.18119], [1.02343, 0.73112, 0.21351], [1.06061, 0.6843, 0.23804], [1.10733, 0.65118, 0.24491], [1.14578, 0.62093, 0.25028], [1.17779, 0.58441, 0.25747], [1.21129, 0.55111, 0.25974], [1.24282, 0.51801, 0.2615], [1.27296, 0.48463, 0.26349], [1.30221, 0.45012, 0.26452], [1.32958, 0.41581, 0.26508], [1.35631, 0.38137, 0.26576], [1.3415, 0.32926, 0.26742], [1.32609, 0.2781, 0.26369], [1.31482, 0.22988, 0.25644], [1.30003, 0.18251, 0.2421], [1.28509, 0.13541, 0.22693], [1.27484, 0.0915, 0.2099], [1.25812, 0.05079, 0.19121], [1.24528, 0.00998, 0.17219], [1.22618, -0.02584, 0.14993], [1.20957, -0.06338, 0.128], [1.18788, -0.09495, 0.10178], [1.168, -0.12988, 0.07667], [1.14437, -0.15852, 0.04718], [1.12181, -0.19198, 0.02031], [1.09611, -0.21877, -0.01068], [1.07216, -0.24736, -0.03744], [1.04276, -0.27609, -0.06839], [1.01581, -0.30224, -0.09466], [0.98495, -0.33067, -0.12445], [0.95594, -0.35569, -0.15012], [0.92375, -0.38534, -0.17787], [0.89396, -0.41596, -0.20412], [0.85416, -0.43569, -0.21853], [0.81324, -0.45871, -0.23438], [0.77422, -0.47387, -0.24441], [0.73159, -0.48625, -0.25379], [0.68698, -0.50097, -0.26025], [0.64105, -0.50813, -0.26564], [0.59197, -0.51715, -0.26742], [0.5438, -0.52022, -0.26742], [0.49269, -0.52501, -0.26252], [0.44404, -0.52479, -0.25644], [0.39365, -0.52584, -0.2436], [0.34277, -0.52262, -0.22528], [0.31265, -0.48516, -0.22724], [0.28234, -0.4477, -0.22909], [0.25184, -0.40711, -0.22819], [0.22408, -0.36797, -0.22492], [0.19627, -0.32918, -0.2215], [0.16853, -0.28788, -0.21631], [0.14393, -0.2484, -0.20813], [0.11674, -0.2098, -0.19697], [0.09917, -0.13902, -0.19762], [0.07762, -0.09706, -0.17859], [0.05612, -0.05539, -0.15957], [0.02998, -0.01439, -0.14774], [0.02762, 0.0347, -0.13441], [0.00662, 0.07441, -0.10695], [-0.00459, 0.10986, -0.07978], [-0.01454, 0.14714, -0.05022], [-0.02646, 0.18408, -0.02212], [-0.02996, 0.2267, -0.00334], [-0.07502, 0.24899, 0.02583], [-0.05609, 0.30459, 0.03569], [-0.08503, 0.33642, 0.09431], [-0.10927, 0.37869, 0.10389], [-0.1393, 0.41812, 0.11621], [-0.1707, 0.45483, 0.12891], [-0.20573, 0.49256, 0.14161], [-0.24236, 0.52431, 0.15201], [-0.28183, 0.55303, 0.16545], [-0.32007, 0.58238, 0.17526], [-0.36398, 0.61028, 0.18139], [-0.4061, 0.63483, 0.18685], [-0.44801, 0.6591, 0.19243], [-0.4962, 0.6748, 0.20283], [-0.54118, 0.68914, 0.20662], [-0.58579, 0.70337, 0.21038], [-0.63262, 0.71792, 0.21357], [-0.67755, 0.72873, 0.21267], [-0.74526, 0.72087, 0.22858]], "3-5": [[-0.74526, 0.72087, 0.22858], [-0.73173, 0.65481, 0.25676], [-0.76038, 0.62387, 0.2645], [-0.78842, 0.58734, 0.26742], [-0.81241, 0.55008, 0.26506], [-0.8321, 0.51729, 0.25805], [-0.84682, 0.48078, 0.24426], [-0.85638, 0.44548, 0.22568], [-0.86108, 0.41638, 0.20443], [-0.86156, 0.38763, 0.17477], [-0.85874, 0.3629, 0.14107], [-0.85367, 0.34306, 0.10435], [-0.84746, 0.3317, 0.06918], [-0.79796, 0.31816, 0.02216]], "1-3": [[-0.7434, 0.8361, 0.08354], [-0.73898, 0.80397, 0.14795], [-0.69163, 0.79733, 0.14211], [-0.64548, 0.79066, 0.13676], [-0.5981, 0.78212, 0.13186], [-0.59378, 0.77851, 0.13454], [-0.58946, 0.7749, 0.13722], [-0.58514, 0.77129, 0.1399], [-0.58082, 0.76768, 0.14258], [-0.57649, 0.76407, 0.14526], [-0.57217, 0.76046, 0.14795], [-0.61703, 0.76673, 0.16392], [-0.66239, 0.7693, 0.17165], [-0.71081, 0.77336, 0.17845], [-0.76078, 0.77754, 0.18548], [-0.74526, 0.72087, 0.22858]],