{"graph": "k5", "genus": 2, "class": 0, "representative": {"1": [2, 3, 4, 5], "2": [1, 3, 4, 5], "3": [1, 2, 4, 5], "4": [1, 2, 3, 5], "5": [1, 2, 3, 4]}, "vertices": {"1": [-1.448, -0.58477, 0.07331], "2": [0.2436, 0.0, -0.24772], "3": [0.78128, 0.83753, 0.0], "4": [0.55231, -0.18052, -0.077], "5": [-0.2436, 0.0, 0.24772]}, "edges": {"1-2": [[-1.448, -0.58477, 0.07331], [-1.27592, -0.72488, 0.04878], [-1.04645, -0.81871, 0.02436], [-0.80607, -0.83946, 0.0], [-0.83126, -0.83085, -0.06914], [-0.88087, -0.8022, -0.13312], [-0.93596, -0.75863, -0.18144], [-0.85813, -0.73445, -0.20419], [-0.80854, -0.70319, -0.22181], [-0.81821, -0.67356, -0.23472], [-0.79645, -0.65999, -0.23855], [-0.76235, -0.64964, -0.24029], [-0.7272, -0.63855, -0.24152], [-0.68714, -0.62394, -0.24267], [-0.65298, -0.60276, -0.24475], [-0.62094, -0.57779, -0.24664], [-0.54737, -0.52905, -0.24784], [-0.48058, -0.46814, -0.2486], [-0.41899, -0.39541, -0.24878], [-0.32486, -0.27152, -0.24869], [-0.27763, -0.15759, -0.24858], [-0.2436, 0.0, -0.24772], [-0.1985, 0.3428, -0.19716], [-0.47786, 0.71689, -0.11706], [-1.01649, 0.82622, 0.0], [-0.47994, 0.74912, 0.02822], [-0.14489, 0.43964, 0.03602], [0.0, 0.15244, 0.02192], [0.05469, -0.13656, -0.10952], [0.11625, -0.08189, -0.19475], [0.2436, 0.0, -0.24772]], "2-3": [[0.2436, 0.0, -0.24772], [0.23989, 0.1845, -0.24294], [0.3188, 0.38698, -0.23811], [0.45352, 0.5436, -0.23353], [0.60232, 0.63297, -0.23167], [0.77253, 0.69739, -0.22295], [0.93301, 0.72246, -0.20966], [1.07489, 0.68852, -0.21255], [1.19552, 0.63281, -0.21542], [1.33316, 0.56903, -0.19965], [1.39099, 0.52638, -0.19368], [1.43842, 0.47928, -0.19075], [1.48406, 0.42453, -0.18763], [1.51707, 0.37623, -0.18548], [1.54848, 0.32252, -0.18261], [1.58333, 0.25452, -0.17631], [1.62575, 0.14072, -0.1637], [1.64119, 0.06295, -0.1576], [1.64956, -0.00236, -0.15017], [1.65455, -0.04204, -0.14176], [1.6552, -0.09838, -0.13334], [1.65149, -0.15495, -0.12469], [1.61432, 0.31961, -0.0997], [1.32727, 0.68978, -0.05999], [0.78128, 0.83753, 0.0]], "3-4": [[0.78128, 0.83753, 0.0], [0.78468, 0.83186, 0.05411], [0.81762, 0.81589, 0.107], [0.85363, 0.78619, 0.15591], [0.85277, 0.75994, 0.18383], [0.79277, 0.72502, 0.20851], [0.80094, 0.69088, 0.22737], [0.80039, 0.66809, 0.23613], [0.76816, 0.64933, 0.24059], [0.73223, 0.63089, 0.24347], [0.70707, 0.6168, 0.24506], [0.6839, 0.60082, 0.24652], [0.66181, 0.58385, 0.24763], [0.63265, 0.56598, 0.24819], [0.60485, 0.54667, 0.24856], [0.57959, 0.52842, 0.24872], [0.51859, 0.48029, 0.24875], [0.46124, 0.42401, 0.24854], [0.39753, 0.35254, 0.2485], [0.32018, 0.24267, 0.24878], [0.27794, 0.14249, 0.24871], [0.2436, 0.0, 0.24772], [0.42283, -0.08613, 0.20008], [0.52951, -0.13353, 0.07588], [0.55231, -0.18052, -0.077]], "4-5": [[0.55231, -0.18052, -0.077], [0.56059, -0.18524, -0.06093], [0.57122, -0.19554, -0.04593], [0.58791, -0.21409, -0.02982], [0.60932, -0.23617, 0.0048], [0.62944, -0.26003, 0.03997], [0.63267, -0.27205, 0.0707], [0.62091, -0.2792, 0.10513], [0.61018, -0.29239, 0.13574], [0.61929, -0.33407, 0.17044], [0.62618, -0.36646, 0.19197], [0.60455, -0.38355, 0.2108], [0.6, -0.40751, 0.22336], [0.60326, -0.43738, 0.23354], [0.60745, -0.46938, 0.24147], [0.61243, -0.50251, 0.24663], [0.59277, -0.55524, 0.24768], [0.56484, -0.6158, 0.2319], [0.62008, -0.70282, 0.19851], [0.66796, -0.7677, 0.14964], [0.72453, -0.81562, 0.08369], [0.78128, -0.83753, 0.0], [0.36057, -0.67664, -0.0197], [0.11536, -0.38928, -0.03029], [0.0, -0.12956, 0.08326], [-0.05194, 0.10337, 0.11384], [-0.11813, 0.06688, 0.19738], [-0.2436, 0.0, 0.24772]], "1-3": [[-1.448, -0.58477, 0.07331], [-1.41781, -0.62222, 0.04822], [-1.31498, -0.70542, 0.02324], [-1.21701, -0.76106, 0.0], [-1.50832, -0.44992, -0.15099], [-1.51226, -0.11101, -0.23861], [-1.37242, 0.12186, -0.24026], [-1.26542, 0.21534, -0.21069], [-1.15336, 0.26343, -0.15164], [-1.06656, 0.28832, -0.07561], [-1.02376, 0.30328, -0.02857], [-0.99246, 0.31696, 0.0141], [-0.94717, 0.33844, 0.05525], [-0.93207, 0.35305, 0.09039], [-0.87368, 0.37821, 0.12715], [-0.83948, 0.40748, 0.167], [-0.77055, 0.44897, 0.20912], [-0.65203, 0.48597, 0.24036], [-0.54686, 0.49425, 0.24866], [-0.41711, 0.47988, 0.24145], [-0.28472, 0.44939, 0.2078], [-0.17452, 0.36323, 0.16913], [-0.10482, 0.28195, 0.12901], [-0.07064, 0.23159, 0.09668], [0.0, -0.11639, -0.10085], [0.64672, -0.79014, -0.10445], [1.64776, -0.233, -0.09427], [0.78128, 0.83753, 0.0]], "2-4": [[0.2436, 0.0, -0.24772], [0.27421, 0.0, -0.24866], [0.30471, 0.0, -0.24584], [0.33463, 0.0, -0.23928], [0.36352, 0.0, -0.2291], [0.39094, 0.0, -0.21545], [0.41647, 0.0, -0.19853], [0.43974, 0.0, -0.1786], [0.46037, 0.0, -0.15597], [0.47807, 0.0, -0.13097], [0.49256, 0.0, -0.10398], [0.50362, 0.0, -0.07542], [0.5111, 0.0, -0.04571], [0.50889, -0.02478, -0.0599], [0.50713, -0.0482, -0.07473], [0.5026, -0.05589, -0.09061], [0.50473, -0.06679, -0.08997], [0.5072, -0.07749, -0.08928], [0.50996, -0.08773, -0.08839], [0.51429, -0.09878, -0.08486], [0.52032, -0.11171, -0.07927], [0.52679, -0.12449, -0.07351], [0.53617, -0.1433, -0.06826], [0.54393, -0.16274, -0.07302], [0.55231, -0.18052, -0.077]], "3-5": [[0.78128, 0.83753, 0.0], [0.88479, 0.84072, 0.0], [0.98791, 0.83116, 0.0], [1.08907, 0.80901, 0.0], [1.18674, 0.77459, 0.0], [1.27944, 0.72843, 0.0], [1.36577, 0.67122, 0.0], [1.44441, 0.60385, 0.0], [1.51418, 0.52732, 0.0], [1.57402, 0.44279, 0.0], [1.62301, 0.35155, 0.0], [1.66042, 0.25499, 0.0], [1.68568, 0.15455, 0.0], [1.62531, -0.34292, -0.02699], [1.27204, -0.72853, -0.04211], [0.78442, -0.83044, -0.06], [0.61894, -0.80162, -0.04634], [0.50178, -0.75668, -0.0466], [0.3938, -0.69475, -0.04994], [0.20816, -0.52783, -0.03996], [0.09076, -0.33405, -0.04158], [0.0, -0.14777, 0.04339], [-0.05358, 0.12673, 0.11053], [-0.11684, 0.07687, 0.19564], [-0.2436, 0.0, 0.24772]], "1-5": [[-1.448, -0.58477, 0.07331], [-1.45719, -0.56411, 0.0949], [-1.48749, -0.52029, 0.10893], [-1.48677, -0.50064, 0.13226], [-1.45489, -0.52361, 0.14659], [-1.43683, -0.53321, 0.15573], [-1.41844, -0.54136, 0.16495], [-1.38338, -0.56735, 0.1714], [-1.32837, -0.60026, 0.1819], [-1.26818, -0.62525, 0.19462], [-1.22182, -0.64234, 0.20183], [-1.18622, -0.65691, 0.20454], [-1.15186, -0.67103, 0.20574], [-1.11022, -0.68761, 0.2058], [-1.06834, -0.70229, 0.20529], [-1.02658, -0.71543, 0.20393], [-0.92128, -0.73099, 0.20475], [-0.83053, -0.71834, 0.21418], [-0.74337, -0.69496, 0.22206], [-0.60787, -0.64019, 0.2298], [-0.50608, -0.57563, 0.23459], [-0.37321, -0.47425, 0.23327], [-0.28737, -0.32911, 0.23954], [-0.23553, -0.15394, 0.24376], [-0.2436, 0.0, 0.24772]], "1-4": [[-1.448, -0.58477, 0.07331], [-1.61591, -0.32703, 0.08902], [-1.68421, 0.02465, 0.08622], [-1.61046, 0.30686, 0.11716], [-1.45461, 0.54279, 0.12757], [-1.24458, 0.70348, 0.13349], [-1.03659, 0.78561, 0.12834], [-0.86007, 0.8095, 0.12138], [-0.69158, 0.79204, 0.12134], [-0.54121, 0.74785, 0.11579], [-0.44482, 0.70545, 0.10474], [-0.36596, 0.64812, 0.11241], [-0.29806, 0.58857, 0.11491], [-0.24298, 0.53886, 0.10395], [-0.18532, 0.47403, 0.09158], [-0.1377, 0.40467, 0.08272], [-0.09934, 0.33183, 0.0771], [-0.0344, 0.15509, -0.05214], [0.0, 0.04339, -0.14777], [0.08771, -0.26824, -0.10791], [0.1735, -0.34643, -0.1762], [0.25474, -0.36439, -0.22154], [0.37566, -0.32221, -0.24851], [0.49116, -0.23263, -0.19281], [0.55231, -0.18052, -0.077]],