{"graph": "k5", "genus": 2, "class": 23, "representative": {"1": [2, 3, 4, 5], "2": [1, 3, 4, 5], "3": [1, 4, 2, 5], "4": [1, 2, 5, 3], "5": [1, 4, 2, 3]}, "vertices": {"1": [-0.64119, 0.81245, 0.0], "2": [-1.23964, 0.05981, 0.13813], "3": [0.0, -0.09252, 0.12312], "4": [1.7, -0.0, 0.0], "5": [-0.50525, 0.0, -0.07009]}, "edges": {"1-2": [[-0.64119, 0.81245, 0.0], [-0.93869, 0.82919, -0.06296], [-1.1315, 0.76211, -0.12155], [-1.28044, 0.64458, -0.17395], [-1.38941, 0.4976, -0.20894], [-1.43194, 0.37809, -0.23025], [-1.43649, 0.2523, -0.24587], [-1.41745, 0.21172, -0.24873], [-1.39888, 0.17146, -0.24744], [-1.36987, 0.10313, -0.23842], [-1.35778, 0.0911, -0.23374], [-1.34559, 0.0846, -0.22852], [-1.33364, 0.07837, -0.22257], [-1.32091, 0.07913, -0.21591], [-1.30906, 0.06464, -0.2073], [-1.29802, 0.05638, -0.19878], [-1.27828, 0.04301, -0.18094], [-1.25694, 0.00942, -0.15553], [-1.23779, 0.01035, -0.12806], [-1.21857, 0.02657, -0.09068], [-1.2079, 0.02526, -0.05594], [-1.20173, 0.02826, -0.01505], [-1.2039, 0.03262, 0.0385], [-1.21698, 0.0538, 0.0943], [-1.23964, 0.05981, 0.13813]], "2-3": [[-1.23964, 0.05981, 0.13813], [-1.23741, -0.0702, 0.13745], [-1.20666, -0.20675, 0.16322], [-1.13077, -0.32382, 0.1821], [-1.04148, -0.41218, 0.20461], [-0.9463, -0.46774, 0.21982], [-0.8132, -0.5125, 0.2363], [-0.70223, -0.5109, 0.24193], [-0.60214, -0.48473, 0.24489], [-0.48206, -0.4395, 0.24842], [-0.40366, -0.39317, 0.24861], [-0.33622, -0.33297, 0.24727], [-0.27625, -0.26436, 0.24421], [-0.2171, -0.17186, 0.23811], [-0.18617, -0.08932, 0.23334], [-0.1632, 0.0, 0.2263], [-0.14603, 0.007, 0.21762], [-0.12983, 0.01596, 0.20773], [-0.11456, 0.02529, 0.19662], [-0.09345, 0.02252, 0.17837], [-0.07228, 0.03218, 0.15457], [-0.05671, 0.05072, 0.13109], [-0.04026, 0.05883, 0.09862], [-0.02692, 0.0279, 0.06514], [0.0, -0.09252, 0.12312]], "3-5": [[0.0, -0.09252, 0.12312], [-0.02928, 0.03822, 0.07196], [-0.0448, 0.09439, 0.10135], [-0.06032, 0.07922, 0.13315], [-0.08051, 0.071, 0.16146], [-0.10065, 0.07741, 0.18178], [-0.12648, 0.10374, 0.20042], [-0.15028, 0.11705, 0.21459], [-0.17561, 0.11275, 0.22772], [-0.20183, 0.1101, 0.23756], [-0.21736, 0.11031, 0.24178], [-0.2331, 0.11035, 0.24502], [-0.2493, 0.10851, 0.24733], [-0.2655, 0.10804, 0.24855], [-0.28052, 0.112, 0.24876], [-0.29555, 0.11564, 0.24818], [-0.32855, 0.09126, 0.2428], [-0.36412, 0.07663, 0.23128], [-0.39718, 0.08419, 0.21624], [-0.44202, 0.09063, 0.18554], [-0.46353, 0.06805, 0.15921], [-0.48613, 0.05417, 0.12402], [-0.51099, 0.05444, 0.06476], [-0.51577, 0.01828, -0.00465], [-0.50525, 0.0, -0.07009]], "1-3": [[-0.64119, 0.81245, 0.0], [-0.30332, 0.62852, 0.03336], [-0.10104, 0.35641, 0.04241], [0.0, 0.15388, -0.0062], [0.12464, -0.15853, -0.19148], [0.3662, -0.08739, -0.23116], [0.51533, 0.0, 0.0], [0.51911, 0.12612, -0.09505], [0.55412, 0.27693, -0.17116], [0.62832, 0.41154, -0.21759], [0.73295, 0.51595, -0.24113], [0.78921, 0.56568, -0.24777], [0.95542, 0.61062, -0.24743], [1.02445, 0.60952, -0.24566], [1.09436, 0.60356, -0.2425], [1.1622, 0.59546, -0.23691], [1.2349, 0.57536, -0.22993], [1.31194, 0.54631, -0.21934], [1.39478, 0.49023, -0.20963], [1.53036, 0.32785, -0.19467], [1.62863, 0.09424, -0.16836], [1.64709, -0.06722, -0.14965], [1.54501, -0.41917, -0.13066], [1.27735, -0.69993, -0.10998], [0.95862, -0.82625, -0.06582], [0.51872, -0.76375, -0.04981], [0.18041, -0.49484, -0.02595], [0.0, -0.09252, 0.12312]], "3-4": [[0.0, -0.09252, 0.12312], [0.1096, -0.37827, -0.02954], [0.33142, -0.65207, -0.0346], [0.61287, -0.80202, -0.03308], [0.80138, -0.8348, -0.04622], [0.98509, -0.82922, -0.03407], [1.17412, -0.77527, -0.04557], [1.27667, -0.72755, -0.03255], [1.35447, -0.67687, -0.03315], [1.43451, -0.61072, -0.03049], [1.46823, -0.57742, -0.02856], [1.50079, -0.54122, -0.02725], [1.53152, -0.5027, -0.02622], [1.5598, -0.46264, -0.0252], [1.5861, -0.42033, -0.02404], [1.60492, -0.38635, -0.02201], [1.62863, -0.33725, -0.01904], [1.64586, -0.29515, -0.01746], [1.66401, -0.24199, -0.01424], [1.6776, -0.19179, -0.01086], [1.68801, -0.14082, -0.00749], [1.69521, -0.0893, -0.00411], [1.69788, -0.05951, -0.00208], [1.69948, -0.02964, -4e-05], [1.7, -0.0, 0.0]], "1-5": [[-0.64119, 0.81245, 0.0], [-0.97472, 0.82982, -0.04008], [-1.22371, 0.74288, -0.08081], [-1.38676, 0.6127, -0.12272], [-1.47818, 0.50185, -0.14129], [-1.57697, 0.30567, -0.16281], [-1.60793, 0.14791, -0.18053], [-1.58881, -0.03903, -0.20658], [-1.54883, -0.17522, -0.21819], [-1.487, -0.28528, -0.22887], [-1.44372, -0.35382, -0.23146], [-1.38981, -0.40334, -0.23739], [-1.33083, -0.44572, -0.24221], [-1.25896, -0.49418, -0.24495], [-1.17899, -0.5325, -0.24709], [-1.13382, -0.53914, -0.24845], [-1.05523, -0.53991, -0.24814], [-0.94304, -0.55261, -0.24653], [-0.85554, -0.53903, -0.24301], [-0.74077, -0.48535, -0.23082], [-0.62971, -0.3965, -0.20937], [-0.55481, -0.30823, -0.19104], [-0.51567, -0.2071, -0.15883], [-0.50024, -0.10139, -0.11684], [-0.50525, 0.0, -0.07009]], "2-4": [[-1.23964, 0.05981, 0.13813], [-1.26046, 0.11227, 0.17646], [-1.2803, 0.14734, 0.2015], [-1.30201, 0.18728, 0.22251], [-1.31187, 0.24497, 0.23645], [-1.31542, 0.28805, 0.24317], [-1.31533, 0.3327, 0.24726], [-1.31267, 0.36434, 0.24856], [-1.30774, 0.39674, 0.24869], [-1.30071, 0.42944, 0.24764], [-1.29854, 0.44647, 0.24641], [-1.28818, 0.46426, 0.24555], [-1.27853, 0.48345, 0.24414], [-1.26824, 0.50517, 0.24196], [-1.25689, 0.52666, 0.23936], [-1.24394, 0.54849, 0.2363], [-1.18573, 0.61194, 0.22717], [-1.10782, 0.66876, 0.21723], [-1.04464, 0.70181, 0.20984], [-0.86684, 0.73974, 0.20037], [-0.69829, 0.7399, 0.18637], [-0.52752, 0.68434, 0.18348], [-0.26373, 0.51099, 0.15809], [-0.09981, 0.29286, 0.1137], [0.0, -0.144, -0.05461], [0.75866, -0.61726, -0.24658], [1.12492, -0.27155, 0.12988], [1.7, -0.0, 0.0]], "4-5": [[1.7, -0.0, 0.0], [1.1229, -0.28529, 0.14293], [0.71984, -0.59079, -0.24835], [0.0, -0.11929, -0.0974], [-0.33201, 0.60158, 0.13747], [-1.188, 0.73337, 0.131], [-1.58731, -0.42056, 0.0], [-1.40381, -0.6327, -0.05475], [-1.18482, -0.75538, -0.09394], [-0.95175, -0.78644, -0.14853], [-0.85878, -0.77121, -0.1729], [-0.75685, -0.74037, -0.19457], [-0.67114, -0.7025, -0.20908], [-0.58988, -0.64465, -0.22498], [-0.52629, -0.57645, -0.23777], [-0.46939, -0.52216, -0.24166], [-0.38303, -0.30714, -0.24742], [-0.37954, -0.13526, -0.23023], [-0.42947, 0.0, -0.18802], [-0.4466, 0.0, -0.17168], [-0.46211, 0.0, -0.15379], [-0.47584, 0.0, -0.1345], [-0.48768, 0.0, -0.114], [-0.49751, 0.0, -0.09246], [-0.50525, 0.0, -0.07009], [-0.50525, 0.0, -0.07009]], "1-4": [[-0.64119, 0.81245, 0.0], [-0.30233, 0.6263, 0.0401], [-0.10281, 0.35804, 0.04735], [0.0, 0.144, -0.05461], [0.20872, -0.24504, -0.22669], [0.49486, -0.11494, -0.13244], [0.39094, 0.0, 0.21545], [0.45262, 0.11873, 0.1825], [0.5251, 0.20762, 0.14898], [0.61847, 0.27521, 0.10201], [0.70597, 0.32087, 0.07599], [0.80151, 0.34342, 0.04776], [0.89835, 0.34229, 0.02238], [0.96119, 0.32818, 0.01013], [1.01039, 0.30835, -0.00179], [1.06521, 0.27548, -0.01758], [1.09521, 0.25115, -0.02545], [1.11926, 0.22766, -0.03386], [1.14202, 0.20052, -0.04097], [1.16046, 0.17177, -0.04162], [1.17472, 0.14448, -0.04308], [1.1886, 0.11586, -0.05398], [1.20257, 0.07458, -0.0631], [1.209, 0.03691, -0.06448], [1.21144, -0.0005, -0.06633], [1.20466, -0.03513, -0.04445], [1.19463, -0.0763, -0.01928], [1.18081, -0.1212, 0.01463], [1.31862, -0.09849, 0.21672], [1.56022, -0.06449, 0.22216], [1.7, -0.0, 0.0]],