{"graph": "k5", "genus": 2, "class": 20, "representative": {"1": [2, 3, 4, 5], "2": [1, 3, 4, 5], "3": [1, 2, 5, 4], "4": [1, 5, 3, 2], "5": [1, 2, 4, 3]}, "vertices": {"1": [-0.38108, -0.69222, 0.0], "2": [1.31921, -0.29316, 0.24438], "3": [1.35904, -0.67625, 0.0], "4": [-0.48768, 0.0, 0.114], "5": [0.50707, 0.76214, 0.029]}, "edges": {"1-2": [[-0.38108, -0.69222, 0.0], [-1.24028, -0.09887, -0.15019], [-0.9064, 0.54955, 0.24542], [0.0, 0.03288, -0.15046], [0.08868, -0.2902, -0.09304], [0.19828, -0.43703, -0.1483], [0.30356, -0.52156, -0.18209], [0.42428, -0.5787, -0.21125], [0.50543, -0.59364, -0.22842], [0.58672, -0.60564, -0.23824], [0.61606, -0.59197, -0.2442], [0.65388, -0.57373, -0.2482], [0.71101, -0.573, -0.24878], [0.75584, -0.56216, -0.24791], [0.81563, -0.53998, -0.24358], [0.87957, -0.51139, -0.23539], [0.8905, -0.46856, -0.21641], [0.95563, -0.41761, -0.18737], [0.9556, -0.38402, -0.1528], [1.0118, -0.33077, -0.0997], [1.0354, -0.2977, -0.03551], [1.07693, -0.26955, 0.03943], [1.12226, -0.27572, 0.13174], [1.20977, -0.29163, 0.20826], [1.31921, -0.29316, 0.24438]], "2-3": [[1.31921, -0.29316, 0.24438], [1.24107, -0.33961, 0.2352], [1.15959, -0.36862, 0.21975], [1.09939, -0.3828, 0.20548], [1.05875, -0.38548, 0.19207], [1.01983, -0.38511, 0.17687], [0.98586, -0.38972, 0.16912], [0.96318, -0.38615, 0.15778], [0.94145, -0.3819, 0.14576], [0.92328, -0.37733, 0.1341], [0.91517, -0.3756, 0.1293], [0.90716, -0.37381, 0.12444], [0.89927, -0.37196, 0.11951], [0.89321, -0.37189, 0.11828], [0.88727, -0.37198, 0.11752], [0.88134, -0.37198, 0.11676], [0.87473, -0.37466, 0.12105], [0.86803, -0.3773, 0.1253], [0.86125, -0.37991, 0.1295], [0.85972, -0.39943, 0.1571], [0.86301, -0.43285, 0.19095], [0.89349, -0.46924, 0.21692], [1.01449, -0.60681, 0.24643], [1.17939, -0.71565, 0.15843], [1.35904, -0.67625, 0.0]], "3-5": [[1.35904, -0.67625, 0.0], [0.79325, -0.42139, 0.18542], [0.52258, -0.40817, -0.24055], [0.0, 0.12874, -0.08453], [-1.15465, 0.55751, 0.24574], [-1.06817, -0.27426, -0.02665], [-0.0865, 0.0, -0.17168], [-0.07905, 0.03606, -0.16255], [-0.07728, 0.07882, -0.15669], [-0.07991, 0.1232, -0.15281], [-0.08267, 0.14932, -0.15048], [-0.08535, 0.17707, -0.14631], [-0.08532, 0.20296, -0.13738], [-0.0869, 0.23203, -0.12726], [-0.09012, 0.26129, -0.11687], [-0.09493, 0.29044, -0.10621], [-0.11313, 0.35127, -0.0898], [-0.14287, 0.41261, -0.08432], [-0.16196, 0.45342, -0.0687], [-0.20758, 0.52564, -0.04531], [-0.29147, 0.61836, -0.03043], [-0.38108, 0.69222, 0.0], [-0.18226, 0.49945, 0.00772], [-0.07285, 0.29886, 0.00944], [0.0, 0.08728, 0.12689], [0.02853, -0.02362, -0.07125], [0.0442, -0.06922, -0.10554], [0.0672, -0.03689, -0.14767], [0.10981, -0.03997, -0.19232], [0.16988, -0.01897, -0.22912], [0.23934, 0.0, -0.24729], [0.16078, 0.25588, -0.19757], [0.22837, 0.52768, -0.09517], [0.48021, 0.75105, 0.0], [0.4881, 0.75482, 0.00845], [0.49748, 0.75873, 0.01874], [0.50707, 0.76214, 0.029]], "1-3": [[-0.38108, -0.69222, 0.0], [-1.24799, -0.0861, -0.15596], [-0.8914, 0.54349, 0.24413], [0.0, 0.00663, -0.15386], [0.039, -0.14285, -0.11793], [0.11307, -0.34721, -0.09399], [0.19954, -0.46943, -0.12158], [0.23678, -0.51281, -0.12707], [0.27347, -0.55042, -0.13147], [0.31474, -0.5857, -0.1378], [0.33291, -0.60276, -0.13702], [0.35335, -0.62328, -0.1331], [0.37473, -0.64237, -0.1301], [0.3952, -0.65883, -0.12803], [0.41624, -0.67462, -0.12595], [0.43782, -0.68972, -0.12386], [0.47981, -0.71828, -0.11646], [0.53161, -0.74481, -0.11384], [0.58804, -0.76728, -0.11357], [0.66554, -0.79567, -0.10294], [0.7217, -0.81455, -0.08535], [0.82656, -0.82988, -0.07186], [0.99387, -0.82527, -0.04904], [1.18303, -0.77295, -0.03823], [1.35904, -0.67625, 0.0]], "2-4": [[1.31921, -0.29316, 0.24438], [1.4266, -0.28584, 0.24499], [1.51683, -0.3101, 0.20895], [1.59154, -0.30944, 0.14383], [1.63057, -0.27982, 0.09834], [1.65816, -0.24589, 0.04902], [1.67286, -0.21194, 0.0], [1.20091, 0.61369, -0.22303], [0.65393, 0.31994, -0.12957], [0.31174, 0.0, 0.24464], [0.30627, -0.02928, 0.24571], [0.30346, -0.06609, 0.24658], [0.30309, -0.1034, 0.24731], [0.29894, -0.12499, 0.24808], [0.2938, -0.14018, 0.24857], [0.28906, -0.15569, 0.24878], [0.27738, -0.17019, 0.24841], [0.26781, -0.19431, 0.24698], [0.2681, -0.24108, 0.24454], [0.29198, -0.34385, 0.23852], [0.30395, -0.42047, 0.22604], [0.35385, -0.50701, 0.21608], [0.46163, -0.66974, 0.16481], [0.61369, -0.78826, 0.08672], [0.82319, -0.84036, 0.0], [0.36724, -0.67735, -0.04524], [0.11991, -0.38981, -0.05265], [0.0, -0.121, -0.09528], [-0.11496, 0.21472, 0.16965], [-0.28635, 0.15774, 0.24878], [-0.48768, 0.0, 0.114]], "1-5": [[-0.38108, -0.69222, 0.0], [-0.18265, -0.48017, 0.07554], [-0.11759, -0.22385, 0.16959], [-0.1632, 0.0, 0.2263], [-0.08308, 0.04831, 0.16636], [-0.04676, 0.11413, 0.10006], [0.0, -0.14382, 0.05509], [0.06907, -0.28598, -0.02354], [0.12614, -0.4113, -0.02032], [0.25164, -0.582, 0.0], [0.11919, -0.39129, 0.04604], [0.06537, -0.19762, 0.10526], [0.05907, 0.0, 0.13727], [0.05805, 0.02193, 0.13525], [0.05801, 0.04723, 0.13349], [0.05862, 0.07206, 0.13153], [0.06086, 0.1076, 0.12869], [0.06472, 0.14308, 0.12582], [0.07012, 0.17796, 0.12298], [0.07435, 0.19994, 0.12117], [0.07921, 0.2218, 0.11935], [0.08445, 0.24184, 0.11806], [0.09043, 0.26207, 0.11694], [0.09694, 0.28215, 0.11582], [0.10397, 0.30206, 0.11469], [0.11913, 0.34254, 0.11054], [0.13853, 0.39093, 0.10122], [0.16386, 0.44142, 0.09232], [0.20197, 0.50218, 0.08295], [0.23952, 0.54827, 0.08211], [0.28264, 0.59585, 0.07697], [0.34981, 0.66, 0.06099], [0.42497, 0.71582, 0.0447], [0.50707, 0.76214, 0.029]], "1-4": [[-0.38108, -0.69222, 0.0], [-0.26346, -0.5853, 0.05514], [-0.23261, -0.53277, 0.09509], [-0.19289, -0.44022, 0.13948], [-0.19842, -0.4156, 0.16292], [-0.20959, -0.38033, 0.19038], [-0.21566, -0.3502, 0.20562], [-0.21823, -0.33203, 0.21257], [-0.22178, -0.31418, 0.219], [-0.23359, -0.28995, 0.22913], [-0.24218, -0.27485, 0.23458], [-0.25152, -0.26083, 0.23912], [-0.26152, -0.24807, 0.24274], [-0.2721, -0.24089, 0.24521], [-0.28347, -0.23452, 0.24708], [-0.29473, -0.22816, 0.24825], [-0.33508, -0.1365, 0.24349], [-0.38931, -0.05768, 0.21835], [-0.42947, 0.0, 0.18802], [-0.44106, 0.0, 0.1773], [-0.45196, 0.0, 0.16588], [-0.46211, 0.0, 0.15379], [-0.47147, 0.0, 0.14107], [-0.48, 0.0, 0.12779], [-0.48768, 0.0, 0.114], [-0.48768, 0.0, 0.114]], "4-5": [[-0.48768, 0.0, 0.114], [-0.50715, -0.49177, 0.24848], [-1.03695, -0.76517, 0.15663], [-1.67556, -0.20129, 0.0], [-1.69936, 0.02192, -0.01326], [-1.66171, 0.24495, -0.02951], [-1.56851, 0.44386, -0.04502], [-1.48539, 0.5528, -0.05246], [-1.37972, 0.65089, -0.06059], [-1.27014, 0.72368, -0.06537], [-1.23285, 0.74349, -0.06583], [-1.19461, 0.76139, -0.06628], [-1.15002, 0.77943, -0.06663], [-1.09788, 0.79741, -0.06505], [-1.05627, 0.80901, -0.064], [-1.02241, 0.81669, -0.06341], [-0.98676, 0.82438, -0.0581], [-0.95074, 0.83039, -0.05275], [-0.88706, 0.83639, -0.04579], [-0.84277, 0.83916, -0.02983], [-0.79834, 0.83855, -0.01376], [-0.7575, 0.83498, 0.0], [-0.35495, 0.67286, 0.01519], [-0.11567, 0.39098, 0.02571], [0.0, 0.10772, 0.11006], [0.05837, -0.07031, -0.13138], [0.15826, -0.0523, -0.22302], [0.31174, 0.0, -0.24464], [0.19343, 0.27936, -0.21249], [0.30647, 0.59126, -0.12197], [0.61259, 0.80425, 0.0], [0.57487, 0.79157, 0.00827], [0.54069, 0.77785, 0.01865], [0.50707, 0.76214, 0.029]],