{"graph": "k5", "genus": 2, "class": 21, "representative": {"1": [2, 3, 4, 5], "2": [1, 3, 4, 5], "3": [1, 2, 5, 4], "4": [1, 5, 3, 2], "5": [1, 4, 2, 3]}, "vertices": {"1": [0.0, 0.11946, -0.09719], "2": [0.0, 0.0, 0.15401], "3": [-0.5142, 0.0, 0.02365], "4": [-1.09192, -0.381, -0.20164], "5": [0.63108, 0.80968, 0.0]}, "edges": {"1-2": [[0.0, 0.11946, -0.09719], [0.16839, -0.39249, -0.14534], [0.45144, -0.60992, -0.20485], [0.83105, -0.67994, -0.23263], [1.06196, -0.60813, -0.24395], [1.23936, -0.46651, -0.24859], [1.35088, -0.30122, -0.2483], [1.37654, -0.18758, -0.24525], [1.40146, -0.01848, -0.24382], [1.36901, 0.11826, -0.23911], [1.33385, 0.19236, -0.2356], [1.30498, 0.22852, -0.2315], [1.26916, 0.26928, -0.22709], [1.20785, 0.32646, -0.22088], [1.15225, 0.36022, -0.21346], [1.11498, 0.36997, -0.20402], [1.05651, 0.38128, -0.18804], [0.99131, 0.39206, -0.17328], [0.90138, 0.37552, -0.12615], [0.82575, 0.34884, -0.05802], [0.74442, 0.32595, 0.03079], [0.65986, 0.3122, 0.1121], [0.45477, 0.32982, 0.23852], [0.15934, 0.26232, 0.19477], [0.0, 0.0, 0.15401]], "2-3": [[0.0, 0.0, 0.15401], [-0.00595, 0.05397, 0.09894], [-0.02118, 0.09749, 0.0117], [-0.03055, 0.14606, 0.0], [-0.01942, 0.09449, 0.01988], [-0.00329, 0.04716, 0.12093], [0.0, 0.03133, 0.15079], [0.02569, -0.00889, -0.0621], [0.04365, -0.05689, -0.10639], [0.06773, -0.04835, -0.14755], [0.09133, -0.05491, -0.17464], [0.11277, -0.08132, -0.192], [0.14141, -0.118, -0.20911], [0.18099, -0.13014, -0.22869], [0.22277, -0.14336, -0.2415], [0.26638, -0.16173, -0.24782], [0.38086, -0.17947, -0.23497], [0.47815, -0.20439, -0.19033], [0.55196, -0.22846, -0.13384], [0.65742, -0.27878, 0.01419], [0.74457, -0.38406, 0.15866], [0.92243, -0.50771, 0.23534], [1.26487, -0.52479, 0.23839], [1.59475, -0.29099, 0.14933], [1.64927, 0.28768, 0.0], [1.14831, -0.76094, -0.1127], [0.33479, -0.61744, -0.12068], [0.0, 0.04155, -0.1483], [-0.17423, 0.34565, 0.1772], [-0.35082, 0.23, 0.24636], [-0.5142, 0.0, 0.02365]], "3-5": [[-0.5142, 0.0, 0.02365], [-0.34859, 0.21636, 0.24585], [-0.17227, 0.33656, 0.17942], [0.0, 0.02097, -0.15257], [0.31379, -0.60127, -0.11758], [1.06826, -0.79327, -0.09931], [1.69061, 0.12536, 0.0], [1.69431, 0.09765, 0.0], [1.6971, 0.06983, 0.0], [1.69895, 0.04193, 0.0], [0.9346, -0.63782, 0.24371], [0.57803, -0.2214, 0.0825], [0.32191, 0.0, -0.24254], [0.30387, 0.02364, -0.24604], [0.28735, 0.05481, -0.24812], [0.27168, 0.08689, -0.24878], [0.2569, 0.11581, -0.24792], [0.24275, 0.14482, -0.24545], [0.23018, 0.17501, -0.24137], [0.21773, 0.24239, -0.2307], [0.21708, 0.31227, -0.21714], [0.23527, 0.36838, -0.2109], [0.25092, 0.44999, -0.18703], [0.28786, 0.53923, -0.15691], [0.34415, 0.6133, -0.13596], [0.39599, 0.67586, -0.10214], [0.46407, 0.7353, -0.05659], [0.63108, 0.80968, 0.0]], "1-3": [[0.0, 0.11946, -0.09719], [0.0, 0.11722, -0.09989], [0.0, 0.11492, -0.10253], [0.0, 0.11255, -0.10512], [0.0, 0.11013, -0.10765], [0.0, 0.10765, -0.11013], [0.0, 0.10512, -0.11255], [0.03342, -0.08975, -0.11854], [0.08792, -0.29077, -0.09075], [0.12298, -0.36104, -0.10099], [0.13188, -0.37588, -0.10379], [0.14169, -0.39286, -0.10527], [0.16043, -0.42154, -0.10934], [0.1549, -0.41445, -0.10701], [0.15112, -0.4096, -0.10528], [0.15064, -0.40928, -0.10472], [0.09902, -0.31813, -0.09125], [0.02959, -0.09295, -0.12577], [0.0, 0.07085, -0.13674], [0.0, 0.06772, -0.13832], [0.0, 0.06456, -0.13982], [0.0, 0.06136, -0.14126], [-0.17636, 0.35475, 0.17494], [-0.35151, 0.241, 0.24689], [-0.5142, 0.0, 0.02365]], "2-4": [[0.0, 0.0, 0.15401], [-0.02122, -0.07102, -0.01491], [-0.03265, -0.14759, -0.02991], [-0.0564, -0.23788, -0.04508], [-0.08791, -0.318, -0.05913], [-0.10499, -0.34624, -0.07481], [-0.123, -0.37209, -0.08912], [-0.15792, -0.43163, -0.0927], [-0.19774, -0.4874, -0.09711], [-0.24823, -0.53685, -0.11473], [-0.28319, -0.56526, -0.12606], [-0.31979, -0.59103, -0.13705], [-0.34861, -0.60961, -0.1443], [-0.36757, -0.61823, -0.15147], [-0.38291, -0.6232, -0.15839], [-0.39842, -0.62762, -0.16511], [-0.44357, -0.6438, -0.178], [-0.50336, -0.66063, -0.19226], [-0.5768, -0.67347, -0.20712], [-0.67796, -0.67591, -0.22442], [-0.7727, -0.66157, -0.23726], [-0.83393, -0.64078, -0.24392], [-0.9623, -0.56222, -0.24792], [-1.03979, -0.47361, -0.23368], [-1.09192, -0.381, -0.20164]], "1-5": [[0.0, 0.11946, -0.09719], [0.08134, -0.25305, -0.1054], [0.16221, -0.3619, -0.15731], [0.28429, -0.47113, -0.19793], [0.38968, -0.51311, -0.22647], [0.46838, -0.53132, -0.23957], [0.53196, -0.52448, -0.24745], [0.61222, -0.52923, -0.24864], [0.67579, -0.52317, -0.24585], [0.74576, -0.50695, -0.23785], [0.78784, -0.49094, -0.2294], [0.82266, -0.47508, -0.22015], [0.84833, -0.45749, -0.20914], [0.8812, -0.43975, -0.19693], [0.9089, -0.4209, -0.18305], [0.90835, -0.40469, -0.16674], [0.9096, -0.3889, -0.14777], [0.94766, -0.36896, -0.1288], [0.98318, -0.34709, -0.10895], [0.99798, -0.32918, -0.08172], [1.02369, -0.30758, -0.05153], [1.05606, -0.2823, -0.01972], [1.12311, -0.22872, 0.05393], [1.18935, -0.1818, 0.12489], [1.27354, -0.11892, 0.18969], [1.42005, 0.21013, 0.24869], [1.19705, 0.6825, 0.18224], [0.63108, 0.80968, 0.0]], "1-4": [[0.0, 0.11946, -0.09719], [-0.17412, 0.41733, 0.13404], [-0.33448, 0.449, 0.22865], [-0.50328, 0.33378, 0.22571], [-0.56194, 0.21196, 0.10067], [-0.51103, 0.12817, -0.11305], [-0.30196, 0.0, -0.24625], [-0.34213, -0.0689, -0.23843], [-0.39999, -0.1448, -0.22258], [-0.45601, -0.19963, -0.20378], [-0.48323, -0.22464, -0.19488], [-0.51138, -0.24696, -0.18529], [-0.5446, -0.26898, -0.17312], [-0.57412, -0.28756, -0.16335], [-0.60417, -0.3037, -0.15327], [-0.63238, -0.31686, -0.14405], [-0.67016, -0.33535, -0.1372], [-0.71966, -0.34753, -0.11996], [-0.76671, -0.35719, -0.10938], [-0.81638, -0.37432, -0.12412], [-0.87672, -0.38435, -0.13713], [-0.93072, -0.37963, -0.13953], [-0.97631, -0.39287, -0.1693], [-1.0236, -0.39886, -0.18983], [-1.09192, -0.381, -0.20164]], "4-5": [[-1.09192, -0.381, -0.20164], [-1.11346, -0.29518, -0.14446], [-1.15709, -0.18484, -0.05979], [-1.18416, -0.1119, 0.01454], [-1.21592, -0.03889, 0.0867], [-1.25398, 0.04598, 0.15502], [-1.27708, 0.14617, 0.19897], [-1.2882, 0.23604, 0.22673], [-1.25543, 0.35432, 0.2413], [-1.24638, 0.43601, 0.24862], [-1.21438, 0.49048, 0.24842], [-1.18289, 0.55021, 0.24446], [-1.14253, 0.60367, 0.23732], [-1.05911, 0.6657, 0.22654], [-0.97617, 0.7111, 0.2131], [-0.89839, 0.73955, 0.19977], [-0.73029, 0.76049, 0.17282], [-0.55852, 0.73546, 0.14508], [-0.38246, 0.65965, 0.11352], [-0.22662, 0.53006, 0.08793], [-0.10586, 0.35736, 0.06102], [0.0, 0.15257, -0.02097], [0.72162, -0.44442, -0.2138], [1.2951, -0.13262, 0.20805], [0.63108, 0.80968, 0.0]], "2-5": [[0.0, 0.0, 0.15401], [0.14844, 0.17832, 0.20555], [0.41801, 0.19991, 0.22399], [0.57332, 0.19793, 0.04386], [0.59052, 0.22891, -0.06696], [0.57202, 0.27666, -0.15599], [0.56024, 0.36764, -0.21865], [0.56234, 0.43061, -0.23888], [0.56423, 0.50348, -0.24862], [0.5259, 0.54447, -0.24451], [0.5367, 0.57521, -0.2396], [0.53085, 0.5982, -0.23197], [0.51595, 0.61491, -0.22227], [0.50958, 0.63214, -0.21218], [0.51708, 0.65708, -0.19972], [0.52614, 0.68097, -0.18567], [0.52868, 0.69905, -0.17091], [0.52911, 0.71343, -0.15621], [0.53422, 0.72939, -0.13942], [0.54419, 0.7454, -0.12208], [0.53825, 0.7493, -0.11092], [0.52934, 0.75075, -0.10054], [0.5309, 0.76385, -0.06924], [0.56973, 0.78767, -0.03185], [0.63108, 0.80968, 0.0]],