{"graph": "k5", "genus": 2, "class": 13, "representative": {"1": [2, 3, 4, 5], "2": [1, 3, 4, 5], "3": [1, 2, 5, 4], "4": [1, 2, 3, 5], "5": [1, 4, 2, 3]}, "vertices": {"1": [0.18967, 0.0, -0.2366], "2": [0.18967, 0.0, 0.2366], "3": [0.0, 0.15211, -0.02409], "4": [-1.4097, 0.63567, 0.0], "5": [-0.10219, 0.0, -0.18675]}, "edges": {"1-2": [[0.18967, 0.0, -0.2366], [0.26063, 0.39267, -0.21609], [0.55405, 0.68503, -0.19261], [0.98701, 0.76881, -0.164], [1.06574, 0.75862, -0.15577], [1.1685, 0.73606, -0.1392], [1.27866, 0.69395, -0.11859], [1.25518, 0.71325, -0.10902], [1.23773, 0.72933, -0.09598], [1.21366, 0.74655, -0.08384], [1.17235, 0.76777, -0.07577], [1.12968, 0.78643, -0.06762], [1.07425, 0.80452, -0.0636], [1.03457, 0.81651, -0.05394], [0.9795, 0.82824, -0.04518], [0.91095, 0.83686, -0.03616], [0.78578, 0.83683, -0.02333], [0.68049, 0.82175, -0.01057], [0.59897, 0.79995, 0.0], [0.46383, 0.73486, 0.05775], [0.35113, 0.63458, 0.11543], [0.30393, 0.54964, 0.16208], [0.18251, 0.33798, 0.18726], [0.16661, 0.20106, 0.213], [0.18967, 0.0, 0.2366]], "2-3": [[0.18967, 0.0, 0.2366], [0.28462, -0.0714, 0.24841], [0.38108, -0.07069, 0.22347], [0.46046, -0.08025, 0.16531], [0.49046, -0.08754, 0.12745], [0.51598, -0.09646, 0.07835], [0.53814, -0.12437, 0.0151], [0.53796, -0.12469, -0.01917], [0.53431, -0.13053, -0.05554], [0.5272, -0.13415, -0.08293], [0.52338, -0.13814, -0.09601], [0.51856, -0.1446, -0.11115], [0.50913, -0.15102, -0.1312], [0.49868, -0.15824, -0.14943], [0.48925, -0.16577, -0.16381], [0.4788, -0.17391, -0.17746], [0.46012, -0.18859, -0.19754], [0.44155, -0.20367, -0.21335], [0.41232, -0.23109, -0.23212], [0.3708, -0.25587, -0.24534], [0.33155, -0.26755, -0.24878], [0.29627, -0.28249, -0.24598], [0.17027, -0.24472, -0.20668], [0.07551, -0.19288, -0.12613], [0.0, 0.15211, -0.02409]], "3-5": [[0.0, 0.15211, -0.02409], [0.45832, -0.32804, -0.23734], [0.60971, -0.35725, 0.19317], [0.59897, -0.79995, 0.0], [0.29268, -0.6219, -0.00627], [0.09179, -0.34451, -0.01021], [0.0, -0.04759, 0.14647], [-0.02564, 0.0068, 0.06196], [-0.04295, 0.01762, 0.10866], [-0.07299, 0.0, 0.15629], [-0.069, -0.02814, 0.15055], [-0.06555, -0.04911, 0.14449], [-0.06353, -0.07551, 0.1386], [-0.06228, -0.10204, 0.13215], [-0.06327, -0.13177, 0.12667], [-0.06585, -0.16237, 0.12139], [-0.07367, -0.23246, 0.10275], [-0.09896, -0.32826, 0.08032], [-0.12311, -0.39087, 0.06243], [-0.14834, -0.44425, 0.03926], [-0.19276, -0.51239, 0.01885], [-0.25014, -0.58044, 0.0], [-0.13197, -0.40235, -0.07077], [-0.07985, -0.19689, -0.13149], [-0.10219, 0.0, -0.18675]], "1-3": [[0.18967, 0.0, -0.2366], [1.31622, 0.58343, -0.19924], [1.13218, -0.7543, -0.13347], [0.0, -0.15353, 0.01208], [-0.07266, 0.12453, 0.14283], [-0.19382, 0.10082, 0.23546], [-0.37855, 0.0, 0.22214], [-0.43249, -0.19048, 0.2149], [-0.56155, -0.32946, 0.19957], [-0.70383, -0.40448, 0.19122], [-0.79262, -0.42811, 0.19124], [-0.87436, -0.42862, 0.18756], [-0.95643, -0.42442, 0.1931], [-1.03519, -0.40468, 0.19778], [-1.09166, -0.37723, 0.19918], [-1.15419, -0.33413, 0.20114], [-1.28541, -0.20853, 0.21925], [-1.35441, -0.09196, 0.23256], [-1.37603, 0.06984, 0.23858], [-1.36895, 0.2924, 0.24874], [-1.27595, 0.47883, 0.24509], [-1.07713, 0.6712, 0.2214], [-0.67321, 0.75786, 0.163], [-0.26765, 0.56655, 0.10284], [0.0, 0.15211, -0.02409]], "2-4": [[0.18967, 0.0, 0.2366], [0.35437, -0.04871, 0.23364], [0.482, -0.05418, 0.13087], [0.52298, -0.07499, -0.01761], [0.49473, -0.07675, -0.11582], [0.45469, -0.10752, -0.17773], [0.37181, -0.09967, -0.22986], [0.30802, -0.14671, -0.24778], [0.2504, -0.1447, -0.24657], [0.19211, -0.15577, -0.23099], [0.16444, -0.16284, -0.2174], [0.1359, -0.14082, -0.2027], [0.11007, -0.11732, -0.18564], [0.094, -0.11111, -0.17112], [0.07807, -0.10871, -0.1532], [0.06344, -0.12016, -0.12996], [0.05019, -0.13006, -0.10236], [0.03616, -0.09067, -0.08056], [0.0, 0.13131, 0.08047], [-0.08505, 0.32408, 0.0327], [-0.18616, 0.50245, 0.02691], [-0.36168, 0.67529, 0.03539], [-0.6593, 0.81513, 0.0307], [-1.04681, 0.81861, 0.02452], [-1.4097, 0.63567, 0.0]], "1-4": [[0.18967, 0.0, -0.2366], [0.09736, -0.01911, -0.18216], [0.04134, -0.05149, -0.10217], [0.0, 0.06992, 0.13722], [-0.01035, 0.10985, 0.07174], [-0.03453, 0.16649, 0.00766], [-0.04344, 0.20578, 0.0074], [-0.05422, 0.24462, 0.0067], [-0.06291, 0.27124, 0.00973], [-0.07316, 0.29917, 0.01333], [-0.0829, 0.3229, 0.01762], [-0.08956, 0.33776, 0.02123], [-0.09518, 0.34955, 0.02459], [-0.10965, 0.37957, 0.02461], [-0.12377, 0.40655, 0.02303], [-0.13711, 0.43022, 0.02051], [-0.17615, 0.49039, 0.01597], [-0.22422, 0.55011, 0.02461], [-0.27739, 0.60583, 0.02612], [-0.35842, 0.67477, 0.02243], [-0.48075, 0.75043, 0.01991], [-0.59276, 0.79725, 0.01756], [-0.87485, 0.84022, 0.01922], [-1.15618, 0.78653, 0.01163], [-1.4097, 0.63567, 0.0]], "2-5": [[0.18967, 0.0, 0.2366], [0.2921, 0.2417, 0.24764], [0.43981, 0.37626, 0.24707], [0.60442, 0.46739, 0.2414], [0.89609, 0.43136, 0.19103], [1.07179, 0.30919, 0.12178], [1.16648, 0.15812, 0.03379], [1.21827, -0.08928, -0.11223], [1.13743, -0.33981, -0.19621], [0.91439, -0.54202, -0.24421], [0.6851, -0.59459, -0.2473], [0.52296, -0.60006, -0.22978], [0.33145, -0.52943, -0.19461], [0.20332, -0.43329, -0.15639], [0.09191, -0.28968, -0.10062], [0.0, 0.05894, -0.14228], [-0.16316, 0.38593, 0.14344], [-0.31404, 0.42853, 0.22742], [-0.50472, 0.35123, 0.23053], [-0.56963, 0.19702, 0.05617], [-0.44735, 0.16516, -0.1993], [-0.13611, 0.0, -0.21184], [-0.12434, 0.0, -0.20413], [-0.11302, 0.0, -0.19575], [-0.10219, 0.0, -0.18675], [-0.10219, 0.0, -0.18675]], "3-4": [[0.0, 0.15211, -0.02409], [-0.14948, 0.42832, 0.07765], [-0.35339, 0.62135, 0.13546], [-0.61064, 0.71219, 0.18891], [-0.68421, 0.69065, 0.21789], [-0.78027, 0.64805, 0.24132], [-0.84016, 0.59268, 0.24878], [-0.92105, 0.53017, 0.2418], [-0.93133, 0.47822, 0.2238], [-0.96738, 0.42067, 0.19225], [-0.96545, 0.39544, 0.16877], [-0.95776, 0.37677, 0.14409], [-0.99009, 0.3472, 0.1139], [-0.99237, 0.33049, 0.07899], [-0.99779, 0.31781, 0.0403], [-1.02078, 0.30302, -2e-05], [-1.04159, 0.30906, -0.08636], [-1.08063, 0.32953, -0.15431], [-1.13088, 0.38139, -0.21574], [-1.29321, 0.46514, -0.24485], [-1.39038, 0.5708, -0.16339], [-1.52005, 0.51994, 0.0], [-1.48574, 0.56083, 0.0], [-1.44891, 0.59946, 0.0], [-1.4097, 0.63567, 0.0], [-1.4097, 0.63567, 0.0]], "4-5": [[-1.4097, 0.63567, 0.0], [-1.25263, 0.69436, -0.13964], [-1.17677, 0.61142, -0.22918], [-1.03074, 0.50831, -0.24245], [-0.96154, 0.4476, -0.21017], [-0.90844, 0.38526, -0.14254], [-0.88236, 0.35609, -0.08028], [-0.86813, 0.34739, -0.04421], [-0.8633, 0.34356, -0.00382], [-0.83899, 0.34461, 0.02847], [-0.8327, 0.34586, 0.04035], [-0.82612, 0.34753, 0.05211], [-0.81259, 0.3496, 0.06668], [-0.80254, 0.3501, 0.07332], [-0.7924, 0.35048, 0.0799], [-0.78215, 0.35075, 0.08642], [-0.76888, 0.34551, 0.08081], [-0.75013, 0.33875, 0.07703], [-0.73845, 0.3315, 0.06684], [-0.73176, 0.3208, 0.02744], [-0.71656, 0.31301, -0.01218], [-0.69157, 0.30661, -0.05312], [-0.65102, 0.29776, -0.09674], [-0.58997, 0.28576, -0.14804], [-0.53291, 0.30084, -0.19941], [-0.39828, 0.29599, -0.24471], [-0.22093, 0.19123, -0.23762], [-0.10219, 0.0, -0.18675]], "1-5": [[0.18967, 0.0, -0.2366], [0.09816, -0.01244, -0.18304], [0.04027, -0.0341, -0.10181], [0.0, 0.04759, 0.14647], [-0.01454, 0.0908, 0.04652], [-0.034, 0.16434, 0.00322], [-0.04707, 0.22003, 0.00197], [-0.05983, 0.26263, 0.00173], [-0.07482, 0.30449, 0.00149], [-0.08944, 0.33961, 0.00532], [-0.09744, 0.35715, 0.00609], [-0.10903, 0.38092, 0.0054], [-0.12137, 0.40431, 0.0047], [-0.13453, 0.42747, 0.00404], [-0.14842, 0.4502, 0.00337], [-0.16303, 0.47248, 0.00271], [-0.18899, 0.50862, 0.00211], [-0.21816, 0.54492, 0.00089], [-0.25014, 0.58044, 0.0], [-0.18313, 0.49625, -0.03665], [-0.16863, 0.4545, -0.08415], [-0.13877, 0.38131, -0.11128], [-0.10701, 0.26105, -0.14301], [-0.09125, 0.11768, -0.16714], [-0.10219, 0.0, -0.18675]]}}