{"graph": "k5", "genus": 2, "class": 14, "representative": {"1": [2, 3, 4, 5], "2": [1, 3, 4, 5], "3": [1, 2, 5, 4], "4": [1, 2, 3, 5], "5": [1, 4, 3, 2]}, "vertices": {"1": [-0.93625, 0.42957, -0.19391], "2": [-0.48227, 0.13951, 0.15975], "3": [0.0, 0.11497, -0.10246], "4": [-1.33005, 0.00704, -0.21731], "5": [0.42947, 0.0, 0.18802]}, "edges": {"1-2": [[-0.93625, 0.42957, -0.19391], [-0.86659, 0.41291, -0.17241], [-0.82439, 0.39718, -0.15617], [-0.79082, 0.38034, -0.13955], [-0.76846, 0.36736, -0.12685], [-0.74024, 0.35205, -0.11456], [-0.71977, 0.33215, -0.08922], [-0.70623, 0.31976, -0.07242], [-0.69273, 0.30711, -0.05258], [-0.67642, 0.29435, -0.03698], [-0.66768, 0.28757, -0.02973], [-0.65906, 0.28071, -0.02245], [-0.65056, 0.27377, -0.01515], [-0.64238, 0.26692, -0.00822], [-0.63429, 0.25998, -0.00128], [-0.62652, 0.25318, 0.0068], [-0.61254, 0.24099, 0.02301], [-0.5984, 0.22872, 0.03912], [-0.58444, 0.21669, 0.05487], [-0.57482, 0.21314, 0.07502], [-0.56569, 0.21271, 0.09457], [-0.55102, 0.19986, 0.10554], [-0.52974, 0.1722, 0.11451], [-0.50675, 0.15636, 0.13793], [-0.48227, 0.13951, 0.15975]], "2-3": [[-0.48227, 0.13951, 0.15975], [-0.29198, 0.15573, 0.24874], [-0.10091, 0.09021, 0.18071], [0.0, -0.0886, 0.12597], [0.05364, -0.2424, -0.00931], [0.09387, -0.34632, -0.02602], [0.16488, -0.47398, -0.01863], [0.2972, -0.62386, -0.02864], [0.429, -0.72154, -0.0246], [0.59005, -0.79596, -0.02204], [0.70827, -0.8252, -0.03365], [0.83592, -0.83885, -0.03106], [0.95597, -0.83471, -0.01969], [1.07019, -0.81189, -0.03283], [1.18447, -0.77368, -0.02922], [1.29521, -0.71826, -0.01883], [1.4288, -0.61785, -0.01665], [1.54704, -0.48303, -0.01328], [1.63213, -0.33058, -0.00916], [1.6688, -0.22671, -0.00592], [1.69219, -0.11429, -0.00197], [1.7, -0.0, 0.0], [1.0229, -0.39302, 0.18488], [0.59506, -0.45013, -0.23856], [0.0, 0.11497, -0.10246]], "3-5": [[0.0, 0.11497, -0.10246], [0.11099, -0.29439, -0.13113], [0.26893, -0.45441, -0.19668], [0.46096, -0.5257, -0.23959], [0.50544, -0.54432, -0.24224], [0.5432, -0.54814, -0.24551], [0.6001, -0.55811, -0.24773], [0.6566, -0.56837, -0.24854], [0.71043, -0.57955, -0.24871], [0.76139, -0.58629, -0.24877], [0.78359, -0.58709, -0.24878], [0.80778, -0.58555, -0.24874], [0.83485, -0.58049, -0.24852], [0.86229, -0.57394, -0.2481], [0.88905, -0.56612, -0.24748], [0.92, -0.5565, -0.24665], [0.96948, -0.54263, -0.24578], [1.02375, -0.52266, -0.24481], [1.07408, -0.49582, -0.24332], [1.15299, -0.41008, -0.23281], [1.26632, -0.27778, -0.22814], [1.2923, -0.13102, -0.20595], [1.10037, 0.26833, -0.09151], [0.73659, 0.32499, 0.04267], [0.42947, 0.0, 0.18802]], "1-3": [[-0.93625, 0.42957, -0.19391], [-1.19424, 0.5173, -0.2476], [-1.4458, 0.49596, -0.17576], [-1.67556, 0.20129, 0.0], [-1.63778, 0.31141, 0.03358], [-1.56879, 0.43555, 0.06353], [-1.46866, 0.55538, 0.08866], [-1.38719, 0.62648, 0.10141], [-1.26575, 0.69842, 0.12351], [-1.18453, 0.73302, 0.13375], [-1.1422, 0.7475, 0.13791], [-1.09699, 0.76087, 0.14106], [-1.0393, 0.77855, 0.13822], [-0.97422, 0.79407, 0.13328], [-0.91821, 0.80025, 0.13321], [-0.86324, 0.80042, 0.13634], [-0.7493, 0.7925, 0.13693], [-0.65044, 0.77309, 0.13593], [-0.5539, 0.74377, 0.13094], [-0.45289, 0.69945, 0.12272], [-0.36422, 0.64149, 0.12036], [-0.28973, 0.57758, 0.11886], [-0.16962, 0.4539, 0.0873], [-0.09611, 0.33028, 0.06951], [0.0, 0.11497, -0.10246]], "2-4": [[-0.48227, 0.13951, 0.15975], [-0.47836, 0.12235, 0.15744], [-0.4752, 0.10512, 0.15511], [-0.47328, 0.08918, 0.15252], [-0.47746, 0.07707, 0.14354], [-0.48163, 0.06484, 0.1341], [-0.48575, 0.05298, 0.12438], [-0.49024, 0.04495, 0.11432], [-0.49443, 0.03717, 0.10402], [-0.50008, 0.03693, 0.09076], [-0.50337, 0.03883, 0.08249], [-0.50633, 0.04037, 0.07414], [-0.50807, 0.03498, 0.0663], [-0.50964, 0.03009, 0.05853], [-0.51103, 0.02526, 0.05069], [-0.51223, 0.02048, 0.0428], [-0.51392, 0.01233, 0.02848], [-0.51496, 0.00428, 0.01407], [-0.51533, 0.0, 0.0], [-0.41377, -0.22254, 0.23005], [-0.39333, -0.585, 0.19435], [-0.7575, -0.83498, 0.0], [-1.21836, -0.69054, -0.16502], [-1.39667, -0.3193, -0.24657], [-1.33005, 0.00704, -0.21731]], "1-4": [[-0.93625, 0.42957, -0.19391], [-0.99217, 0.42869, -0.20329], [-1.04676, 0.42096, -0.21128], [-1.10255, 0.40549, -0.21833], [-1.13701, 0.39075, -0.22178], [-1.17019, 0.3737, -0.22509], [-1.20622, 0.3554, -0.22976], [-1.23465, 0.34092, -0.23382], [-1.26203, 0.3243, -0.23723], [-1.28695, 0.3053, -0.23971], [-1.30116, 0.29323, -0.24101], [-1.31507, 0.28057, -0.24222], [-1.32818, 0.26677, -0.24317], [-1.33959, 0.25237, -0.24383], [-1.35057, 0.23751, -0.24444], [-1.36092, 0.22159, -0.24494], [-1.36906, 0.18404, -0.24371], [-1.37385, 0.15065, -0.24245], [-1.37601, 0.1231, -0.24125], [-1.3744, 0.09259, -0.23914], [-1.37364, 0.0638, -0.23763], [-1.37142, 0.03699, -0.23608], [-1.35787, 0.0216, -0.23079], [-1.34381, 0.01411, -0.2245], [-1.33005, 0.00704, -0.21731]], "2-5": [[-0.48227, 0.13951, 0.15975], [-0.54888, 0.15401, 0.03589], [-0.52715, 0.17538, -0.1215], [-0.44415, 0.29742, -0.23488], [-0.39522, 0.36743, -0.24878], [-0.34569, 0.45006, -0.23183], [-0.35788, 0.5623, -0.18984], [-0.32261, 0.60023, -0.12925], [-0.347, 0.6551, -0.06892], [-0.38108, 0.69222, 0.0], [-0.30725, 0.63493, 0.00313], [-0.24772, 0.57775, 0.00696], [-0.19127, 0.51138, 0.00871], [-0.1435, 0.4418, 0.01234], [-0.10018, 0.3619, 0.01603], [-0.07565, 0.30609, 0.00976], [-0.0518, 0.2366, 0.00585], [-0.03423, 0.16795, 0.01092], [0.0, 0.0886, 0.12597], [0.04018, -0.06947, -0.09647], [0.07389, -0.06015, -0.15453], [0.13037, -0.09225, -0.20428], [0.24721, -0.07111, -0.24767], [0.37496, -0.05083, -0.22519], [0.47147, -0.03078, -0.14282], [0.51434, -0.02854, -0.03276], [0.49904, -0.01139, 0.08902], [0.42947, 0.0, 0.18802]], "1-5": [[-0.93625, 0.42957, -0.19391], [-0.84553, 0.35465, -0.07426], [-0.7492, 0.34389, 0.09142], [-0.61793, 0.3844, 0.20656], [-0.51396, 0.40929, 0.24214], [-0.37194, 0.40573, 0.2453], [-0.23929, 0.35963, 0.21563], [-0.15097, 0.29906, 0.17567], [-0.07197, 0.21303, 0.11048], [0.0, -0.1485, -0.04081], [0.08645, -0.31642, -0.05607], [0.13168, -0.40519, -0.06503], [0.22111, -0.52749, -0.08074], [0.35414, -0.64432, -0.10368], [0.52048, -0.74144, -0.11093], [0.70016, -0.78837, -0.13041], [1.23176, -0.66436, -0.18209], [1.55425, -0.13767, -0.2198], [1.39447, 0.36958, -0.24183], [0.91119, 0.57589, -0.24838], [0.54739, 0.38261, -0.22825], [0.42947, 0.0, -0.18802], [0.50559, 0.0, -0.06895], [0.50542, 0.0, 0.06952], [0.42947, 0.0, 0.18802]], "3-4": [[0.0, 0.11497, -0.10246], [-0.1502, 0.42187, 0.08874], [-0.34846, 0.6066, 0.14736], [-0.61879, 0.71385, 0.18982], [-0.73956, 0.70297, 0.21754], [-0.88443, 0.67114, 0.23581], [-0.9941, 0.58771, 0.24855], [-1.05963, 0.51919, 0.24621], [-1.08327, 0.46627, 0.23724], [-1.13072, 0.39312, 0.22093], [-1.14627, 0.35669, 0.20943], [-1.15553, 0.32663, 0.19764], [-1.17081, 0.29547, 0.18822], [-1.17284, 0.26131, 0.16759], [-1.1743, 0.23016, 0.1454], [-1.18466, 0.20305, 0.13577], [-1.18326, 0.17455, 0.10829], [-1.18937, 0.12491, 0.06895], [-1.18969, 0.09768, 0.02605], [-1.19204, 0.08522, -0.01279], [-1.20625, 0.05378, -0.06241], [-1.22371, 0.02816, -0.10307], [-1.25264, -0.01737, -0.15036], [-1.28848, -0.00222, -0.18818], [-1.33005, 0.00704, -0.21731]], "4-5": [[-1.33005, 0.00704, -0.21731], [-1.23481, 0.09186, -0.14045], [-1.14888, 0.19009, -0.03972], [-1.07074, 0.28078, 0.06329], [-1.0108, 0.34258, 0.12062], [-0.95654, 0.39593, 0.16685], [-0.89361, 0.45606, 0.20899], [-0.8615, 0.49519, 0.22903], [-0.77984, 0.52861, 0.24196], [-0.67843, 0.54809, 0.24831], [-0.62373, 0.54979, 0.24872], [-0.56825, 0.54665, 0.24734], [-0.53849, 0.55313, 0.24432], [-0.51517, 0.56215, 0.23971], [-0.4841, 0.55833, 0.23553], [-0.45146, 0.55036, 0.23098], [-0.39225, 0.5429, 0.21594], [-0.29249, 0.4939, 0.19121], [-0.22673, 0.4454, 0.17071], [-0.12465, 0.33603, 0.12492], [-0.07973, 0.26433, 0.09112], [0.0, -0.05757, -0.14284], [1.06873, -0.63245, -0.23751], [1.13949, 0.27288, -0.14671], [0.42947, 0.0, 0.18802]]}}