{"graph": "k5", "genus": 2, "class": 19, "representative": {"1": [2, 3, 4, 5], "2": [1, 3, 4, 5], "3": [1, 2, 5, 4], "4": [1, 3, 5, 2], "5": [1, 4, 2, 3]}, "vertices": {"1": [-0.11144, 0.0, 0.1945], "2": [-0.11144, 0.0, -0.1945], "3": [1.18077, -0.77709, 0.0], "4": [-0.43803, 0.03338, 0.18148], "5": [0.0818, 0.32188, 0.0]}, "edges": {"1-2": [[-0.11144, 0.0, 0.1945], [-0.29054, -0.51065, 0.18001], [-0.76426, -0.76422, 0.17409], [-1.30235, -0.63647, 0.1681], [-1.46571, -0.50062, 0.15532], [-1.59855, -0.30392, 0.13749], [-1.65863, -0.10517, 0.12636], [-1.66943, -0.0464, 0.11703], [-1.67454, 0.00543, 0.10959], [-1.67262, 0.06858, 0.10765], [-1.67478, 0.06571, 0.10356], [-1.67718, 0.05858, 0.09942], [-1.67978, 0.04566, 0.09523], [-1.68357, 0.00321, 0.0889], [-1.68157, -0.04852, 0.09038], [-1.67599, -0.10069, 0.09248], [-1.64469, -0.24668, 0.09166], [-1.59492, -0.37621, 0.08371], [-1.53072, -0.4882, 0.07195], [-1.29646, -0.71119, 0.05474], [-0.973, -0.83164, 0.02891], [-0.59897, -0.79995, 0.0], [-0.41021, -0.70843, -0.03556], [-0.25821, -0.57285, -0.07338], [-0.15009, -0.41156, -0.10117], [-0.10827, -0.27661, -0.13706], [-0.0935, -0.13709, -0.16608], [-0.11144, 0.0, -0.1945]], "2-3": [[-0.11144, 0.0, -0.1945], [-0.25238, 0.05639, -0.24821], [-0.41325, 0.06847, -0.20464], [-0.4997, 0.07107, -0.1036], [-0.52867, 0.09526, -0.00775], [-0.51239, 0.09685, 0.08835], [-0.47891, 0.11713, 0.15485], [-0.44485, 0.1367, 0.19354], [-0.40009, 0.1405, 0.22189], [-0.33648, 0.15785, 0.24438], [-0.31086, 0.18329, 0.24836], [-0.2838, 0.18784, 0.24846], [-0.25566, 0.18853, 0.2456], [-0.2292, 0.19217, 0.23986], [-0.20407, 0.20175, 0.2308], [-0.18274, 0.20269, 0.22136], [-0.14929, 0.18313, 0.2053], [-0.11381, 0.15446, 0.18295], [-0.09382, 0.15056, 0.16362], [-0.06387, 0.15886, 0.11915], [-0.04779, 0.14141, 0.09238], [0.0, -0.15079, 0.03133], [0.17638, -0.48806, -0.03199], [0.56506, -0.78654, -0.02712], [1.18077, -0.77709, 0.0]], "3-5": [[1.18077, -0.77709, 0.0], [0.56017, -0.78443, -0.02931], [0.17545, -0.48613, -0.03462], [0.0, -0.1533, 0.0147], [-0.1021, 0.21459, 0.15539], [-0.2552, 0.31927, 0.23171], [-0.45935, 0.35369, 0.24175], [-0.54543, 0.32904, 0.20707], [-0.60543, 0.30373, 0.15225], [-0.69622, 0.31389, 0.06975], [-0.72982, 0.31996, 0.02687], [-0.75919, 0.32993, -0.02351], [-0.77463, 0.34739, -0.08202], [-0.79951, 0.36481, -0.11085], [-0.80329, 0.38715, -0.14631], [-0.80815, 0.4127, -0.1753], [-0.87398, 0.47234, -0.21806], [-0.94044, 0.53216, -0.24286], [-0.99685, 0.57231, -0.24875], [-1.10046, 0.63644, -0.23254], [-1.1709, 0.68252, -0.19206], [-1.20071, 0.71825, -0.14366], [-1.29892, 0.6917, -0.10075], [-1.27216, 0.72661, -0.05058], [-1.35328, 0.68048, 0.0], [-0.708, 0.82576, 0.02889], [-0.22245, 0.54729, 0.02929], [0.0, 0.11813, 0.09881], [0.05836, -0.07925, -0.13001], [0.15601, -0.05945, -0.22161], [0.30975, 0.0, -0.245], [0.16953, 0.09126, -0.22644], [0.08024, 0.1694, -0.14164], [0.0818, 0.32188, 0.0]], "1-3": [[-0.11144, 0.0, 0.1945], [-0.73938, -0.73846, 0.19401], [-1.58831, -0.23446, 0.17796], [-1.26739, 0.67239, 0.15522], [-0.71663, 0.79958, 0.11654], [-0.25292, 0.55978, 0.0882], [0.0, 0.14208, -0.05942], [0.07546, -0.21775, -0.11465], [0.16376, -0.29795, -0.18711], [0.25027, -0.33254, -0.22726], [0.3098, -0.35008, -0.24172], [0.37459, -0.35203, -0.2487], [0.43049, -0.33575, -0.2441], [0.49825, -0.337, -0.22834], [0.52568, -0.29747, -0.20167], [0.56153, -0.288, -0.17342], [0.62837, -0.28182, -0.09898], [0.6658, -0.28417, 0.0009], [0.68084, -0.31245, 0.08795], [0.6859, -0.40252, 0.19522], [0.72123, -0.52708, 0.24419], [0.77234, -0.65927, 0.23795], [0.91065, -0.74871, 0.19203], [1.01902, -0.80483, 0.09891], [1.18077, -0.77709, 0.0]], "2-4": [[-0.11144, 0.0, -0.1945], [-0.26557, 0.06202, -0.24874], [-0.43027, 0.0563, -0.19047], [-0.51163, 0.0681, -0.07089], [-0.52263, 0.07231, 0.01388], [-0.49831, 0.06975, 0.10598], [-0.46483, 0.09269, 0.16348], [-0.44135, 0.10487, 0.18895], [-0.40264, 0.09865, 0.21478], [-0.36015, 0.08573, 0.23334], [-0.34487, 0.08691, 0.23843], [-0.32963, 0.10212, 0.243], [-0.31475, 0.11816, 0.24623], [-0.3074, 0.12603, 0.24735], [-0.30055, 0.12482, 0.24796], [-0.29373, 0.12283, 0.24839], [-0.29252, 0.11925, 0.24841], [-0.29158, 0.11498, 0.24841], [-0.29068, 0.11071, 0.24842], [-0.30355, 0.10593, 0.24731], [-0.31964, 0.08601, 0.24444], [-0.33675, 0.0637, 0.23978], [-0.37577, 0.05832, 0.2252], [-0.41056, 0.05002, 0.20481], [-0.43803, 0.03338, 0.18148]], "1-5": [[-0.11144, 0.0, 0.1945], [-0.0607, 0.02206, 0.13926], [-0.03174, 0.00974, 0.08202], [0.0, -0.06519, 0.13953], [0.03632, -0.17543, -0.00497], [0.06743, -0.28472, -0.00136], [0.11709, -0.3965, 0.0], [0.06709, -0.25977, 0.06178], [0.05929, -0.12504, 0.12171], [0.07597, 0.0, 0.15991], [0.09887, 0.04273, 0.18267], [0.12682, 0.08888, 0.20208], [0.15731, 0.15163, 0.21484], [0.18299, 0.14108, 0.22861], [0.21374, 0.14621, 0.23897], [0.25506, 0.19783, 0.24502], [0.28704, 0.23192, 0.24755], [0.30455, 0.23083, 0.24865], [0.32108, 0.22386, 0.24859], [0.33309, 0.23091, 0.24812], [0.34774, 0.24346, 0.2474], [0.36904, 0.26812, 0.24646], [0.34465, 0.29571, 0.24878], [0.32492, 0.33077, 0.24619], [0.28911, 0.33839, 0.23863], [0.19148, 0.35635, 0.18686], [0.11852, 0.34378, 0.10834], [0.0818, 0.32188, 0.0]], "2-5": [[-0.11144, 0.0, -0.1945], [-0.11932, -0.22704, -0.17036], [-0.21069, -0.45525, -0.14829], [-0.36083, -0.63481, -0.12595], [-0.48394, -0.71951, -0.11801], [-0.62092, -0.77937, -0.11118], [-0.74109, -0.81034, -0.10286], [-0.83033, -0.81949, -0.10033], [-0.92881, -0.81819, -0.0976], [-1.02446, -0.80566, -0.09443], [-1.0715, -0.79457, -0.09436], [-1.11453, -0.7814, -0.09525], [-1.16096, -0.76613, -0.09186], [-1.20605, -0.74801, -0.08901], [-1.25003, -0.72721, -0.08614], [-1.30117, -0.69612, -0.08876], [-1.42233, -0.59677, -0.09862], [-1.49838, -0.51924, -0.09132], [-1.57778, -0.4077, -0.08414], [-1.66777, -0.20701, -0.05502], [-1.69838, 0.0229, -0.02552], [-1.65883, 0.25992, 0.0], [-1.02814, 0.82128, 0.03573], [-0.33225, 0.65061, 0.04486], [0.0, 0.13674, 0.07085], [0.07308, -0.08966, -0.14987], [0.20572, -0.07518, -0.2401], [0.39094, 0.0, -0.21545], [0.2133, 0.06656, -0.24224], [0.09975, 0.18214, -0.16254], [0.0818, 0.32188, 0.0]], "3-4": [[1.18077, -0.77709, 0.0], [1.04802, -0.81903, -0.01624], [0.91697, -0.83829, -0.02014], [0.78917, -0.83501, -0.03979], [0.79527, -0.83503, -0.04256], [0.80072, -0.83507, -0.04455], [0.80558, -0.83515, -0.04585], [0.83407, -0.83691, -0.04353], [0.86261, -0.83767, -0.04121], [0.89118, -0.83744, -0.03888], [0.91927, -0.83634, -0.03586], [0.94735, -0.83424, -0.03302], [0.97651, -0.83003, -0.03719], [1.01267, -0.82328, -0.04216], [1.04843, -0.81486, -0.0471], [1.08348, -0.80486, -0.05206], [1.16492, -0.77745, -0.05248], [1.24752, -0.74183, -0.04246], [1.31617, -0.70226, -0.0391], [1.39543, -0.64395, -0.03808], [1.47811, -0.566, -0.03293], [1.55426, -0.47008, -0.02951], [1.60376, -0.3878, -0.02573], [1.63555, -0.3205, -0.02141], [1.66029, -0.25335, -0.01753], [1.66165, -0.25026, -0.01104], [1.66284, -0.24711, -0.00454], [1.66378, -0.24416, 0.0], [0.9799, -0.39928, 0.17671], [0.59245, -0.46387, -0.24207], [0.0, 0.08358, -0.12935], [-1.0377, 0.71183, 0.20454], [-1.24253, -0.38119, 0.24339], [-0.49069, 0.0, 0.10794], [-0.4752, 0.00738, 0.1356], [-0.45653, 0.01811, 0.1611], [-0.43803, 0.03338, 0.18148]],