{"graph": "k5", "genus": 2, "class": 12, "representative": {"1": [2, 3, 4, 5], "2": [1, 3, 4, 5], "3": [1, 2, 5, 4], "4": [1, 2, 3, 5], "5": [1, 2, 4, 3]}, "vertices": {"1": [0.2436, 0.0, 0.24772], "2": [0.0, 0.14442, 0.05349], "3": [-1.45364, 0.59476, 0.0], "4": [-1.64135, -0.2748, 0.07572], "5": [1.08907, 0.80901, 0.0]}, "edges": {"1-2": [[0.2436, 0.0, 0.24772], [0.27812, -0.08226, 0.24871], [0.32164, -0.14536, 0.2462], [0.36027, -0.16784, 0.2398], [0.39932, -0.15501, 0.22444], [0.43587, -0.16416, 0.20661], [0.46495, -0.1619, 0.18492], [0.48529, -0.14624, 0.15924], [0.5134, -0.14965, 0.12373], [0.53785, -0.16149, 0.08728], [0.54353, -0.15553, 0.06286], [0.55015, -0.15639, 0.03541], [0.5571, -0.1646, 0.00998], [0.5566, -0.16418, -0.01472], [0.55132, -0.15928, -0.03726], [0.54474, -0.15736, -0.06179], [0.53065, -0.15569, -0.09711], [0.50228, -0.1598, -0.14583], [0.47003, -0.1689, -0.18313], [0.41463, -0.1762, -0.22091], [0.32498, -0.20477, -0.24793], [0.2465, -0.20039, -0.24328], [0.13034, -0.16569, -0.19474], [0.06058, -0.15261, -0.11534], [0.0, 0.14442, 0.05349]], "2-3": [[0.0, 0.14442, 0.05349], [0.0, 0.1477, 0.04362], [0.0, 0.15031, 0.03354], [0.0, 0.15223, 0.02332], [-0.07041, 0.28479, 0.03739], [-0.09532, 0.34355, 0.04343], [-0.14337, 0.43625, 0.03912], [-0.19991, 0.51807, 0.03771], [-0.26728, 0.59126, 0.04814], [-0.32879, 0.64636, 0.0505], [-0.35704, 0.66926, 0.04765], [-0.38631, 0.69089, 0.04478], [-0.41875, 0.71257, 0.04199], [-0.46553, 0.73984, 0.03984], [-0.50431, 0.75955, 0.03775], [-0.54087, 0.7759, 0.0357], [-0.5899, 0.79454, 0.03356], [-0.65674, 0.81341, 0.03831], [-0.72901, 0.82693, 0.04471], [-0.80854, 0.83579, 0.04337], [-0.88496, 0.83849, 0.03313], [-0.96206, 0.83332, 0.02664], [-1.13844, 0.79114, 0.03178], [-1.30646, 0.71181, 0.01198], [-1.45364, 0.59476, 0.0]], "3-5": [[-1.45364, 0.59476, 0.0], [-1.24082, 0.74753, 0.02872], [-0.98864, 0.82733, 0.04261], [-0.7591, 0.82561, 0.06808], [-0.62298, 0.79848, 0.06453], [-0.54231, 0.76584, 0.07763], [-0.43648, 0.71413, 0.07447], [-0.38299, 0.67602, 0.08338], [-0.33308, 0.63367, 0.09217], [-0.28365, 0.58906, 0.09234], [-0.26038, 0.56747, 0.0887], [-0.23796, 0.54492, 0.08503], [-0.21643, 0.52145, 0.08134], [-0.19606, 0.49734, 0.07771], [-0.17622, 0.47058, 0.07623], [-0.15722, 0.44177, 0.07622], [-0.12944, 0.39465, 0.07557], [-0.11228, 0.36133, 0.07529], [-0.09848, 0.33196, 0.07449], [-0.05779, 0.22303, 0.00435], [-0.0102, 0.07266, -0.11883], [0.0, 0.01558, -0.15322], [0.77837, -0.53823, -0.24408], [1.24879, -0.12737, 0.16944], [1.08907, 0.80901, 0.0]], "1-3": [[0.2436, 0.0, 0.24772], [1.04785, 0.33772, -0.14045], [1.36937, -0.50931, -0.21286], [0.0, -0.11162, 0.10611], [-0.05289, 0.14366, 0.1032], [-0.10212, 0.19755, 0.16084], [-0.19891, 0.29371, 0.21209], [-0.25906, 0.35569, 0.22553], [-0.34086, 0.39615, 0.24148], [-0.42942, 0.41506, 0.24873], [-0.47482, 0.42771, 0.24816], [-0.53529, 0.43781, 0.24412], [-0.59684, 0.44053, 0.23565], [-0.65111, 0.43678, 0.2238], [-0.69992, 0.42146, 0.20435], [-0.7394, 0.40451, 0.18113], [-0.78726, 0.37715, 0.13581], [-0.85971, 0.35374, 0.07046], [-0.92138, 0.33795, 0.00805], [-0.94532, 0.35016, -0.09068], [-1.01117, 0.38303, -0.17159], [-1.11305, 0.43374, -0.23208], [-1.24974, 0.52935, -0.23995], [-1.3166, 0.6428, -0.15222], [-1.45364, 0.59476, 0.0]], "2-4": [[0.0, 0.14442, 0.05349], [-0.06422, 0.27104, 0.02727], [-0.09345, 0.34286, 0.03445], [-0.15218, 0.45441, 0.02139], [-0.24187, 0.57008, 0.02295], [-0.33783, 0.65999, 0.01075], [-0.47703, 0.74944, 0.0], [-0.39389, 0.69482, -0.0499], [-0.33473, 0.62599, -0.10799], [-0.28743, 0.54808, -0.14867], [-0.2942, 0.52236, -0.17492], [-0.26696, 0.4719, -0.18647], [-0.25087, 0.41455, -0.20318], [-0.26174, 0.37359, -0.22212], [-0.27673, 0.34426, -0.23417], [-0.27325, 0.29585, -0.24047], [-0.3075, 0.23917, -0.24863], [-0.36164, 0.20267, -0.24254], [-0.40278, 0.11936, -0.21744], [-0.45255, 0.08525, -0.17466], [-0.48151, 0.0583, -0.13263], [-0.50583, 0.0444, -0.0772], [-0.51178, 0.03485, -0.05108], [-0.51496, 0.02341, -0.02411], [-0.51549, 0.01107, 0.00324], [-0.5149, 0.00822, 0.01621], [-0.51371, 0.00226, 0.02842], [-0.51194, 0.0, 0.04095], [-0.48732, -0.26413, -0.20802], [-0.65864, -0.68433, -0.21754], [-1.24074, -0.74944, 0.0], [-1.43971, -0.60612, 0.0284], [-1.55657, -0.45844, 0.0556], [-1.64135, -0.2748, 0.07572]], "1-4": [[0.2436, 0.0, 0.24772], [1.04453, 0.3263, -0.12181], [1.29744, -0.54341, -0.22508], [0.0, -0.14442, 0.05349], [-0.05703, 0.1796, 0.09629], [-0.09076, 0.25244, 0.12307], [-0.1652, 0.3672, 0.15754], [-0.23136, 0.44986, 0.17196], [-0.29269, 0.51697, 0.17745], [-0.3723, 0.5816, 0.18533], [-0.43724, 0.61949, 0.19295], [-0.5033, 0.65393, 0.19693], [-0.56822, 0.69321, 0.19105], [-0.62973, 0.72189, 0.18614], [-0.68243, 0.7357, 0.18687], [-0.73593, 0.74567, 0.18759], [-0.84795, 0.75588, 0.1874], [-0.97018, 0.74925, 0.18607], [-1.09087, 0.7219, 0.18537], [-1.22368, 0.67172, 0.17969], [-1.36675, 0.57066, 0.18014], [-1.52045, 0.4206, 0.15867], [-1.63611, 0.18272, 0.13936], [-1.68127, 0.01765, 0.09425], [-1.64135, -0.2748, 0.07572]], "2-5": [[0.0, 0.14442, 0.05349], [0.04723, -0.12553, -0.09728], [0.07286, -0.09903, -0.14808], [0.12542, -0.10614, -0.1994], [0.18545, -0.08041, -0.23349], [0.25669, -0.03898, -0.24853], [0.33463, 0.0, -0.23928], [0.29282, 0.12961, -0.24851], [0.28646, 0.28423, -0.24434], [0.3306, 0.44196, -0.22933], [0.36846, 0.51998, -0.21657], [0.42335, 0.57936, -0.21057], [0.48796, 0.6349, -0.20359], [0.56099, 0.69098, -0.1904], [0.64334, 0.73685, -0.17643], [0.74384, 0.77547, -0.15866], [0.87364, 0.79873, -0.13869], [1.02946, 0.79396, -0.11664], [1.18435, 0.75573, -0.0936], [1.26824, 0.72099, -0.0764], [1.37599, 0.65486, -0.05739], [1.44069, 0.60351, -0.03742], [1.33829, 0.68961, -0.02479], [1.20954, 0.76423, -0.01183], [1.08907, 0.80901, 0.0]], "1-5": [[0.2436, 0.0, 0.24772], [0.20843, -0.07991, 0.24067], [0.19163, -0.1827, 0.22803], [0.19672, -0.2822, 0.21365], [0.20692, -0.35869, 0.19711], [0.2343, -0.44664, 0.17631], [0.29836, -0.53544, 0.16871], [0.30668, -0.56902, 0.14717], [0.35255, -0.62091, 0.13517], [0.41112, -0.67283, 0.12365], [0.43603, -0.69642, 0.11146], [0.46243, -0.71848, 0.09892], [0.49034, -0.73894, 0.08609], [0.51537, -0.75519, 0.07468], [0.54515, -0.76907, 0.07155], [0.5755, -0.78175, 0.06841], [0.62154, -0.79936, 0.05967], [0.66735, -0.81495, 0.04423], [0.70556, -0.82536, 0.02848], [0.7301, -0.83054, 0.01803], [0.75486, -0.83454, 0.00754], [0.78128, -0.83753, 0.0], [1.51255, -0.52933, 0.0], [1.6594, 0.25815, 0.0], [1.08907, 0.80901, 0.0]], "3-4": [[-1.45364, 0.59476, 0.0], [-1.48396, 0.56282, 0.0], [-1.51255, 0.52933, 0.0], [-1.53936, 0.49439, 0.0], [-1.5643, 0.4581, 0.0], [-1.58731, 0.42056, 0.0], [-1.60832, 0.38186, 0.0], [-1.65989, -0.02128, -0.13502], [-1.47401, -0.33561, -0.22393], [-1.18978, -0.45362, -0.24686], [-1.06522, -0.45346, -0.23028], [-0.96058, -0.44219, -0.20659], [-0.88645, -0.40109, -0.16024], [-0.7938, -0.35864, -0.09992], [-0.74151, -0.32651, -0.04105], [-0.68471, -0.29789, 0.02741], [-0.55771, -0.24792, 0.14488], [-0.39633, -0.17561, 0.22885], [-0.20548, 0.0, 0.24117], [-0.26528, 0.00129, 0.24878], [-0.32477, 0.0049, 0.24188], [-0.38187, 0.00718, 0.22047], [-0.40088, 0.00506, 0.20941], [-0.41837, 0.00086, 0.19709], [-0.43504, 0.0, 0.18303], [-0.56722, -0.25491, -0.14099], [-0.80806, -0.66475, -0.23741], [-1.45364, -0.59476, 0.0], [-1.53874, -0.49279, 0.02681], [-1.59229, -0.39791, 0.05743], [-1.64135, -0.2748, 0.07572]],