{"graph": "k5", "genus": 2, "class": 28, "representative": {"1": [2, 3, 4, 5], "2": [1, 3, 5, 4], "3": [1, 2, 4, 5], "4": [1, 3, 2, 5], "5": [1, 4, 3, 2]}, "vertices": {"1": [-0.1632, 0.0, -0.2263], "2": [0.0, -0.07537, -0.1343], "3": [0.40819, -0.71018, 0.0], "4": [-1.45364, 0.59476, 0.0], "5": [0.40819, 0.71018, 0.0]}, "edges": {"1-2": [[-0.1632, 0.0, -0.2263], [-0.41169, -0.34313, -0.24712], [-0.74993, -0.44059, -0.20668], [-0.99583, -0.35694, -0.13334], [-1.08593, -0.27689, -0.08376], [-1.15116, -0.18191, -0.01866], [-1.20283, -0.06161, 0.05369], [-1.21761, 0.00025, 0.08555], [-1.23099, 0.09525, 0.13613], [-1.21818, 0.18375, 0.16203], [-1.19933, 0.23841, 0.17511], [-1.18237, 0.29392, 0.19439], [-1.14878, 0.33835, 0.20086], [-1.12362, 0.38326, 0.2142], [-1.0833, 0.43291, 0.22567], [-1.03973, 0.47274, 0.23338], [-0.92883, 0.54633, 0.24529], [-0.78011, 0.60813, 0.2479], [-0.6659, 0.62551, 0.24086], [-0.4054, 0.57403, 0.20618], [-0.15077, 0.381, 0.13055], [0.0, -0.05502, -0.14384], [0.0, -0.06195, -0.141], [0.0, -0.06875, -0.13781], [0.0, -0.07537, -0.1343], [0.0, -0.07537, -0.1343]], "2-3": [[0.0, -0.07537, -0.1343], [0.22045, -0.5065, -0.11107], [0.58825, -0.72715, -0.16793], [1.01406, -0.71012, -0.20926], [1.29041, -0.4882, -0.24162], [1.42571, -0.23721, -0.24779], [1.41513, 0.07088, -0.24677], [1.30358, 0.26261, -0.23692], [1.12178, 0.39239, -0.21792], [0.97589, 0.42393, -0.19652], [0.88202, 0.41277, -0.17286], [0.79282, 0.39345, -0.15652], [0.70764, 0.35246, -0.13526], [0.64392, 0.30301, -0.1146], [0.60595, 0.25978, -0.0954], [0.55891, 0.19778, -0.08713], [0.53406, 0.13136, -0.05788], [0.51953, 0.06413, -0.02996], [0.51533, 0.0, 0.0], [0.50595, -0.01887, 0.06944], [0.48134, -0.03769, 0.12868], [0.44887, -0.06646, 0.17485], [0.36938, -0.15417, 0.23586], [0.27429, -0.23693, 0.24579], [0.24759, -0.37166, 0.2162], [0.2795, -0.51644, 0.16765], [0.31186, -0.61569, 0.0917], [0.40819, -0.71018, 0.0]], "3-4": [[0.40819, -0.71018, 0.0], [0.19543, -0.51666, -0.01036], [0.07593, -0.30679, -0.01004], [0.0, -0.08498, 0.12844], [-0.09552, 0.10797, 0.17316], [-0.27496, 0.22073, 0.24672], [-0.47589, 0.24405, 0.20687], [-0.55894, 0.24475, 0.14064], [-0.63038, 0.26224, 0.04589], [-0.68812, 0.30739, -0.0629], [-0.70167, 0.33338, -0.10877], [-0.71597, 0.37287, -0.15696], [-0.74444, 0.41596, -0.18973], [-0.78731, 0.46316, -0.21586], [-0.82016, 0.50638, -0.234], [-0.8784, 0.55534, -0.24607], [-0.92717, 0.59814, -0.24859], [-1.04353, 0.635, -0.23903], [-1.11282, 0.67903, -0.21048], [-1.23573, 0.68496, -0.16125], [-1.41705, 0.60602, -0.09094], [-1.55825, 0.4673, 0.0], [-1.52619, 0.51204, 0.0], [-1.49127, 0.55459, 0.0], [-1.45364, 0.59476, 0.0], [-1.45364, 0.59476, 0.0]], "1-3": [[-0.1632, 0.0, -0.2263], [-0.10724, 0.1842, -0.17009], [-0.14044, 0.40481, -0.08901], [-0.26413, 0.59476, 0.0], [-0.18869, 0.50811, 0.00637], [-0.13113, 0.4211, 0.01232], [-0.08914, 0.33787, 0.01541], [-0.06102, 0.26576, 0.0088], [-0.04062, 0.1934, 0.01226], [0.0, 0.10277, 0.1147], [0.06788, -0.11869, -0.1372], [0.18276, -0.2127, -0.21984], [0.3315, -0.27015, -0.24878], [0.48191, -0.28162, -0.21693], [0.57287, -0.26805, -0.14749], [0.67714, -0.29548, -0.04068], [0.7497, -0.34114, 0.08407], [0.80528, -0.40183, 0.16414], [0.93561, -0.48608, 0.2277], [1.24501, -0.52687, 0.24122], [1.53618, -0.40172, 0.15432], [1.69337, 0.10542, 0.0], [1.64277, -0.30495, 0.0], [1.39588, -0.64739, 0.0], [1.01649, -0.82622, 0.0], [0.80902, -0.83964, 0.0], [0.59897, -0.79995, 0.0], [0.40819, -0.71018, 0.0]], "2-5": [[0.0, -0.07537, -0.1343], [0.0, -0.08182, -0.13047], [0.0, -0.08808, -0.12633], [0.0, -0.09413, -0.1219], [0.09481, -0.32736, -0.06938], [0.16452, -0.451, -0.07979], [0.29507, -0.59067, -0.10776], [0.34328, -0.63369, -0.10696], [0.3988, -0.67902, -0.09982], [0.45973, -0.71894, -0.09488], [0.48377, -0.73101, -0.09651], [0.50818, -0.74226, -0.09813], [0.53292, -0.7527, -0.09974], [0.55116, -0.75994, -0.10058], [0.56924, -0.76659, -0.10145], [0.58663, -0.77249, -0.1024], [0.6556, -0.79355, -0.10215], [0.71904, -0.80899, -0.09803], [0.79642, -0.82039, -0.09378], [1.00698, -0.80835, -0.0961], [1.24271, -0.71962, -0.10979], [1.48468, -0.53175, -0.09752], [1.66626, 0.17648, -0.08418], [1.2205, 0.75296, -0.05353], [0.40819, 0.71018, 0.0]], "1-4": [[-0.1632, 0.0, -0.2263], [-0.34429, -0.19926, -0.24546], [-0.54214, -0.30152, -0.19457], [-0.70785, -0.32857, -0.09308], [-0.77049, -0.3341, -0.03177], [-0.83387, -0.34521, 0.03563], [-0.88718, -0.35853, 0.08801], [-0.95524, -0.37359, 0.13871], [-1.00605, -0.3912, 0.17744], [-1.04625, -0.39659, 0.19562], [-1.06189, -0.40774, 0.20776], [-1.0837, -0.41702, 0.2187], [-1.13183, -0.41416, 0.22938], [-1.18524, -0.4075, 0.23865], [-1.22326, -0.40642, 0.2444], [-1.26226, -0.39873, 0.24751], [-1.34316, -0.38071, 0.24765], [-1.40348, -0.34661, 0.24303], [-1.46295, -0.31076, 0.23308], [-1.54643, -0.22427, 0.21158], [-1.6203, -0.07208, 0.17928], [-1.65216, -0.00687, 0.14663], [-1.63862, 0.25636, 0.09847], [-1.60895, 0.37017, 0.04802], [-1.45364, 0.59476, 0.0]], "3-5": [[0.40819, -0.71018, 0.0], [0.4692, -0.7454, 0.0], [0.53294, -0.77539, 0.0], [0.59897, -0.79995, 0.0], [0.64497, -0.81306, -0.01379], [0.69218, -0.82277, -0.02837], [0.73994, -0.82893, -0.04272], [0.82319, -0.83661, -0.04298], [0.90199, -0.83721, -0.03722], [0.982, -0.82875, -0.04021], [1.01874, -0.8213, -0.04658], [1.05406, -0.81227, -0.05305], [1.08473, -0.80259, -0.06003], [1.11048, -0.79326, -0.06598], [1.1439, -0.78194, -0.06576], [1.17901, -0.76879, -0.06386], [1.24013, -0.74148, -0.06009], [1.28281, -0.71675, -0.06403], [1.31932, -0.69205, -0.06946], [1.43609, -0.5981, -0.06954], [1.53222, -0.48545, -0.07325], [1.60659, -0.3585, -0.07604], [1.6251, 0.32361, -0.06762], [1.13793, 0.7904, -0.03788], [0.40819, 0.71018, 0.0]], "2-4": [[0.0, -0.07537, -0.1343], [-0.86751, 0.51033, 0.2349], [-1.26656, -0.07127, -0.17331], [-0.26413, -0.59476, 0.0], [-0.13416, -0.39633, 0.08535], [-0.11216, -0.19192, 0.17312], [-0.1632, 0.0, 0.2263], [-0.21194, 0.01687, 0.24266], [-0.26355, 0.03261, 0.24875], [-0.31093, 0.05754, 0.24532], [-0.35139, 0.04948, 0.23472], [-0.38896, 0.07088, 0.2195], [-0.42754, 0.09068, 0.19729], [-0.45644, 0.09896, 0.1739], [-0.47765, 0.0996, 0.15022], [-0.50068, 0.10816, 0.11958], [-0.52055, 0.12033, 0.08655], [-0.53939, 0.14048, 0.05182], [-0.55599, 0.16343, 0.01759], [-0.56552, 0.18459, -0.03886], [-0.56317, 0.21758, -0.10573], [-0.53714, 0.2374, -0.15761], [-0.56227, 0.36828, -0.21822], [-0.61587, 0.49959, -0.24605], [-0.68679, 0.62095, -0.24328], [-0.92278, 0.74347, -0.19548], [-1.20313, 0.74157, -0.10564], [-1.45364, 0.59476, 0.0]], "4-5": [[-1.45364, 0.59476, 0.0], [-1.39486, 0.64687, 0.02283], [-1.34018, 0.68519, 0.04322], [-1.27293, 0.72219, 0.06505], [-1.13872, 0.77859, 0.08161], [-1.02099, 0.81284, 0.07717], [-0.91755, 0.8275, 0.07487], [-0.83254, 0.82736, 0.08034], [-0.72988, 0.81624, 0.08437], [-0.65185, 0.79977, 0.08504], [-0.61424, 0.78804, 0.08771], [-0.57672, 0.77404, 0.09102], [-0.52655, 0.75542, 0.08731], [-0.46281, 0.72675, 0.08067], [-0.41336, 0.6969, 0.08221], [-0.37089, 0.66566, 0.08709], [-0.2909, 0.59769, 0.08934], [-0.2167, 0.52652, 0.07211], [-0.15458, 0.44539, 0.06181], [-0.10514, 0.3558, 0.06107], [-0.05955, 0.25458, 0.01621], [0.0, 0.13696, -0.07042], [0.76099, -0.47668, -0.22521], [1.29771, -0.03054, 0.1966], [0.40819, 0.71018, 0.0]],